{
  "meta": {
    "data_version": "1.1.0",
    "created": "2021-09-10",
    "revision": 1
  },
  "info": {
    "balls_per_over": 6,
    "city": "Leicester",
    "dates": [
      "2019-06-10",
      "2019-06-11",
      "2019-06-12",
      "2019-06-13"
    ],
    "event": {
      "name": "Specsavers County Championship",
      "group": 2
    },
    "gender": "male",
    "match_type": "MDM",
    "officials": {
      "umpires": [
        "SJ O'Shaughnessy",
        "UV Gandhe"
      ]
    },
    "outcome": {
      "result": "draw"
    },
    "players": {
      "Leicestershire": [
        "Hassan Azad",
        "PJ Horton",
        "ST Evans",
        "MJ Cosgrove",
        "CN Ackermann",
        "NJ Dexter",
        "HE Dearden",
        "HJ Swindells",
        "D Klein",
        "CJC Wright",
        "Mohammad Abbas"
      ],
      "Middlesex": [
        "SD Robson",
        "NRT Gubbins",
        "SS Eskinazi",
        "DJ Malan",
        "PR Stirling",
        "GFB Scott",
        "JA Simpson",
        "TS Roland-Jones",
        "TG Helm",
        "ST Finn",
        "TJ Murtagh"
      ]
    },
    "registry": {
      "people": {
        "CJC Wright": "6c908ffc",
        "CN Ackermann": "e734d090",
        "D Klein": "aeab0d4f",
        "DJ Malan": "ad9c32a2",
        "GFB Scott": "c2b6764d",
        "HE Dearden": "c41ba637",
        "HJ Swindells": "95fd757d",
        "Hassan Azad": "b9c7596f",
        "JA Simpson": "f05fe9b1",
        "MJ Cosgrove": "be768595",
        "Mohammad Abbas": "a089f93f",
        "NJ Dexter": "dc670143",
        "NRT Gubbins": "c1a89821",
        "PJ Horton": "6f4775f7",
        "PR Stirling": "cf494ffe",
        "SD Robson": "76cb1a7f",
        "SJ O'Shaughnessy": "4d4fdf4a",
        "SS Eskinazi": "75cbed9b",
        "ST Evans": "5ad508c9",
        "ST Finn": "ccdd8308",
        "TG Helm": "74a274cc",
        "TJ Murtagh": "c89474d1",
        "TS Roland-Jones": "6c6aca89",
        "UV Gandhe": "43dd4011"
      }
    },
    "season": "2019",
    "team_type": "club",
    "teams": [
      "Leicestershire",
      "Middlesex"
    ],
    "toss": {
      "uncontested": true,
      "decision": "field",
      "winner": "Middlesex"
    },
    "venue": "Grace Road, Leicester"
  },
  "innings": [
    {
      "team": "Leicestershire",
      "overs": [
        {
          "over": 0,
          "deliveries": [
            {
              "batter": "Hassan Azad",
              "bowler": "TJ Murtagh",
              "non_striker": "PJ Horton",
              "runs": {
                "batter": 0,
                "extras": 0,
                "total": 0
              }
            },
            {
              "batter": "Hassan Azad",
              "bowler": "TJ Murtagh",
              "non_striker": "PJ Horton",
              "runs": {
                "batter": 0,
                "extras": 0,
                "total": 0
              }
            },
            {
              "batter": "Hassan Azad",
              "bowler": "TJ Murtagh",
              "non_striker": "PJ Horton",
              "runs": {
                "batter": 4,
                "extras": 0,
                "total": 4
              }
            },
            {
              "batter": "Hassan Azad",
              "bowler": "TJ Murtagh",
              "non_striker": "PJ Horton",
              "runs": {
                "batter": 2,
                "extras": 0,
                "total": 2
              }
            },
            {
              "batter": "Hassan Azad",
              "bowler": "TJ Murtagh",
              "non_striker": "PJ Horton",
              "runs": {
                "batter": 0,
                "extras": 0,
                "total": 0
              }
            },
            {
              "batter": "Hassan Azad",
              "bowler": "TJ Murtagh",
              "non_striker": "PJ Horton",
              "runs": {
                "batter": 0,
                "extras": 0,
                "total": 0
              }
            }
          ]
        },
        {
          "over": 1,
          "deliveries": [
            {
              "batter": "PJ Horton",
              "bowler": "TG Helm",
              "non_striker": "Hassan Azad",
              "runs": {
                "batter": 0,
                "extras": 0,
                "total": 0
              }
            },
            {
              "batter": "PJ Horton",
              "bowler": "TG Helm",
              "non_striker": "Hassan Azad",
              "runs": {
                "batter": 0,
                "extras": 0,
                "total": 0
              }
            },
            {
              "batter": "PJ Horton",
              "bowler": "TG Helm",
              "non_striker": "Hassan Azad",
              "runs": {
                "batter": 0,
                "extras": 0,
                "total": 0
              }
            },
            {
              "batter": "PJ Horton",
              "bowler": "TG Helm",
              "non_striker": "Hassan Azad",
              "runs": {
                "batter": 0,
                "extras": 0,
                "total": 0
              }
            },
            {
              "batter": "PJ Horton",
              "bowler": "TG Helm",
              "non_striker": "Hassan Azad",
              "runs": {
                "batter": 0,
                "extras": 0,
                "total": 0
              }
            },
            {
              "batter": "PJ Horton",
              "bowler": "TG Helm",
              "non_striker": "Hassan Azad",
              "runs": {
                "batter": 0,
                "extras": 0,
                "total": 0
              }
            }
          ]
        },
        {
          "over": 2,
          "deliveries": [
            {
              "batter": "Hassan Azad",
              "bowler": "TJ Murtagh",
              "non_striker": "PJ Horton",
              "runs": {
                "batter": 1,
                "extras": 0,
                "total": 1
              }
            },
            {
              "batter": "PJ Horton",
              "bowler": "TJ Murtagh",
              "non_striker": "Hassan Azad",
              "runs": {
                "batter": 0,
                "extras": 0,
                "total": 0
              }
            },
            {
              "batter": "PJ Horton",
              "bowler": "TJ Murtagh",
              "non_striker": "Hassan Azad",
              "runs": {
                "batter": 0,
                "extras": 0,
                "total": 0
              }
            },
            {
              "batter": "PJ Horton",
              "bowler": "TJ Murtagh",
              "non_striker": "Hassan Azad",
              "runs": {
                "batter": 0,
                "extras": 0,
                "total": 0
              },
              "wickets": [
                {
                  "player_out": "PJ Horton",
                  "kind": "run out"
                }
              ]
            },
            {
              "batter": "Hassan Azad",
              "bowler": "TJ Murtagh",
              "non_striker": "ST Evans",
              "runs": {
                "batter": 0,
                "extras": 0,
                "total": 0
              }
            },
            {
              "batter": "Hassan Azad",
              "bowler": "TJ Murtagh",
              "non_striker": "ST Evans",
              "runs": {
                "batter": 4,
                "extras": 0,
                "total": 4
              }
            }
          ]
        },
        {
          "over": 3,
          "deliveries": [
            {
              "batter": "ST Evans",
              "bowler": "TG Helm",
              "non_striker": "Hassan Azad",
              "runs": {
                "batter": 0,
                "extras": 0,
                "total": 0
              }
            },
            {
              "batter": "ST Evans",
              "bowler": "TG Helm",
              "non_striker": "Hassan Azad",
              "runs": {
                "batter": 0,
                "extras": 0,
                "total": 0
              }
            },
            {
              "batter": "ST Evans",
              "bowler": "TG Helm",
              "non_striker": "Hassan Azad",
              "runs": {
                "batter": 0,
                "extras": 0,
                "total": 0
              }
            },
            {
              "batter": "ST Evans",
              "bowler": "TG Helm",
              "non_striker": "Hassan Azad",
              "runs": {
                "batter": 1,
                "extras": 0,
                "total": 1
              }
            },
            {
              "batter": "Hassan Azad",
              "bowler": "TG Helm",
              "non_striker": "ST Evans",
              "runs": {
                "batter": 0,
                "extras": 0,
                "total": 0
              }
            },
            {
              "batter": "Hassan Azad",
              "bowler": "TG Helm",
              "non_striker": "ST Evans",
              "runs": {
                "batter": 0,
                "extras": 0,
                "total": 0
              }
            }
          ]
        },
        {
          "over": 4,
          "deliveries": [
            {
              "batter": "ST Evans",
              "bowler": "TJ Murtagh",
              "non_striker": "Hassan Azad",
              "runs": {
                "batter": 0,
                "extras": 0,
                "total": 0
              }
            },
            {
              "batter": "ST Evans",
              "bowler": "TJ Murtagh",
              "non_striker": "Hassan Azad",
              "runs": {
                "batter": 0,
                "extras": 0,
                "total": 0
              },
              "wickets": [
                {
                  "player_out": "ST Evans",
                  "kind": "bowled"
                }
              ]
            },
            {
              "batter": "MJ Cosgrove",
              "bowler": "TJ Murtagh",
              "non_striker": "Hassan Azad",
              "runs": {
                "batter": 4,
                "extras": 0,
                "total": 4
              }
            },
            {
              "batter": "MJ Cosgrove",
              "bowler": "TJ Murtagh",
              "non_striker": "Hassan Azad",
              "runs": {
                "batter": 1,
                "extras": 0,
                "total": 1
              }
            },
            {
              "batter": "Hassan Azad",
              "bowler": "TJ Murtagh",
              "non_striker": "MJ Cosgrove",
              "runs": {
                "batter": 2,
                "extras": 0,
                "total": 2
              }
            },
            {
              "batter": "Hassan Azad",
              "bowler": "TJ Murtagh",
              "non_striker": "MJ Cosgrove",
              "runs": {
                "batter": 0,
                "extras": 0,
                "total": 0
              }
            }
          ]
        },
        {
          "over": 5,
          "deliveries": [
            {
              "batter": "MJ Cosgrove",
              "bowler": "TG Helm",
              "non_striker": "Hassan Azad",
              "runs": {
                "batter": 0,
                "extras": 0,
                "total": 0
              }
            },
            {
              "batter": "MJ Cosgrove",
              "bowler": "TG Helm",
              "non_striker": "Hassan Azad",
              "runs": {
                "batter": 0,
                "extras": 0,
                "total": 0
              }
            },
            {
              "batter": "MJ Cosgrove",
              "bowler": "TG Helm",
              "non_striker": "Hassan Azad",
              "runs": {
                "batter": 0,
                "extras": 0,
                "total": 0
              }
            },
            {
              "batter": "MJ Cosgrove",
              "bowler": "TG Helm",
              "non_striker": "Hassan Azad",
              "runs": {
                "batter": 0,
                "extras": 0,
                "total": 0
              }
            },
            {
              "batter": "MJ Cosgrove",
              "bowler": "TG Helm",
              "non_striker": "Hassan Azad",
              "runs": {
                "batter": 0,
                "extras": 0,
                "total": 0
              }
            },
            {
              "batter": "MJ Cosgrove",
              "bowler": "TG Helm",
              "non_striker": "Hassan Azad",
              "runs": {
                "batter": 0,
                "extras": 0,
                "total": 0
              }
            }
          ]
        },
        {
          "over": 6,
          "deliveries": [
            {
              "batter": "Hassan Azad",
              "bowler": "TJ Murtagh",
              "non_striker": "MJ Cosgrove",
              "runs": {
                "batter": 0,
                "extras": 0,
                "total": 0
              }
            },
            {
              "batter": "Hassan Azad",
              "bowler": "TJ Murtagh",
              "non_striker": "MJ Cosgrove",
              "runs": {
                "batter": 0,
                "extras": 0,
                "total": 0
              }
            },
            {
              "batter": "Hassan Azad",
              "bowler": "TJ Murtagh",
              "non_striker": "MJ Cosgrove",
              "runs": {
                "batter": 0,
                "extras": 0,
                "total": 0
              }
            },
            {
              "batter": "Hassan Azad",
              "bowler": "TJ Murtagh",
              "non_striker": "MJ Cosgrove",
              "runs": {
                "batter": 4,
                "extras": 0,
                "total": 4
              }
            },
            {
              "batter": "Hassan Azad",
              "bowler": "TJ Murtagh",
              "non_striker": "MJ Cosgrove",
              "runs": {
                "batter": 0,
                "extras": 0,
                "total": 0
              }
            },
            {
              "batter": "Hassan Azad",
              "bowler": "TJ Murtagh",
              "non_striker": "MJ Cosgrove",
              "runs": {
                "batter": 0,
                "extras": 0,
                "total": 0
              }
            }
          ]
        },
        {
          "over": 7,
          "deliveries": [
            {
              "batter": "MJ Cosgrove",
              "bowler": "TG Helm",
              "non_striker": "Hassan Azad",
              "runs": {
                "batter": 0,
                "extras": 0,
                "total": 0
              }
            },
            {
              "batter": "MJ Cosgrove",
              "bowler": "TG Helm",
              "non_striker": "Hassan Azad",
              "runs": {
                "batter": 0,
                "extras": 0,
                "total": 0
              }
            },
            {
              "batter": "MJ Cosgrove",
              "bowler": "TG Helm",
              "non_striker": "Hassan Azad",
              "runs": {
                "batter": 0,
                "extras": 0,
                "total": 0
              }
            },
            {
              "batter": "MJ Cosgrove",
              "bowler": "TG Helm",
              "non_striker": "Hassan Azad",
              "runs": {
                "batter": 0,
                "extras": 0,
                "total": 0
              }
            },
            {
              "batter": "MJ Cosgrove",
              "bowler": "TG Helm",
              "non_striker": "Hassan Azad",
              "runs": {
                "batter": 0,
                "extras": 0,
                "total": 0
              }
            },
            {
              "batter": "MJ Cosgrove",
              "bowler": "TG Helm",
              "non_striker": "Hassan Azad",
              "runs": {
                "batter": 4,
                "extras": 0,
                "total": 4
              }
            }
          ]
        },
        {
          "over": 8,
          "deliveries": [
            {
              "batter": "Hassan Azad",
              "bowler": "TJ Murtagh",
              "non_striker": "MJ Cosgrove",
              "runs": {
                "batter": 0,
                "extras": 0,
                "total": 0
              }
            },
            {
              "batter": "Hassan Azad",
              "bowler": "TJ Murtagh",
              "non_striker": "MJ Cosgrove",
              "runs": {
                "batter": 0,
                "extras": 0,
                "total": 0
              }
            },
            {
              "batter": "Hassan Azad",
              "bowler": "TJ Murtagh",
              "non_striker": "MJ Cosgrove",
              "runs": {
                "batter": 0,
                "extras": 0,
                "total": 0
              }
            },
            {
              "batter": "Hassan Azad",
              "bowler": "TJ Murtagh",
              "non_striker": "MJ Cosgrove",
              "runs": {
                "batter": 0,
                "extras": 0,
                "total": 0
              }
            },
            {
              "batter": "Hassan Azad",
              "bowler": "TJ Murtagh",
              "non_striker": "MJ Cosgrove",
              "runs": {
                "batter": 0,
                "extras": 0,
                "total": 0
              }
            },
            {
              "batter": "Hassan Azad",
              "bowler": "TJ Murtagh",
              "non_striker": "MJ Cosgrove",
              "runs": {
                "batter": 0,
                "extras": 0,
                "total": 0
              }
            }
          ]
        },
        {
          "over": 9,
          "deliveries": [
            {
              "batter": "MJ Cosgrove",
              "bowler": "TG Helm",
              "non_striker": "Hassan Azad",
              "runs": {
                "batter": 0,
                "extras": 0,
                "total": 0
              }
            },
            {
              "batter": "MJ Cosgrove",
              "bowler": "TG Helm",
              "non_striker": "Hassan Azad",
              "runs": {
                "batter": 0,
                "extras": 0,
                "total": 0
              }
            },
            {
              "batter": "MJ Cosgrove",
              "bowler": "TG Helm",
              "non_striker": "Hassan Azad",
              "runs": {
                "batter": 0,
                "extras": 0,
                "total": 0
              }
            },
            {
              "batter": "MJ Cosgrove",
              "bowler": "TG Helm",
              "non_striker": "Hassan Azad",
              "runs": {
                "batter": 4,
                "extras": 0,
                "total": 4
              }
            },
            {
              "batter": "MJ Cosgrove",
              "bowler": "TG Helm",
              "non_striker": "Hassan Azad",
              "runs": {
                "batter": 0,
                "extras": 0,
                "total": 0
              }
            },
            {
              "batter": "MJ Cosgrove",
              "bowler": "TG Helm",
              "non_striker": "Hassan Azad",
              "runs": {
                "batter": 0,
                "extras": 0,
                "total": 0
              },
              "wickets": [
                {
                  "player_out": "MJ Cosgrove",
                  "fielders": [
                    {
                      "name": "DJ Malan"
                    }
                  ],
                  "kind": "caught"
                }
              ]
            }
          ]
        },
        {
          "over": 10,
          "deliveries": [
            {
              "batter": "Hassan Azad",
              "bowler": "TJ Murtagh",
              "non_striker": "CN Ackermann",
              "runs": {
                "batter": 0,
                "extras": 0,
                "total": 0
              }
            },
            {
              "batter": "Hassan Azad",
              "bowler": "TJ Murtagh",
              "extras": {
                "legbyes": 1
              },
              "non_striker": "CN Ackermann",
              "runs": {
                "batter": 0,
                "extras": 1,
                "total": 1
              }
            },
            {
              "batter": "CN Ackermann",
              "bowler": "TJ Murtagh",
              "non_striker": "Hassan Azad",
              "runs": {
                "batter": 0,
                "extras": 0,
                "total": 0
              }
            },
            {
              "batter": "CN Ackermann",
              "bowler": "TJ Murtagh",
              "non_striker": "Hassan Azad",
              "runs": {
                "batter": 0,
                "extras": 0,
                "total": 0
              }
            },
            {
              "batter": "CN Ackermann",
              "bowler": "TJ Murtagh",
              "non_striker": "Hassan Azad",
              "runs": {
                "batter": 0,
                "extras": 0,
                "total": 0
              }
            },
            {
              "batter": "CN Ackermann",
              "bowler": "TJ Murtagh",
              "non_striker": "Hassan Azad",
              "runs": {
                "batter": 4,
                "extras": 0,
                "total": 4
              }
            }
          ]
        }
      ]
    }
  ]
}