{
  "meta": {
    "data_version": "1.0.0",
    "created": "2019-04-22",
    "revision": 1
  },
  "info": {
    "balls_per_over": 6,
    "city": "Perth",
    "dates": [
      "2018-12-26"
    ],
    "event": {
      "name": "Big Bash League",
      "match_number": 9
    },
    "gender": "male",
    "match_type": "T20",
    "officials": {
      "match_referees": [
        "D Talalla"
      ],
      "reserve_umpires": [
        "J Hewitt"
      ],
      "tv_umpires": [
        "JD Ward"
      ],
      "umpires": [
        "PJ Gillespie",
        "GC Joshua"
      ]
    },
    "outcome": {
      "winner": "Perth Scorchers",
      "by": {
        "wickets": 7
      }
    },
    "overs": 20,
    "player_of_match": [
      "JA Richardson"
    ],
    "players": {
      "Adelaide Strikers": [
        "AT Carey",
        "J Weatherald",
        "CA Ingram",
        "MW Short",
        "JW Wells",
        "JS Lehmann",
        "MG Neser",
        "C Valente",
        "Rashid Khan",
        "B Laughlin",
        "B Stanlake"
      ],
      "Perth Scorchers": [
        "M Klinger",
        "JP Inglis",
        "WG Bosisto",
        "AJ Turner",
        "HWR Cartwright",
        "AC Agar",
        "DJ Willey",
        "NM Coulter-Nile",
        "AJ Tye",
        "JA Richardson",
        "JP Behrendorff"
      ]
    },
    "registry": {
      "people": {
        "AC Agar": "a2421394",
        "AJ Turner": "ff1e12a0",
        "AJ Tye": "7c7d63a2",
        "AT Carey": "69d03465",
        "B Laughlin": "b2a79f17",
        "B Stanlake": "6834d1f2",
        "C Valente": "137e7065",
        "CA Ingram": "c995d726",
        "D Talalla": "dcfe6cdd",
        "DJ Willey": "7f048519",
        "GC Joshua": "4c47ebf2",
        "HWR Cartwright": "ab965cad",
        "J Hewitt": "bfe1c25f",
        "J Weatherald": "edc7ddb6",
        "JA Richardson": "1ee08e9a",
        "JD Ward": "511299c1",
        "JP Behrendorff": "4933f499",
        "JP Inglis": "989889ff",
        "JS Lehmann": "c96a215f",
        "JW Wells": "8bdac857",
        "M Klinger": "b970a03f",
        "MG Neser": "0164b064",
        "MW Short": "a90e53ec",
        "NM Coulter-Nile": "56ab442f",
        "PJ Gillespie": "3e253a50",
        "Rashid Khan": "5f547c8b",
        "WG Bosisto": "04ef663a"
      }
    },
    "season": "2018/19",
    "team_type": "club",
    "teams": [
      "Perth Scorchers",
      "Adelaide Strikers"
    ],
    "toss": {
      "decision": "field",
      "winner": "Perth Scorchers"
    },
    "venue": "Perth Stadium"
  },
  "innings": [
    {
      "team": "Adelaide Strikers",
      "overs": [
        {
          "over": 0,
          "deliveries": [
            {
              "batter": "AT Carey",
              "bowler": "JP Behrendorff",
              "non_striker": "J Weatherald",
              "runs": {
                "batter": 0,
                "extras": 0,
                "total": 0
              }
            },
            {
              "batter": "AT Carey",
              "bowler": "JP Behrendorff",
              "non_striker": "J Weatherald",
              "runs": {
                "batter": 1,
                "extras": 0,
                "total": 1
              }
            },
            {
              "batter": "J Weatherald",
              "bowler": "JP Behrendorff",
              "non_striker": "AT Carey",
              "runs": {
                "batter": 0,
                "extras": 0,
                "total": 0
              }
            },
            {
              "batter": "J Weatherald",
              "bowler": "JP Behrendorff",
              "non_striker": "AT Carey",
              "runs": {
                "batter": 1,
                "extras": 0,
                "total": 1
              }
            },
            {
              "batter": "AT Carey",
              "bowler": "JP Behrendorff",
              "non_striker": "J Weatherald",
              "runs": {
                "batter": 0,
                "extras": 0,
                "total": 0
              }
            },
            {
              "batter": "AT Carey",
              "bowler": "JP Behrendorff",
              "non_striker": "J Weatherald",
              "runs": {
                "batter": 0,
                "extras": 0,
                "total": 0
              }
            }
          ]
        },
        {
          "over": 1,
          "deliveries": [
            {
              "batter": "J Weatherald",
              "bowler": "NM Coulter-Nile",
              "non_striker": "AT Carey",
              "runs": {
                "batter": 0,
                "extras": 0,
                "total": 0
              }
            },
            {
              "batter": "J Weatherald",
              "bowler": "NM Coulter-Nile",
              "non_striker": "AT Carey",
              "runs": {
                "batter": 4,
                "extras": 0,
                "total": 4
              }
            },
            {
              "batter": "J Weatherald",
              "bowler": "NM Coulter-Nile",
              "non_striker": "AT Carey",
              "runs": {
                "batter": 4,
                "extras": 0,
                "total": 4
              }
            },
            {
              "batter": "J Weatherald",
              "bowler": "NM Coulter-Nile",
              "non_striker": "AT Carey",
              "runs": {
                "batter": 0,
                "extras": 0,
                "total": 0
              }
            },
            {
              "batter": "J Weatherald",
              "bowler": "NM Coulter-Nile",
              "non_striker": "AT Carey",
              "runs": {
                "batter": 0,
                "extras": 0,
                "total": 0
              }
            },
            {
              "batter": "J Weatherald",
              "bowler": "NM Coulter-Nile",
              "non_striker": "AT Carey",
              "runs": {
                "batter": 1,
                "extras": 0,
                "total": 1
              }
            }
          ]
        },
        {
          "over": 2,
          "deliveries": [
            {
              "batter": "J Weatherald",
              "bowler": "JP Behrendorff",
              "non_striker": "AT Carey",
              "runs": {
                "batter": 0,
                "extras": 0,
                "total": 0
              }
            },
            {
              "batter": "J Weatherald",
              "bowler": "JP Behrendorff",
              "non_striker": "AT Carey",
              "runs": {
                "batter": 1,
                "extras": 0,
                "total": 1
              }
            },
            {
              "batter": "AT Carey",
              "bowler": "JP Behrendorff",
              "non_striker": "J Weatherald",
              "runs": {
                "batter": 0,
                "extras": 0,
                "total": 0
              }
            },
            {
              "batter": "AT Carey",
              "bowler": "JP Behrendorff",
              "non_striker": "J Weatherald",
              "runs": {
                "batter": 0,
                "extras": 0,
                "total": 0
              }
            },
            {
              "batter": "AT Carey",
              "bowler": "JP Behrendorff",
              "non_striker": "J Weatherald",
              "runs": {
                "batter": 0,
                "extras": 0,
                "total": 0
              }
            },
            {
              "batter": "AT Carey",
              "bowler": "JP Behrendorff",
              "non_striker": "J Weatherald",
              "runs": {
                "batter": 1,
                "extras": 0,
                "total": 1
              }
            }
          ]
        },
        {
          "over": 3,
          "deliveries": [
            {
              "batter": "AT Carey",
              "bowler": "DJ Willey",
              "non_striker": "J Weatherald",
              "runs": {
                "batter": 0,
                "extras": 0,
                "total": 0
              }
            },
            {
              "batter": "AT Carey",
              "bowler": "DJ Willey",
              "non_striker": "J Weatherald",
              "runs": {
                "batter": 1,
                "extras": 0,
                "total": 1
              }
            },
            {
              "batter": "J Weatherald",
              "bowler": "DJ Willey",
              "non_striker": "AT Carey",
              "runs": {
                "batter": 0,
                "extras": 0,
                "total": 0
              }
            },
            {
              "batter": "J Weatherald",
              "bowler": "DJ Willey",
              "non_striker": "AT Carey",
              "runs": {
                "batter": 4,
                "extras": 0,
                "total": 4
              }
            },
            {
              "batter": "J Weatherald",
              "bowler": "DJ Willey",
              "non_striker": "AT Carey",
              "runs": {
                "batter": 0,
                "extras": 0,
                "total": 0
              }
            },
            {
              "batter": "J Weatherald",
              "bowler": "DJ Willey",
              "non_striker": "AT Carey",
              "runs": {
                "batter": 1,
                "extras": 0,
                "total": 1
              }
            }
          ]
        },
        {
          "over": 4,
          "deliveries": [
            {
              "batter": "J Weatherald",
              "bowler": "JP Behrendorff",
              "non_striker": "AT Carey",
              "runs": {
                "batter": 0,
                "extras": 0,
                "total": 0
              }
            },
            {
              "batter": "J Weatherald",
              "bowler": "JP Behrendorff",
              "non_striker": "AT Carey",
              "runs": {
                "batter": 6,
                "extras": 0,
                "total": 6
              }
            },
            {
              "batter": "J Weatherald",
              "bowler": "JP Behrendorff",
              "non_striker": "AT Carey",
              "runs": {
                "batter": 0,
                "extras": 0,
                "total": 0
              },
              "wickets": [
                {
                  "kind": "caught",
                  "player_out": "J Weatherald",
                  "fielders": [
                    {
                      "name": "AJ Tye"
                    }
                  ]
                }
              ]
            },
            {
              "batter": "AT Carey",
              "bowler": "JP Behrendorff",
              "non_striker": "CA Ingram",
              "runs": {
                "batter": 1,
                "extras": 0,
                "total": 1
              }
            },
            {
              "batter": "CA Ingram",
              "bowler": "JP Behrendorff",
              "non_striker": "AT Carey",
              "runs": {
                "batter": 1,
                "extras": 0,
                "total": 1
              }
            },
            {
              "batter": "AT Carey",
              "bowler": "JP Behrendorff",
              "non_striker": "CA Ingram",
              "runs": {
                "batter": 1,
                "extras": 0,
                "total": 1
              }
            }
          ]
        },
        {
          "over": 5,
          "deliveries": [
            {
              "batter": "AT Carey",
              "bowler": "DJ Willey",
              "non_striker": "CA Ingram",
              "runs": {
                "batter": 1,
                "extras": 0,
                "total": 1
              }
            },
            {
              "batter": "CA Ingram",
              "bowler": "DJ Willey",
              "non_striker": "AT Carey",
              "runs": {
                "batter": 1,
                "extras": 0,
                "total": 1
              }
            },
            {
              "batter": "AT Carey",
              "bowler": "DJ Willey",
              "non_striker": "CA Ingram",
              "runs": {
                "batter": 0,
                "extras": 0,
                "total": 0
              }
            },
            {
              "batter": "AT Carey",
              "bowler": "DJ Willey",
              "extras": {
                "wides": 1
              },
              "non_striker": "CA Ingram",
              "runs": {
                "batter": 0,
                "extras": 1,
                "total": 1
              }
            },
            {
              "batter": "AT Carey",
              "bowler": "DJ Willey",
              "extras": {
                "legbyes": 1
              },
              "non_striker": "CA Ingram",
              "runs": {
                "batter": 0,
                "extras": 1,
                "total": 1
              }
            },
            {
              "batter": "CA Ingram",
              "bowler": "DJ Willey",
              "non_striker": "AT Carey",
              "runs": {
                "batter": 0,
                "extras": 0,
                "total": 0
              }
            },
            {
              "batter": "CA Ingram",
              "bowler": "DJ Willey",
              "non_striker": "AT Carey",
              "runs": {
                "batter": 0,
                "extras": 0,
                "total": 0
              }
            }
          ]
        },
        {
          "over": 6,
          "deliveries": [
            {
              "batter": "AT Carey",
              "bowler": "JP Behrendorff",
              "non_striker": "CA Ingram",
              "runs": {
                "batter": 1,
                "extras": 0,
                "total": 1
              }
            },
            {
              "batter": "CA Ingram",
              "bowler": "JP Behrendorff",
              "non_striker": "AT Carey",
              "runs": {
                "batter": 0,
                "extras": 0,
                "total": 0
              }
            },
            {
              "batter": "CA Ingram",
              "bowler": "JP Behrendorff",
              "non_striker": "AT Carey",
              "runs": {
                "batter": 0,
                "extras": 0,
                "total": 0
              },
              "wickets": [
                {
                  "kind": "caught",
                  "player_out": "CA Ingram",
                  "fielders": [
                    {
                      "name": "AJ Turner"
                    }
                  ]
                }
              ]
            },
            {
              "batter": "AT Carey",
              "bowler": "JP Behrendorff",
              "non_striker": "MW Short",
              "runs": {
                "batter": 1,
                "extras": 0,
                "total": 1
              }
            },
            {
              "batter": "MW Short",
              "bowler": "JP Behrendorff",
              "non_striker": "AT Carey",
              "runs": {
                "batter": 0,
                "extras": 0,
                "total": 0
              }
            },
            {
              "batter": "MW Short",
              "bowler": "JP Behrendorff",
              "non_striker": "AT Carey",
              "runs": {
                "batter": 1,
                "extras": 0,
                "total": 1
              }
            }
          ]
        },
        {
          "over": 7,
          "deliveries": [
            {
              "batter": "MW Short",
              "bowler": "JA Richardson",
              "non_striker": "AT Carey",
              "runs": {
                "batter": 0,
                "extras": 0,
                "total": 0
              }
            },
            {
              "batter": "MW Short",
              "bowler": "JA Richardson",
              "non_striker": "AT Carey",
              "runs": {
                "batter": 0,
                "extras": 0,
                "total": 0
              }
            },
            {
              "batter": "MW Short",
              "bowler": "JA Richardson",
              "non_striker": "AT Carey",
              "runs": {
                "batter": 0,
                "extras": 0,
                "total": 0
              }
            },
            {
              "batter": "MW Short",
              "bowler": "JA Richardson",
              "non_striker": "AT Carey",
              "runs": {
                "batter": 0,
                "extras": 0,
                "total": 0
              },
              "wickets": [
                {
                  "kind": "bowled",
                  "player_out": "MW Short"
                }
              ]
            },
            {
              "batter": "JW Wells",
              "bowler": "JA Richardson",
              "non_striker": "AT Carey",
              "runs": {
                "batter": 1,
                "extras": 0,
                "total": 1
              }
            },
            {
              "batter": "AT Carey",
              "bowler": "JA Richardson",
              "non_striker": "JW Wells",
              "runs": {
                "batter": 1,
                "extras": 0,
                "total": 1
              }
            }
          ]
        },
        {
          "over": 8,
          "deliveries": [
            {
              "batter": "AT Carey",
              "bowler": "NM Coulter-Nile",
              "non_striker": "JW Wells",
              "runs": {
                "batter": 1,
                "extras": 0,
                "total": 1
              }
            },
            {
              "batter": "JW Wells",
              "bowler": "NM Coulter-Nile",
              "non_striker": "AT Carey",
              "runs": {
                "batter": 1,
                "extras": 0,
                "total": 1
              }
            },
            {
              "batter": "AT Carey",
              "bowler": "NM Coulter-Nile",
              "non_striker": "JW Wells",
              "runs": {
                "batter": 0,
                "extras": 0,
                "total": 0
              }
            },
            {
              "batter": "AT Carey",
              "bowler": "NM Coulter-Nile",
              "non_striker": "JW Wells",
              "runs": {
                "batter": 1,
                "extras": 0,
                "total": 1
              }
            },
            {
              "batter": "JW Wells",
              "bowler": "NM Coulter-Nile",
              "non_striker": "AT Carey",
              "runs": {
                "batter": 0,
                "extras": 0,
                "total": 0
              }
            },
            {
              "batter": "JW Wells",
              "bowler": "NM Coulter-Nile",
              "non_striker": "AT Carey",
              "runs": {
                "batter": 0,
                "extras": 0,
                "total": 0
              }
            }
          ]
        },
        {
          "over": 9,
          "deliveries": [
            {
              "batter": "AT Carey",
              "bowler": "JA Richardson",
              "non_striker": "JW Wells",
              "runs": {
                "batter": 0,
                "extras": 0,
                "total": 0
              }
            },
            {
              "batter": "AT Carey",
              "bowler": "JA Richardson",
              "non_striker": "JW Wells",
              "runs": {
                "batter": 0,
                "extras": 0,
                "total": 0
              }
            },
            {
              "batter": "AT Carey",
              "bowler": "JA Richardson",
              "non_striker": "JW Wells",
              "runs": {
                "batter": 0,
                "extras": 0,
                "total": 0
              }
            },
            {
              "batter": "AT Carey",
              "bowler": "JA Richardson",
              "non_striker": "JW Wells",
              "runs": {
                "batter": 0,
                "extras": 0,
                "total": 0
              }
            },
            {
              "batter": "AT Carey",
              "bowler": "JA Richardson",
              "non_striker": "JW Wells",
              "runs": {
                "batter": 0,
                "extras": 0,
                "total": 0
              },
              "wickets": [
                {
                  "kind": "run out",
                  "player_out": "AT Carey"
                }
              ]
            },
            {
              "batter": "JS Lehmann",
              "bowler": "JA Richardson",
              "non_striker": "JW Wells",
              "runs": {
                "batter": 0,
                "extras": 0,
                "total": 0
              },
              "wickets": [
                {
                  "kind": "caught",
                  "player_out": "JS Lehmann",
                  "fielders": [
                    {
                      "name": "JP Behrendorff"
                    }
                  ]
                }
              ]
            }
          ]
        },
        {
          "over": 10,
          "deliveries": [
            {
              "batter": "JW Wells",
              "bowler": "NM Coulter-Nile",
              "non_striker": "MG Neser",
              "runs": {
                "batter": 0,
                "extras": 0,
                "total": 0
              }
            },
            {
              "batter": "JW Wells",
              "bowler": "NM Coulter-Nile",
              "non_striker": "MG Neser",
              "runs": {
                "batter": 0,
                "extras": 0,
                "total": 0
              },
              "wickets": [
                {
                  "kind": "caught",
                  "player_out": "JW Wells",
                  "fielders": [
                    {
                      "name": "JP Inglis"
                    }
                  ]
                }
              ]
            },
            {
              "batter": "C Valente",
              "bowler": "NM Coulter-Nile",
              "non_striker": "MG Neser",
              "runs": {
                "batter": 0,
                "extras": 0,
                "total": 0
              }
            },
            {
              "batter": "C Valente",
              "bowler": "NM Coulter-Nile",
              "non_striker": "MG Neser",
              "runs": {
                "batter": 4,
                "extras": 0,
                "total": 4
              }
            },
            {
              "batter": "C Valente",
              "bowler": "NM Coulter-Nile",
              "non_striker": "MG Neser",
              "runs": {
                "batter": 1,
                "extras": 0,
                "total": 1
              }
            },
            {
              "batter": "MG Neser",
              "bowler": "NM Coulter-Nile",
              "non_striker": "C Valente",
              "runs": {
                "batter": 1,
                "extras": 0,
                "total": 1
              }
            }
          ]
        },
        {
          "over": 11,
          "deliveries": [
            {
              "batter": "MG Neser",
              "bowler": "JA Richardson",
              "non_striker": "C Valente",
              "runs": {
                "batter": 0,
                "extras": 0,
                "total": 0
              }
            },
            {
              "batter": "MG Neser",
              "bowler": "JA Richardson",
              "non_striker": "C Valente",
              "runs": {
                "batter": 0,
                "extras": 0,
                "total": 0
              },
              "wickets": [
                {
                  "kind": "lbw",
                  "player_out": "MG Neser"
                }
              ]
            },
            {
              "batter": "Rashid Khan",
              "bowler": "JA Richardson",
              "non_striker": "C Valente",
              "runs": {
                "batter": 1,
                "extras": 0,
                "total": 1
              }
            },
            {
              "batter": "C Valente",
              "bowler": "JA Richardson",
              "non_striker": "Rashid Khan",
              "runs": {
                "batter": 0,
                "extras": 0,
                "total": 0
              }
            },
            {
              "batter": "C Valente",
              "bowler": "JA Richardson",
              "extras": {
                "wides": 1
              },
              "non_striker": "Rashid Khan",
              "runs": {
                "batter": 0,
                "extras": 1,
                "total": 1
              }
            },
            {
              "batter": "C Valente",
              "bowler": "JA Richardson",
              "non_striker": "Rashid Khan",
              "runs": {
                "batter": 0,
                "extras": 0,
                "total": 0
              }
            },
            {
              "batter": "C Valente",
              "bowler": "JA Richardson",
              "non_striker": "Rashid Khan",
              "runs": {
                "batter": 3,
                "extras": 0,
                "total": 3
              }
            }
          ]
        },
        {
          "over": 12,
          "deliveries": [
            {
              "batter": "C Valente",
              "bowler": "NM Coulter-Nile",
              "non_striker": "Rashid Khan",
              "runs": {
                "batter": 0,
                "extras": 0,
                "total": 0
              }
            },
            {
              "batter": "C Valente",
              "bowler": "NM Coulter-Nile",
              "non_striker": "Rashid Khan",
              "runs": {
                "batter": 4,
                "extras": 0,
                "total": 4
              }
            },
            {
              "batter": "C Valente",
              "bowler": "NM Coulter-Nile",
              "non_striker": "Rashid Khan",
              "runs": {
                "batter": 4,
                "extras": 0,
                "total": 4
              }
            },
            {
              "batter": "C Valente",
              "bowler": "NM Coulter-Nile",
              "non_striker": "Rashid Khan",
              "runs": {
                "batter": 1,
                "extras": 0,
                "total": 1
              }
            },
            {
              "batter": "Rashid Khan",
              "bowler": "NM Coulter-Nile",
              "non_striker": "C Valente",
              "runs": {
                "batter": 0,
                "extras": 0,
                "total": 0
              }
            },
            {
              "batter": "Rashid Khan",
              "bowler": "NM Coulter-Nile",
              "non_striker": "C Valente",
              "runs": {
                "batter": 6,
                "extras": 0,
                "total": 6
              }
            }
          ]
        },
        {
          "over": 13,
          "deliveries": [
            {
              "batter": "C Valente",
              "bowler": "AJ Tye",
              "non_striker": "Rashid Khan",
              "runs": {
                "batter": 2,
                "extras": 0,
                "total": 2
              }
            },
            {
              "batter": "C Valente",
              "bowler": "AJ Tye",
              "non_striker": "Rashid Khan",
              "runs": {
                "batter": 1,
                "extras": 0,
                "total": 1
              }
            },
            {
              "batter": "Rashid Khan",
              "bowler": "AJ Tye",
              "non_striker": "C Valente",
              "runs": {
                "batter": 6,
                "extras": 0,
                "total": 6
              }
            },
            {
              "batter": "Rashid Khan",
              "bowler": "AJ Tye",
              "non_striker": "C Valente",
              "runs": {
                "batter": 0,
                "extras": 0,
                "total": 0
              }
            },
            {
              "batter": "Rashid Khan",
              "bowler": "AJ Tye",
              "non_striker": "C Valente",
              "runs": {
                "batter": 0,
                "extras": 0,
                "total": 0
              }
            },
            {
              "batter": "Rashid Khan",
              "bowler": "AJ Tye",
              "non_striker": "C Valente",
              "runs": {
                "batter": 0,
                "extras": 0,
                "total": 0
              }
            }
          ]
        },
        {
          "over": 14,
          "deliveries": [
            {
              "batter": "C Valente",
              "bowler": "DJ Willey",
              "non_striker": "Rashid Khan",
              "runs": {
                "batter": 0,
                "extras": 0,
                "total": 0
              }
            },
            {
              "batter": "C Valente",
              "bowler": "DJ Willey",
              "non_striker": "Rashid Khan",
              "runs": {
                "batter": 1,
                "extras": 0,
                "total": 1
              }
            },
            {
              "batter": "Rashid Khan",
              "bowler": "DJ Willey",
              "non_striker": "C Valente",
              "runs": {
                "batter": 0,
                "extras": 0,
                "total": 0
              }
            },
            {
              "batter": "Rashid Khan",
              "bowler": "DJ Willey",
              "non_striker": "C Valente",
              "runs": {
                "batter": 4,
                "extras": 0,
                "total": 4
              }
            },
            {
              "batter": "Rashid Khan",
              "bowler": "DJ Willey",
              "non_striker": "C Valente",
              "runs": {
                "batter": 4,
                "extras": 0,
                "total": 4
              }
            },
            {
              "batter": "Rashid Khan",
              "bowler": "DJ Willey",
              "non_striker": "C Valente",
              "runs": {
                "batter": 0,
                "extras": 0,
                "total": 0
              }
            }
          ]
        },
        {
          "over": 15,
          "deliveries": [
            {
              "batter": "C Valente",
              "bowler": "AJ Tye",
              "non_striker": "Rashid Khan",
              "runs": {
                "batter": 0,
                "extras": 0,
                "total": 0
              }
            },
            {
              "batter": "C Valente",
              "bowler": "AJ Tye",
              "non_striker": "Rashid Khan",
              "runs": {
                "batter": 0,
                "extras": 0,
                "total": 0
              }
            },
            {
              "batter": "C Valente",
              "bowler": "AJ Tye",
              "non_striker": "Rashid Khan",
              "runs": {
                "batter": 0,
                "extras": 0,
                "total": 0
              }
            },
            {
              "batter": "C Valente",
              "bowler": "AJ Tye",
              "non_striker": "Rashid Khan",
              "runs": {
                "batter": 0,
                "extras": 0,
                "total": 0
              },
              "wickets": [
                {
                  "kind": "caught",
                  "player_out": "C Valente",
                  "fielders": [
                    {
                      "name": "NM Coulter-Nile"
                    }
                  ]
                }
              ]
            },
            {
              "batter": "B Laughlin",
              "bowler": "AJ Tye",
              "non_striker": "Rashid Khan",
              "runs": {
                "batter": 0,
                "extras": 0,
                "total": 0
              }
            },
            {
              "batter": "B Laughlin",
              "bowler": "AJ Tye",
              "non_striker": "Rashid Khan",
              "runs": {
                "batter": 0,
                "extras": 0,
                "total": 0
              }
            }
          ]
        },
        {
          "over": 16,
          "deliveries": [
            {
              "batter": "Rashid Khan",
              "bowler": "DJ Willey",
              "non_striker": "B Laughlin",
              "runs": {
                "batter": 0,
                "extras": 0,
                "total": 0
              },
              "wickets": [
                {
                  "kind": "caught",
                  "player_out": "Rashid Khan",
                  "fielders": [
                    {
                      "name": "NM Coulter-Nile"
                    }
                  ]
                }
              ]
            },
            {
              "batter": "B Laughlin",
              "bowler": "DJ Willey",
              "non_striker": "B Stanlake",
              "runs": {
                "batter": 0,
                "extras": 0,
                "total": 0
              }
            },
            {
              "batter": "B Laughlin",
              "bowler": "DJ Willey",
              "non_striker": "B Stanlake",
              "runs": {
                "batter": 0,
                "extras": 0,
                "total": 0
              }
            },
            {
              "batter": "B Laughlin",
              "bowler": "DJ Willey",
              "extras": {
                "wides": 1
              },
              "non_striker": "B Stanlake",
              "runs": {
                "batter": 0,
                "extras": 1,
                "total": 1
              }
            },
            {
              "batter": "B Laughlin",
              "bowler": "DJ Willey",
              "non_striker": "B Stanlake",
              "runs": {
                "batter": 1,
                "extras": 0,
                "total": 1
              }
            },
            {
              "batter": "B Stanlake",
              "bowler": "DJ Willey",
              "extras": {
                "legbyes": 1
              },
              "non_striker": "B Laughlin",
              "runs": {
                "batter": 0,
                "extras": 1,
                "total": 1
              }
            },
            {
              "batter": "B Laughlin",
              "bowler": "DJ Willey",
              "non_striker": "B Stanlake",
              "runs": {
                "batter": 1,
                "extras": 0,
                "total": 1
              }
            }
          ]
        },
        {
          "over": 17,
          "deliveries": [
            {
              "batter": "B Laughlin",
              "bowler": "AJ Tye",
              "non_striker": "B Stanlake",
              "runs": {
                "batter": 0,
                "extras": 0,
                "total": 0
              }
            },
            {
              "batter": "B Laughlin",
              "bowler": "AJ Tye",
              "non_striker": "B Stanlake",
              "runs": {
                "batter": 0,
                "extras": 0,
                "total": 0
              },
              "wickets": [
                {
                  "kind": "caught",
                  "player_out": "B Laughlin",
                  "fielders": [
                    {
                      "name": "M Klinger"
                    }
                  ]
                }
              ]
            }
          ]
        }
      ],
      "powerplays": [
        {
          "from": 0.1,
          "to": 5.7,
          "type": "mandatory"
        }
      ]
    },
    {
      "team": "Perth Scorchers",
      "overs": [
        {
          "over": 0,
          "deliveries": [
            {
              "batter": "JP Inglis",
              "bowler": "MG Neser",
              "non_striker": "M Klinger",
              "runs": {
                "batter": 4,
                "extras": 0,
                "total": 4
              }
            },
            {
              "batter": "JP Inglis",
              "bowler": "MG Neser",
              "non_striker": "M Klinger",
              "runs": {
                "batter": 2,
                "extras": 0,
                "total": 2
              }
            },
            {
              "batter": "JP Inglis",
              "bowler": "MG Neser",
              "non_striker": "M Klinger",
              "runs": {
                "batter": 0,
                "extras": 0,
                "total": 0
              }
            },
            {
              "batter": "JP Inglis",
              "bowler": "MG Neser",
              "non_striker": "M Klinger",
              "runs": {
                "batter": 1,
                "extras": 0,
                "total": 1
              }
            },
            {
              "batter": "M Klinger",
              "bowler": "MG Neser",
              "non_striker": "JP Inglis",
              "runs": {
                "batter": 0,
                "extras": 0,
                "total": 0
              }
            },
            {
              "batter": "M Klinger",
              "bowler": "MG Neser",
              "non_striker": "JP Inglis",
              "runs": {
                "batter": 0,
                "extras": 0,
                "total": 0
              }
            }
          ]
        },
        {
          "over": 1,
          "deliveries": [
            {
              "batter": "JP Inglis",
              "bowler": "B Stanlake",
              "extras": {
                "wides": 1
              },
              "non_striker": "M Klinger",
              "runs": {
                "batter": 0,
                "extras": 1,
                "total": 1
              }
            },
            {
              "batter": "JP Inglis",
              "bowler": "B Stanlake",
              "non_striker": "M Klinger",
              "runs": {
                "batter": 0,
                "extras": 0,
                "total": 0
              }
            },
            {
              "batter": "JP Inglis",
              "bowler": "B Stanlake",
              "non_striker": "M Klinger",
              "runs": {
                "batter": 0,
                "extras": 0,
                "total": 0
              }
            },
            {
              "batter": "JP Inglis",
              "bowler": "B Stanlake",
              "non_striker": "M Klinger",
              "runs": {
                "batter": 0,
                "extras": 0,
                "total": 0
              }
            },
            {
              "batter": "JP Inglis",
              "bowler": "B Stanlake",
              "non_striker": "M Klinger",
              "runs": {
                "batter": 0,
                "extras": 0,
                "total": 0
              }
            },
            {
              "batter": "JP Inglis",
              "bowler": "B Stanlake",
              "non_striker": "M Klinger",
              "runs": {
                "batter": 4,
                "extras": 0,
                "total": 4
              }
            },
            {
              "batter": "JP Inglis",
              "bowler": "B Stanlake",
              "non_striker": "M Klinger",
              "runs": {
                "batter": 0,
                "extras": 0,
                "total": 0
              }
            }
          ]
        },
        {
          "over": 2,
          "deliveries": [
            {
              "batter": "M Klinger",
              "bowler": "MG Neser",
              "non_striker": "JP Inglis",
              "runs": {
                "batter": 1,
                "extras": 0,
                "total": 1
              }
            },
            {
              "batter": "JP Inglis",
              "bowler": "MG Neser",
              "non_striker": "M Klinger",
              "runs": {
                "batter": 4,
                "extras": 0,
                "total": 4
              }
            },
            {
              "batter": "JP Inglis",
              "bowler": "MG Neser",
              "non_striker": "M Klinger",
              "runs": {
                "batter": 0,
                "extras": 0,
                "total": 0
              }
            },
            {
              "batter": "JP Inglis",
              "bowler": "MG Neser",
              "non_striker": "M Klinger",
              "runs": {
                "batter": 1,
                "extras": 0,
                "total": 1
              }
            },
            {
              "batter": "M Klinger",
              "bowler": "MG Neser",
              "non_striker": "JP Inglis",
              "runs": {
                "batter": 0,
                "extras": 0,
                "total": 0
              }
            },
            {
              "batter": "M Klinger",
              "bowler": "MG Neser",
              "non_striker": "JP Inglis",
              "runs": {
                "batter": 1,
                "extras": 0,
                "total": 1
              }
            }
          ]
        },
        {
          "over": 3,
          "deliveries": [
            {
              "batter": "M Klinger",
              "bowler": "B Stanlake",
              "non_striker": "JP Inglis",
              "runs": {
                "batter": 0,
                "extras": 0,
                "total": 0
              }
            },
            {
              "batter": "M Klinger",
              "bowler": "B Stanlake",
              "non_striker": "JP Inglis",
              "runs": {
                "batter": 0,
                "extras": 0,
                "total": 0
              },
              "wickets": [
                {
                  "kind": "run out",
                  "player_out": "M Klinger"
                }
              ]
            },
            {
              "batter": "JP Inglis",
              "bowler": "B Stanlake",
              "non_striker": "WG Bosisto",
              "runs": {
                "batter": 0,
                "extras": 0,
                "total": 0
              }
            },
            {
              "batter": "JP Inglis",
              "bowler": "B Stanlake",
              "non_striker": "WG Bosisto",
              "runs": {
                "batter": 1,
                "extras": 0,
                "total": 1
              }
            },
            {
              "batter": "WG Bosisto",
              "bowler": "B Stanlake",
              "non_striker": "JP Inglis",
              "runs": {
                "batter": 1,
                "extras": 0,
                "total": 1
              }
            },
            {
              "batter": "JP Inglis",
              "bowler": "B Stanlake",
              "non_striker": "WG Bosisto",
              "runs": {
                "batter": 0,
                "extras": 0,
                "total": 0
              }
            }
          ]
        },
        {
          "over": 4,
          "deliveries": [
            {
              "batter": "WG Bosisto",
              "bowler": "Rashid Khan",
              "non_striker": "JP Inglis",
              "runs": {
                "batter": 0,
                "extras": 0,
                "total": 0
              }
            },
            {
              "batter": "WG Bosisto",
              "bowler": "Rashid Khan",
              "extras": {
                "wides": 1
              },
              "non_striker": "JP Inglis",
              "runs": {
                "batter": 0,
                "extras": 1,
                "total": 1
              }
            },
            {
              "batter": "WG Bosisto",
              "bowler": "Rashid Khan",
              "non_striker": "JP Inglis",
              "runs": {
                "batter": 1,
                "extras": 0,
                "total": 1
              }
            },
            {
              "batter": "JP Inglis",
              "bowler": "Rashid Khan",
              "non_striker": "WG Bosisto",
              "runs": {
                "batter": 1,
                "extras": 0,
                "total": 1
              }
            },
            {
              "batter": "WG Bosisto",
              "bowler": "Rashid Khan",
              "non_striker": "JP Inglis",
              "runs": {
                "batter": 0,
                "extras": 0,
                "total": 0
              }
            },
            {
              "batter": "WG Bosisto",
              "bowler": "Rashid Khan",
              "extras": {
                "legbyes": 1
              },
              "non_striker": "JP Inglis",
              "runs": {
                "batter": 0,
                "extras": 1,
                "total": 1
              }
            },
            {
              "batter": "JP Inglis",
              "bowler": "Rashid Khan",
              "non_striker": "WG Bosisto",
              "runs": {
                "batter": 0,
                "extras": 0,
                "total": 0
              }
            }
          ]
        },
        {
          "over": 5,
          "deliveries": [
            {
              "batter": "WG Bosisto",
              "bowler": "B Stanlake",
              "non_striker": "JP Inglis",
              "runs": {
                "batter": 1,
                "extras": 0,
                "total": 1
              }
            },
            {
              "batter": "JP Inglis",
              "bowler": "B Stanlake",
              "non_striker": "WG Bosisto",
              "runs": {
                "batter": 0,
                "extras": 0,
                "total": 0
              }
            },
            {
              "batter": "JP Inglis",
              "bowler": "B Stanlake",
              "non_striker": "WG Bosisto",
              "runs": {
                "batter": 4,
                "extras": 0,
                "total": 4
              }
            },
            {
              "batter": "JP Inglis",
              "bowler": "B Stanlake",
              "non_striker": "WG Bosisto",
              "runs": {
                "batter": 0,
                "extras": 0,
                "total": 0
              },
              "wickets": [
                {
                  "kind": "caught",
                  "player_out": "JP Inglis",
                  "fielders": [
                    {
                      "name": "AT Carey"
                    }
                  ]
                }
              ]
            },
            {
              "batter": "AJ Turner",
              "bowler": "B Stanlake",
              "non_striker": "WG Bosisto",
              "runs": {
                "batter": 1,
                "extras": 0,
                "total": 1
              }
            },
            {
              "batter": "WG Bosisto",
              "bowler": "B Stanlake",
              "non_striker": "AJ Turner",
              "runs": {
                "batter": 0,
                "extras": 0,
                "total": 0
              }
            }
          ]
        },
        {
          "over": 6,
          "deliveries": [
            {
              "batter": "AJ Turner",
              "bowler": "Rashid Khan",
              "non_striker": "WG Bosisto",
              "runs": {
                "batter": 0,
                "extras": 0,
                "total": 0
              }
            },
            {
              "batter": "AJ Turner",
              "bowler": "Rashid Khan",
              "non_striker": "WG Bosisto",
              "runs": {
                "batter": 0,
                "extras": 0,
                "total": 0
              }
            },
            {
              "batter": "AJ Turner",
              "bowler": "Rashid Khan",
              "non_striker": "WG Bosisto",
              "runs": {
                "batter": 0,
                "extras": 0,
                "total": 0
              }
            },
            {
              "batter": "AJ Turner",
              "bowler": "Rashid Khan",
              "non_striker": "WG Bosisto",
              "runs": {
                "batter": 0,
                "extras": 0,
                "total": 0
              }
            },
            {
              "batter": "AJ Turner",
              "bowler": "Rashid Khan",
              "non_striker": "WG Bosisto",
              "runs": {
                "batter": 0,
                "extras": 0,
                "total": 0
              }
            },
            {
              "batter": "AJ Turner",
              "bowler": "Rashid Khan",
              "non_striker": "WG Bosisto",
              "runs": {
                "batter": 1,
                "extras": 0,
                "total": 1
              }
            }
          ]
        },
        {
          "over": 7,
          "deliveries": [
            {
              "batter": "AJ Turner",
              "bowler": "B Stanlake",
              "non_striker": "WG Bosisto",
              "runs": {
                "batter": 0,
                "extras": 0,
                "total": 0
              }
            },
            {
              "batter": "AJ Turner",
              "bowler": "B Stanlake",
              "non_striker": "WG Bosisto",
              "runs": {
                "batter": 0,
                "extras": 0,
                "total": 0
              }
            },
            {
              "batter": "AJ Turner",
              "bowler": "B Stanlake",
              "non_striker": "WG Bosisto",
              "runs": {
                "batter": 1,
                "extras": 0,
                "total": 1
              }
            },
            {
              "batter": "WG Bosisto",
              "bowler": "B Stanlake",
              "non_striker": "AJ Turner",
              "runs": {
                "batter": 0,
                "extras": 0,
                "total": 0
              }
            },
            {
              "batter": "WG Bosisto",
              "bowler": "B Stanlake",
              "non_striker": "AJ Turner",
              "runs": {
                "batter": 0,
                "extras": 0,
                "total": 0
              }
            },
            {
              "batter": "WG Bosisto",
              "bowler": "B Stanlake",
              "non_striker": "AJ Turner",
              "runs": {
                "batter": 4,
                "extras": 0,
                "total": 4
              }
            }
          ]
        },
        {
          "over": 8,
          "deliveries": [
            {
              "batter": "AJ Turner",
              "bowler": "Rashid Khan",
              "non_striker": "WG Bosisto",
              "runs": {
                "batter": 0,
                "extras": 0,
                "total": 0
              }
            },
            {
              "batter": "AJ Turner",
              "bowler": "Rashid Khan",
              "non_striker": "WG Bosisto",
              "runs": {
                "batter": 1,
                "extras": 0,
                "total": 1
              }
            },
            {
              "batter": "WG Bosisto",
              "bowler": "Rashid Khan",
              "non_striker": "AJ Turner",
              "runs": {
                "batter": 0,
                "extras": 0,
                "total": 0
              }
            },
            {
              "batter": "WG Bosisto",
              "bowler": "Rashid Khan",
              "non_striker": "AJ Turner",
              "runs": {
                "batter": 1,
                "extras": 0,
                "total": 1
              }
            },
            {
              "batter": "AJ Turner",
              "bowler": "Rashid Khan",
              "non_striker": "WG Bosisto",
              "runs": {
                "batter": 1,
                "extras": 0,
                "total": 1
              }
            },
            {
              "batter": "WG Bosisto",
              "bowler": "Rashid Khan",
              "non_striker": "AJ Turner",
              "runs": {
                "batter": 2,
                "extras": 0,
                "total": 2
              }
            }
          ]
        },
        {
          "over": 9,
          "deliveries": [
            {
              "batter": "AJ Turner",
              "bowler": "B Laughlin",
              "extras": {
                "legbyes": 1
              },
              "non_striker": "WG Bosisto",
              "runs": {
                "batter": 0,
                "extras": 1,
                "total": 1
              }
            },
            {
              "batter": "WG Bosisto",
              "bowler": "B Laughlin",
              "non_striker": "AJ Turner",
              "runs": {
                "batter": 0,
                "extras": 0,
                "total": 0
              }
            },
            {
              "batter": "WG Bosisto",
              "bowler": "B Laughlin",
              "non_striker": "AJ Turner",
              "runs": {
                "batter": 1,
                "extras": 0,
                "total": 1
              }
            },
            {
              "batter": "AJ Turner",
              "bowler": "B Laughlin",
              "non_striker": "WG Bosisto",
              "runs": {
                "batter": 1,
                "extras": 0,
                "total": 1
              }
            },
            {
              "batter": "WG Bosisto",
              "bowler": "B Laughlin",
              "non_striker": "AJ Turner",
              "runs": {
                "batter": 1,
                "extras": 0,
                "total": 1
              }
            },
            {
              "batter": "AJ Turner",
              "bowler": "B Laughlin",
              "non_striker": "WG Bosisto",
              "runs": {
                "batter": 0,
                "extras": 0,
                "total": 0
              }
            }
          ]
        },
        {
          "over": 10,
          "deliveries": [
            {
              "batter": "WG Bosisto",
              "bowler": "C Valente",
              "non_striker": "AJ Turner",
              "runs": {
                "batter": 2,
                "extras": 0,
                "total": 2
              }
            },
            {
              "batter": "WG Bosisto",
              "bowler": "C Valente",
              "non_striker": "AJ Turner",
              "runs": {
                "batter": 1,
                "extras": 0,
                "total": 1
              }
            },
            {
              "batter": "AJ Turner",
              "bowler": "C Valente",
              "non_striker": "WG Bosisto",
              "runs": {
                "batter": 1,
                "extras": 0,
                "total": 1
              }
            },
            {
              "batter": "WG Bosisto",
              "bowler": "C Valente",
              "non_striker": "AJ Turner",
              "runs": {
                "batter": 1,
                "extras": 0,
                "total": 1
              }
            },
            {
              "batter": "AJ Turner",
              "bowler": "C Valente",
              "non_striker": "WG Bosisto",
              "runs": {
                "batter": 1,
                "extras": 0,
                "total": 1
              }
            },
            {
              "batter": "WG Bosisto",
              "bowler": "C Valente",
              "non_striker": "AJ Turner",
              "runs": {
                "batter": 0,
                "extras": 0,
                "total": 0
              }
            }
          ]
        },
        {
          "over": 11,
          "deliveries": [
            {
              "batter": "AJ Turner",
              "bowler": "B Laughlin",
              "non_striker": "WG Bosisto",
              "runs": {
                "batter": 4,
                "extras": 0,
                "total": 4
              }
            },
            {
              "batter": "AJ Turner",
              "bowler": "B Laughlin",
              "non_striker": "WG Bosisto",
              "runs": {
                "batter": 0,
                "extras": 0,
                "total": 0
              }
            },
            {
              "batter": "AJ Turner",
              "bowler": "B Laughlin",
              "non_striker": "WG Bosisto",
              "runs": {
                "batter": 0,
                "extras": 0,
                "total": 0
              }
            },
            {
              "batter": "AJ Turner",
              "bowler": "B Laughlin",
              "non_striker": "WG Bosisto",
              "runs": {
                "batter": 0,
                "extras": 0,
                "total": 0
              }
            },
            {
              "batter": "AJ Turner",
              "bowler": "B Laughlin",
              "non_striker": "WG Bosisto",
              "runs": {
                "batter": 0,
                "extras": 0,
                "total": 0
              }
            },
            {
              "batter": "AJ Turner",
              "bowler": "B Laughlin",
              "non_striker": "WG Bosisto",
              "runs": {
                "batter": 1,
                "extras": 0,
                "total": 1
              }
            }
          ]
        },
        {
          "over": 12,
          "deliveries": [
            {
              "batter": "AJ Turner",
              "bowler": "CA Ingram",
              "non_striker": "WG Bosisto",
              "runs": {
                "batter": 1,
                "extras": 0,
                "total": 1
              }
            },
            {
              "batter": "WG Bosisto",
              "bowler": "CA Ingram",
              "non_striker": "AJ Turner",
              "runs": {
                "batter": 4,
                "extras": 0,
                "total": 4
              }
            },
            {
              "batter": "WG Bosisto",
              "bowler": "CA Ingram",
              "non_striker": "AJ Turner",
              "runs": {
                "batter": 1,
                "extras": 0,
                "total": 1
              }
            },
            {
              "batter": "AJ Turner",
              "bowler": "CA Ingram",
              "non_striker": "WG Bosisto",
              "runs": {
                "batter": 0,
                "extras": 0,
                "total": 0
              }
            },
            {
              "batter": "AJ Turner",
              "bowler": "CA Ingram",
              "non_striker": "WG Bosisto",
              "runs": {
                "batter": 0,
                "extras": 0,
                "total": 0
              }
            },
            {
              "batter": "AJ Turner",
              "bowler": "CA Ingram",
              "non_striker": "WG Bosisto",
              "runs": {
                "batter": 1,
                "extras": 0,
                "total": 1
              }
            }
          ]
        },
        {
          "over": 13,
          "deliveries": [
            {
              "batter": "AJ Turner",
              "bowler": "Rashid Khan",
              "non_striker": "WG Bosisto",
              "runs": {
                "batter": 0,
                "extras": 0,
                "total": 0
              }
            },
            {
              "batter": "AJ Turner",
              "bowler": "Rashid Khan",
              "non_striker": "WG Bosisto",
              "runs": {
                "batter": 0,
                "extras": 0,
                "total": 0
              }
            },
            {
              "batter": "AJ Turner",
              "bowler": "Rashid Khan",
              "non_striker": "WG Bosisto",
              "runs": {
                "batter": 0,
                "extras": 0,
                "total": 0
              }
            },
            {
              "batter": "AJ Turner",
              "bowler": "Rashid Khan",
              "non_striker": "WG Bosisto",
              "runs": {
                "batter": 0,
                "extras": 0,
                "total": 0
              }
            },
            {
              "batter": "AJ Turner",
              "bowler": "Rashid Khan",
              "non_striker": "WG Bosisto",
              "runs": {
                "batter": 0,
                "extras": 0,
                "total": 0
              }
            },
            {
              "batter": "AJ Turner",
              "bowler": "Rashid Khan",
              "non_striker": "WG Bosisto",
              "runs": {
                "batter": 0,
                "extras": 0,
                "total": 0
              }
            }
          ]
        },
        {
          "over": 14,
          "deliveries": [
            {
              "batter": "WG Bosisto",
              "bowler": "MG Neser",
              "non_striker": "AJ Turner",
              "runs": {
                "batter": 1,
                "extras": 0,
                "total": 1
              }
            },
            {
              "batter": "AJ Turner",
              "bowler": "MG Neser",
              "non_striker": "WG Bosisto",
              "runs": {
                "batter": 0,
                "extras": 0,
                "total": 0
              }
            },
            {
              "batter": "AJ Turner",
              "bowler": "MG Neser",
              "non_striker": "WG Bosisto",
              "runs": {
                "batter": 1,
                "extras": 0,
                "total": 1
              }
            },
            {
              "batter": "WG Bosisto",
              "bowler": "MG Neser",
              "non_striker": "AJ Turner",
              "runs": {
                "batter": 1,
                "extras": 0,
                "total": 1
              }
            },
            {
              "batter": "AJ Turner",
              "bowler": "MG Neser",
              "non_striker": "WG Bosisto",
              "runs": {
                "batter": 1,
                "extras": 0,
                "total": 1
              }
            },
            {
              "batter": "WG Bosisto",
              "bowler": "MG Neser",
              "non_striker": "AJ Turner",
              "runs": {
                "batter": 0,
                "extras": 0,
                "total": 0
              }
            }
          ]
        },
        {
          "over": 15,
          "deliveries": [
            {
              "batter": "AJ Turner",
              "bowler": "B Laughlin",
              "non_striker": "WG Bosisto",
              "runs": {
                "batter": 4,
                "extras": 0,
                "total": 4
              }
            },
            {
              "batter": "AJ Turner",
              "bowler": "B Laughlin",
              "non_striker": "WG Bosisto",
              "runs": {
                "batter": 1,
                "extras": 0,
                "total": 1
              }
            },
            {
              "batter": "WG Bosisto",
              "bowler": "B Laughlin",
              "extras": {
                "wides": 1
              },
              "non_striker": "AJ Turner",
              "runs": {
                "batter": 0,
                "extras": 1,
                "total": 1
              }
            },
            {
              "batter": "WG Bosisto",
              "bowler": "B Laughlin",
              "non_striker": "AJ Turner",
              "runs": {
                "batter": 1,
                "extras": 0,
                "total": 1
              }
            },
            {
              "batter": "AJ Turner",
              "bowler": "B Laughlin",
              "non_striker": "WG Bosisto",
              "runs": {
                "batter": 1,
                "extras": 0,
                "total": 1
              }
            },
            {
              "batter": "WG Bosisto",
              "bowler": "B Laughlin",
              "non_striker": "AJ Turner",
              "runs": {
                "batter": 1,
                "extras": 0,
                "total": 1
              }
            },
            {
              "batter": "AJ Turner",
              "bowler": "B Laughlin",
              "non_striker": "WG Bosisto",
              "runs": {
                "batter": 0,
                "extras": 0,
                "total": 0
              }
            }
          ]
        },
        {
          "over": 16,
          "deliveries": [
            {
              "batter": "WG Bosisto",
              "bowler": "MG Neser",
              "non_striker": "AJ Turner",
              "runs": {
                "batter": 1,
                "extras": 0,
                "total": 1
              }
            },
            {
              "batter": "AJ Turner",
              "bowler": "MG Neser",
              "non_striker": "WG Bosisto",
              "runs": {
                "batter": 0,
                "extras": 0,
                "total": 0
              }
            },
            {
              "batter": "AJ Turner",
              "bowler": "MG Neser",
              "extras": {
                "noballs": 1
              },
              "non_striker": "WG Bosisto",
              "runs": {
                "batter": 0,
                "extras": 1,
                "total": 1
              }
            },
            {
              "batter": "AJ Turner",
              "bowler": "MG Neser",
              "extras": {
                "wides": 1
              },
              "non_striker": "WG Bosisto",
              "runs": {
                "batter": 0,
                "extras": 1,
                "total": 1
              }
            },
            {
              "batter": "AJ Turner",
              "bowler": "MG Neser",
              "non_striker": "WG Bosisto",
              "runs": {
                "batter": 0,
                "extras": 0,
                "total": 0
              }
            },
            {
              "batter": "AJ Turner",
              "bowler": "MG Neser",
              "non_striker": "WG Bosisto",
              "runs": {
                "batter": 1,
                "extras": 0,
                "total": 1
              }
            },
            {
              "batter": "WG Bosisto",
              "bowler": "MG Neser",
              "non_striker": "AJ Turner",
              "runs": {
                "batter": 0,
                "extras": 0,
                "total": 0
              }
            },
            {
              "batter": "WG Bosisto",
              "bowler": "MG Neser",
              "non_striker": "AJ Turner",
              "runs": {
                "batter": 1,
                "extras": 0,
                "total": 1
              }
            }
          ]
        },
        {
          "over": 17,
          "deliveries": [
            {
              "batter": "WG Bosisto",
              "bowler": "C Valente",
              "non_striker": "AJ Turner",
              "runs": {
                "batter": 2,
                "extras": 0,
                "total": 2
              }
            },
            {
              "batter": "WG Bosisto",
              "bowler": "C Valente",
              "non_striker": "AJ Turner",
              "runs": {
                "batter": 2,
                "extras": 0,
                "total": 2
              }
            },
            {
              "batter": "WG Bosisto",
              "bowler": "C Valente",
              "non_striker": "AJ Turner",
              "runs": {
                "batter": 1,
                "extras": 0,
                "total": 1
              }
            },
            {
              "batter": "AJ Turner",
              "bowler": "C Valente",
              "non_striker": "WG Bosisto",
              "runs": {
                "batter": 0,
                "extras": 0,
                "total": 0
              },
              "wickets": [
                {
                  "kind": "bowled",
                  "player_out": "AJ Turner"
                }
              ]
            },
            {
              "batter": "HWR Cartwright",
              "bowler": "C Valente",
              "non_striker": "WG Bosisto",
              "runs": {
                "batter": 1,
                "extras": 0,
                "total": 1
              }
            },
            {
              "batter": "WG Bosisto",
              "bowler": "C Valente",
              "non_striker": "HWR Cartwright",
              "runs": {
                "batter": 4,
                "extras": 0,
                "total": 4
              }
            }
          ]
        }
      ],
      "powerplays": [
        {
          "from": 0.1,
          "to": 5.6,
          "type": "mandatory"
        }
      ],
      "target": {
        "overs": 20,
        "runs": 89
      }
    }
  ]
}