{
  "meta": {
    "data_version": "1.0.0",
    "created": "2020-01-13",
    "revision": 1
  },
  "info": {
    "balls_per_over": 6,
    "city": "Perth",
    "dates": [
      "2020-01-11"
    ],
    "event": {
      "name": "Big Bash League",
      "match_number": 32
    },
    "gender": "male",
    "match_type": "T20",
    "officials": {
      "match_referees": [
        "SR Bernard"
      ],
      "reserve_umpires": [
        "NR Johnstone"
      ],
      "tv_umpires": [
        "GJ Davidson"
      ],
      "umpires": [
        "JD Ward",
        "GC Joshua"
      ]
    },
    "outcome": {
      "winner": "Perth Scorchers",
      "by": {
        "runs": 34
      }
    },
    "overs": 20,
    "player_of_match": [
      "MR Marsh"
    ],
    "players": {
      "Perth Scorchers": [
        "JP Inglis",
        "LS Livingstone",
        "SM Whiteman",
        "MR Marsh",
        "CT Bancroft",
        "C Green",
        "TH David",
        "CJ Jordan",
        "JA Richardson",
        "JS Paris",
        "Fawad Ahmed"
      ],
      "Brisbane Heat": [
        "T Banton",
        "M Bryant",
        "CA Lynn",
        "MT Renshaw",
        "JA Burns",
        "BCJ Cutting",
        "JJ Peirson",
        "JL Pattinson",
        "JK Lalor",
        "B Laughlin",
        "Zahir Khan"
      ]
    },
    "registry": {
      "people": {
        "B Laughlin": "b2a79f17",
        "BCJ Cutting": "2e11c706",
        "C Green": "eaa76d3c",
        "CA Lynn": "45eda7c8",
        "CJ Jordan": "ffe699c0",
        "CT Bancroft": "399b0b94",
        "Fawad Ahmed": "22ae3041",
        "GC Joshua": "4c47ebf2",
        "GJ Davidson": "31ad5973",
        "JA Burns": "7a5f232a",
        "JA Richardson": "1ee08e9a",
        "JD Ward": "511299c1",
        "JJ Peirson": "2b55c3b4",
        "JK Lalor": "88209c84",
        "JL Pattinson": "f752db61",
        "JP Inglis": "989889ff",
        "JS Paris": "7c8f533d",
        "LS Livingstone": "50c6bc2b",
        "M Bryant": "f32012f4",
        "MR Marsh": "3d8feaf8",
        "MT Renshaw": "218d4d78",
        "NR Johnstone": "ce274b6a",
        "SM Whiteman": "f4427cc6",
        "SR Bernard": "800187dc",
        "T Banton": "25f7b7d6",
        "TH David": "f1f99156",
        "Zahir Khan": "786b7fe8"
      }
    },
    "season": "2019/20",
    "team_type": "club",
    "teams": [
      "Perth Scorchers",
      "Brisbane Heat"
    ],
    "toss": {
      "decision": "bat",
      "winner": "Perth Scorchers"
    },
    "venue": "Perth Stadium"
  },
  "innings": [
    {
      "team": "Perth Scorchers",
      "overs": [
        {
          "over": 0,
          "deliveries": [
            {
              "batter": "JP Inglis",
              "bowler": "JL Pattinson",
              "non_striker": "LS Livingstone",
              "runs": {
                "batter": 4,
                "extras": 0,
                "total": 4
              }
            },
            {
              "batter": "JP Inglis",
              "bowler": "JL Pattinson",
              "non_striker": "LS Livingstone",
              "runs": {
                "batter": 0,
                "extras": 0,
                "total": 0
              }
            },
            {
              "batter": "JP Inglis",
              "bowler": "JL Pattinson",
              "non_striker": "LS Livingstone",
              "runs": {
                "batter": 2,
                "extras": 0,
                "total": 2
              }
            },
            {
              "batter": "JP Inglis",
              "bowler": "JL Pattinson",
              "non_striker": "LS Livingstone",
              "runs": {
                "batter": 4,
                "extras": 0,
                "total": 4
              }
            },
            {
              "batter": "JP Inglis",
              "bowler": "JL Pattinson",
              "non_striker": "LS Livingstone",
              "runs": {
                "batter": 2,
                "extras": 0,
                "total": 2
              }
            },
            {
              "batter": "JP Inglis",
              "bowler": "JL Pattinson",
              "non_striker": "LS Livingstone",
              "runs": {
                "batter": 4,
                "extras": 0,
                "total": 4
              }
            }
          ]
        },
        {
          "over": 1,
          "deliveries": [
            {
              "batter": "LS Livingstone",
              "bowler": "JK Lalor",
              "non_striker": "JP Inglis",
              "runs": {
                "batter": 0,
                "extras": 0,
                "total": 0
              }
            },
            {
              "batter": "LS Livingstone",
              "bowler": "JK Lalor",
              "non_striker": "JP Inglis",
              "runs": {
                "batter": 0,
                "extras": 0,
                "total": 0
              }
            },
            {
              "batter": "LS Livingstone",
              "bowler": "JK Lalor",
              "non_striker": "JP Inglis",
              "runs": {
                "batter": 0,
                "extras": 0,
                "total": 0
              }
            },
            {
              "batter": "LS Livingstone",
              "bowler": "JK Lalor",
              "non_striker": "JP Inglis",
              "runs": {
                "batter": 0,
                "extras": 0,
                "total": 0
              }
            },
            {
              "batter": "LS Livingstone",
              "bowler": "JK Lalor",
              "non_striker": "JP Inglis",
              "runs": {
                "batter": 6,
                "extras": 0,
                "total": 6
              }
            },
            {
              "batter": "LS Livingstone",
              "bowler": "JK Lalor",
              "non_striker": "JP Inglis",
              "runs": {
                "batter": 0,
                "extras": 0,
                "total": 0
              }
            }
          ]
        },
        {
          "over": 2,
          "deliveries": [
            {
              "batter": "JP Inglis",
              "bowler": "Zahir Khan",
              "non_striker": "LS Livingstone",
              "runs": {
                "batter": 0,
                "extras": 0,
                "total": 0
              }
            },
            {
              "batter": "JP Inglis",
              "bowler": "Zahir Khan",
              "non_striker": "LS Livingstone",
              "runs": {
                "batter": 0,
                "extras": 0,
                "total": 0
              }
            },
            {
              "batter": "JP Inglis",
              "bowler": "Zahir Khan",
              "non_striker": "LS Livingstone",
              "runs": {
                "batter": 4,
                "extras": 0,
                "total": 4
              }
            },
            {
              "batter": "JP Inglis",
              "bowler": "Zahir Khan",
              "extras": {
                "legbyes": 4
              },
              "non_striker": "LS Livingstone",
              "runs": {
                "batter": 0,
                "extras": 4,
                "total": 4
              }
            },
            {
              "batter": "JP Inglis",
              "bowler": "Zahir Khan",
              "non_striker": "LS Livingstone",
              "runs": {
                "batter": 4,
                "extras": 0,
                "total": 4
              }
            },
            {
              "batter": "JP Inglis",
              "bowler": "Zahir Khan",
              "non_striker": "LS Livingstone",
              "runs": {
                "batter": 4,
                "extras": 0,
                "total": 4
              }
            }
          ]
        },
        {
          "over": 3,
          "deliveries": [
            {
              "batter": "LS Livingstone",
              "bowler": "JK Lalor",
              "non_striker": "JP Inglis",
              "runs": {
                "batter": 1,
                "extras": 0,
                "total": 1
              }
            },
            {
              "batter": "JP Inglis",
              "bowler": "JK Lalor",
              "non_striker": "LS Livingstone",
              "runs": {
                "batter": 0,
                "extras": 0,
                "total": 0
              }
            },
            {
              "batter": "JP Inglis",
              "bowler": "JK Lalor",
              "non_striker": "LS Livingstone",
              "runs": {
                "batter": 0,
                "extras": 0,
                "total": 0
              },
              "wickets": [
                {
                  "kind": "caught and bowled",
                  "player_out": "JP Inglis"
                }
              ]
            },
            {
              "batter": "SM Whiteman",
              "bowler": "JK Lalor",
              "non_striker": "LS Livingstone",
              "runs": {
                "batter": 0,
                "extras": 0,
                "total": 0
              }
            },
            {
              "batter": "SM Whiteman",
              "bowler": "JK Lalor",
              "non_striker": "LS Livingstone",
              "runs": {
                "batter": 1,
                "extras": 0,
                "total": 1
              }
            },
            {
              "batter": "LS Livingstone",
              "bowler": "JK Lalor",
              "non_striker": "SM Whiteman",
              "runs": {
                "batter": 0,
                "extras": 0,
                "total": 0
              }
            }
          ]
        },
        {
          "over": 4,
          "deliveries": [
            {
              "batter": "SM Whiteman",
              "bowler": "JL Pattinson",
              "non_striker": "LS Livingstone",
              "runs": {
                "batter": 1,
                "extras": 0,
                "total": 1
              }
            },
            {
              "batter": "LS Livingstone",
              "bowler": "JL Pattinson",
              "non_striker": "SM Whiteman",
              "runs": {
                "batter": 4,
                "extras": 0,
                "total": 4
              }
            },
            {
              "batter": "LS Livingstone",
              "bowler": "JL Pattinson",
              "non_striker": "SM Whiteman",
              "runs": {
                "batter": 0,
                "extras": 0,
                "total": 0
              }
            },
            {
              "batter": "LS Livingstone",
              "bowler": "JL Pattinson",
              "non_striker": "SM Whiteman",
              "runs": {
                "batter": 4,
                "extras": 0,
                "total": 4
              }
            },
            {
              "batter": "LS Livingstone",
              "bowler": "JL Pattinson",
              "non_striker": "SM Whiteman",
              "runs": {
                "batter": 0,
                "extras": 0,
                "total": 0
              }
            },
            {
              "batter": "LS Livingstone",
              "bowler": "JL Pattinson",
              "non_striker": "SM Whiteman",
              "runs": {
                "batter": 1,
                "extras": 0,
                "total": 1
              }
            }
          ]
        },
        {
          "over": 5,
          "deliveries": [
            {
              "batter": "LS Livingstone",
              "bowler": "Zahir Khan",
              "non_striker": "SM Whiteman",
              "runs": {
                "batter": 0,
                "extras": 0,
                "total": 0
              }
            },
            {
              "batter": "LS Livingstone",
              "bowler": "Zahir Khan",
              "non_striker": "SM Whiteman",
              "runs": {
                "batter": 4,
                "extras": 0,
                "total": 4
              }
            },
            {
              "batter": "LS Livingstone",
              "bowler": "Zahir Khan",
              "non_striker": "SM Whiteman",
              "runs": {
                "batter": 1,
                "extras": 0,
                "total": 1
              }
            },
            {
              "batter": "SM Whiteman",
              "bowler": "Zahir Khan",
              "non_striker": "LS Livingstone",
              "runs": {
                "batter": 1,
                "extras": 0,
                "total": 1
              }
            },
            {
              "batter": "LS Livingstone",
              "bowler": "Zahir Khan",
              "non_striker": "SM Whiteman",
              "runs": {
                "batter": 6,
                "extras": 0,
                "total": 6
              }
            },
            {
              "batter": "LS Livingstone",
              "bowler": "Zahir Khan",
              "non_striker": "SM Whiteman",
              "runs": {
                "batter": 1,
                "extras": 0,
                "total": 1
              }
            }
          ]
        },
        {
          "over": 6,
          "deliveries": [
            {
              "batter": "LS Livingstone",
              "bowler": "B Laughlin",
              "non_striker": "SM Whiteman",
              "runs": {
                "batter": 1,
                "extras": 0,
                "total": 1
              }
            },
            {
              "batter": "SM Whiteman",
              "bowler": "B Laughlin",
              "non_striker": "LS Livingstone",
              "runs": {
                "batter": 1,
                "extras": 0,
                "total": 1
              }
            },
            {
              "batter": "LS Livingstone",
              "bowler": "B Laughlin",
              "non_striker": "SM Whiteman",
              "runs": {
                "batter": 1,
                "extras": 0,
                "total": 1
              }
            },
            {
              "batter": "SM Whiteman",
              "bowler": "B Laughlin",
              "non_striker": "LS Livingstone",
              "runs": {
                "batter": 0,
                "extras": 0,
                "total": 0
              },
              "wickets": [
                {
                  "kind": "caught",
                  "player_out": "SM Whiteman",
                  "fielders": [
                    {
                      "name": "JA Burns"
                    }
                  ]
                }
              ]
            },
            {
              "batter": "MR Marsh",
              "bowler": "B Laughlin",
              "non_striker": "LS Livingstone",
              "runs": {
                "batter": 2,
                "extras": 0,
                "total": 2
              }
            },
            {
              "batter": "MR Marsh",
              "bowler": "B Laughlin",
              "non_striker": "LS Livingstone",
              "runs": {
                "batter": 4,
                "extras": 0,
                "total": 4
              }
            }
          ]
        },
        {
          "over": 7,
          "deliveries": [
            {
              "batter": "LS Livingstone",
              "bowler": "BCJ Cutting",
              "non_striker": "MR Marsh",
              "runs": {
                "batter": 1,
                "extras": 0,
                "total": 1
              }
            },
            {
              "batter": "MR Marsh",
              "bowler": "BCJ Cutting",
              "non_striker": "LS Livingstone",
              "runs": {
                "batter": 0,
                "extras": 0,
                "total": 0
              }
            },
            {
              "batter": "MR Marsh",
              "bowler": "BCJ Cutting",
              "non_striker": "LS Livingstone",
              "runs": {
                "batter": 2,
                "extras": 0,
                "total": 2
              }
            },
            {
              "batter": "MR Marsh",
              "bowler": "BCJ Cutting",
              "non_striker": "LS Livingstone",
              "runs": {
                "batter": 1,
                "extras": 0,
                "total": 1
              }
            },
            {
              "batter": "LS Livingstone",
              "bowler": "BCJ Cutting",
              "non_striker": "MR Marsh",
              "runs": {
                "batter": 2,
                "extras": 0,
                "total": 2
              }
            },
            {
              "batter": "LS Livingstone",
              "bowler": "BCJ Cutting",
              "non_striker": "MR Marsh",
              "runs": {
                "batter": 0,
                "extras": 0,
                "total": 0
              }
            }
          ]
        },
        {
          "over": 8,
          "deliveries": [
            {
              "batter": "MR Marsh",
              "bowler": "Zahir Khan",
              "non_striker": "LS Livingstone",
              "runs": {
                "batter": 0,
                "extras": 0,
                "total": 0
              }
            },
            {
              "batter": "MR Marsh",
              "bowler": "Zahir Khan",
              "non_striker": "LS Livingstone",
              "runs": {
                "batter": 1,
                "extras": 0,
                "total": 1
              }
            },
            {
              "batter": "LS Livingstone",
              "bowler": "Zahir Khan",
              "non_striker": "MR Marsh",
              "runs": {
                "batter": 1,
                "extras": 0,
                "total": 1
              }
            },
            {
              "batter": "MR Marsh",
              "bowler": "Zahir Khan",
              "non_striker": "LS Livingstone",
              "runs": {
                "batter": 0,
                "extras": 0,
                "total": 0
              }
            },
            {
              "batter": "MR Marsh",
              "bowler": "Zahir Khan",
              "non_striker": "LS Livingstone",
              "runs": {
                "batter": 1,
                "extras": 0,
                "total": 1
              }
            },
            {
              "batter": "LS Livingstone",
              "bowler": "Zahir Khan",
              "non_striker": "MR Marsh",
              "runs": {
                "batter": 1,
                "extras": 0,
                "total": 1
              }
            }
          ]
        },
        {
          "over": 9,
          "deliveries": [
            {
              "batter": "LS Livingstone",
              "bowler": "BCJ Cutting",
              "non_striker": "MR Marsh",
              "runs": {
                "batter": 1,
                "extras": 0,
                "total": 1
              }
            },
            {
              "batter": "MR Marsh",
              "bowler": "BCJ Cutting",
              "non_striker": "LS Livingstone",
              "runs": {
                "batter": 1,
                "extras": 0,
                "total": 1
              }
            },
            {
              "batter": "LS Livingstone",
              "bowler": "BCJ Cutting",
              "non_striker": "MR Marsh",
              "runs": {
                "batter": 1,
                "extras": 0,
                "total": 1
              }
            },
            {
              "batter": "MR Marsh",
              "bowler": "BCJ Cutting",
              "non_striker": "LS Livingstone",
              "runs": {
                "batter": 1,
                "extras": 0,
                "total": 1
              }
            },
            {
              "batter": "LS Livingstone",
              "bowler": "BCJ Cutting",
              "non_striker": "MR Marsh",
              "runs": {
                "batter": 0,
                "extras": 0,
                "total": 0
              }
            },
            {
              "batter": "LS Livingstone",
              "bowler": "BCJ Cutting",
              "non_striker": "MR Marsh",
              "runs": {
                "batter": 1,
                "extras": 0,
                "total": 1
              }
            }
          ]
        },
        {
          "over": 10,
          "deliveries": [
            {
              "batter": "LS Livingstone",
              "bowler": "Zahir Khan",
              "non_striker": "MR Marsh",
              "runs": {
                "batter": 1,
                "extras": 0,
                "total": 1
              }
            },
            {
              "batter": "MR Marsh",
              "bowler": "Zahir Khan",
              "non_striker": "LS Livingstone",
              "runs": {
                "batter": 1,
                "extras": 0,
                "total": 1
              }
            },
            {
              "batter": "LS Livingstone",
              "bowler": "Zahir Khan",
              "non_striker": "MR Marsh",
              "runs": {
                "batter": 0,
                "extras": 0,
                "total": 0
              },
              "wickets": [
                {
                  "kind": "caught",
                  "player_out": "LS Livingstone",
                  "fielders": [
                    {
                      "name": "B Laughlin"
                    }
                  ]
                }
              ]
            },
            {
              "batter": "MR Marsh",
              "bowler": "Zahir Khan",
              "non_striker": "CT Bancroft",
              "runs": {
                "batter": 1,
                "extras": 0,
                "total": 1
              }
            },
            {
              "batter": "CT Bancroft",
              "bowler": "Zahir Khan",
              "non_striker": "MR Marsh",
              "runs": {
                "batter": 0,
                "extras": 0,
                "total": 0
              }
            },
            {
              "batter": "CT Bancroft",
              "bowler": "Zahir Khan",
              "non_striker": "MR Marsh",
              "runs": {
                "batter": 1,
                "extras": 0,
                "total": 1
              }
            }
          ]
        },
        {
          "over": 11,
          "deliveries": [
            {
              "batter": "CT Bancroft",
              "bowler": "BCJ Cutting",
              "non_striker": "MR Marsh",
              "runs": {
                "batter": 0,
                "extras": 0,
                "total": 0
              }
            },
            {
              "batter": "CT Bancroft",
              "bowler": "BCJ Cutting",
              "non_striker": "MR Marsh",
              "runs": {
                "batter": 1,
                "extras": 0,
                "total": 1
              }
            },
            {
              "batter": "MR Marsh",
              "bowler": "BCJ Cutting",
              "non_striker": "CT Bancroft",
              "runs": {
                "batter": 1,
                "extras": 0,
                "total": 1
              }
            },
            {
              "batter": "CT Bancroft",
              "bowler": "BCJ Cutting",
              "non_striker": "MR Marsh",
              "runs": {
                "batter": 0,
                "extras": 0,
                "total": 0
              }
            },
            {
              "batter": "CT Bancroft",
              "bowler": "BCJ Cutting",
              "non_striker": "MR Marsh",
              "runs": {
                "batter": 1,
                "extras": 0,
                "total": 1
              }
            },
            {
              "batter": "MR Marsh",
              "bowler": "BCJ Cutting",
              "non_striker": "CT Bancroft",
              "runs": {
                "batter": 1,
                "extras": 0,
                "total": 1
              }
            }
          ]
        },
        {
          "over": 12,
          "deliveries": [
            {
              "batter": "MR Marsh",
              "bowler": "JL Pattinson",
              "non_striker": "CT Bancroft",
              "runs": {
                "batter": 1,
                "extras": 0,
                "total": 1
              }
            },
            {
              "batter": "CT Bancroft",
              "bowler": "JL Pattinson",
              "non_striker": "MR Marsh",
              "runs": {
                "batter": 1,
                "extras": 0,
                "total": 1
              }
            },
            {
              "batter": "MR Marsh",
              "bowler": "JL Pattinson",
              "non_striker": "CT Bancroft",
              "runs": {
                "batter": 1,
                "extras": 0,
                "total": 1
              }
            },
            {
              "batter": "CT Bancroft",
              "bowler": "JL Pattinson",
              "non_striker": "MR Marsh",
              "runs": {
                "batter": 2,
                "extras": 0,
                "total": 2
              }
            },
            {
              "batter": "CT Bancroft",
              "bowler": "JL Pattinson",
              "non_striker": "MR Marsh",
              "runs": {
                "batter": 2,
                "extras": 0,
                "total": 2
              }
            },
            {
              "batter": "CT Bancroft",
              "bowler": "JL Pattinson",
              "non_striker": "MR Marsh",
              "runs": {
                "batter": 1,
                "extras": 0,
                "total": 1
              }
            }
          ]
        },
        {
          "over": 13,
          "deliveries": [
            {
              "batter": "CT Bancroft",
              "bowler": "B Laughlin",
              "non_striker": "MR Marsh",
              "runs": {
                "batter": 1,
                "extras": 0,
                "total": 1
              }
            },
            {
              "batter": "MR Marsh",
              "bowler": "B Laughlin",
              "non_striker": "CT Bancroft",
              "runs": {
                "batter": 6,
                "extras": 0,
                "total": 6
              }
            },
            {
              "batter": "MR Marsh",
              "bowler": "B Laughlin",
              "non_striker": "CT Bancroft",
              "runs": {
                "batter": 2,
                "extras": 0,
                "total": 2
              }
            },
            {
              "batter": "MR Marsh",
              "bowler": "B Laughlin",
              "non_striker": "CT Bancroft",
              "runs": {
                "batter": 1,
                "extras": 0,
                "total": 1
              }
            },
            {
              "batter": "CT Bancroft",
              "bowler": "B Laughlin",
              "non_striker": "MR Marsh",
              "runs": {
                "batter": 1,
                "extras": 0,
                "total": 1
              }
            },
            {
              "batter": "MR Marsh",
              "bowler": "B Laughlin",
              "non_striker": "CT Bancroft",
              "runs": {
                "batter": 2,
                "extras": 0,
                "total": 2
              }
            }
          ]
        },
        {
          "over": 14,
          "deliveries": [
            {
              "batter": "CT Bancroft",
              "bowler": "JK Lalor",
              "non_striker": "MR Marsh",
              "runs": {
                "batter": 6,
                "extras": 0,
                "total": 6
              }
            },
            {
              "batter": "CT Bancroft",
              "bowler": "JK Lalor",
              "non_striker": "MR Marsh",
              "runs": {
                "batter": 1,
                "extras": 0,
                "total": 1
              }
            },
            {
              "batter": "MR Marsh",
              "bowler": "JK Lalor",
              "extras": {
                "legbyes": 1
              },
              "non_striker": "CT Bancroft",
              "runs": {
                "batter": 0,
                "extras": 1,
                "total": 1
              }
            },
            {
              "batter": "CT Bancroft",
              "bowler": "JK Lalor",
              "non_striker": "MR Marsh",
              "runs": {
                "batter": 0,
                "extras": 0,
                "total": 0
              }
            },
            {
              "batter": "CT Bancroft",
              "bowler": "JK Lalor",
              "non_striker": "MR Marsh",
              "runs": {
                "batter": 1,
                "extras": 0,
                "total": 1
              }
            },
            {
              "batter": "MR Marsh",
              "bowler": "JK Lalor",
              "non_striker": "CT Bancroft",
              "runs": {
                "batter": 1,
                "extras": 0,
                "total": 1
              }
            }
          ]
        },
        {
          "over": 15,
          "deliveries": [
            {
              "batter": "MR Marsh",
              "bowler": "JL Pattinson",
              "non_striker": "CT Bancroft",
              "runs": {
                "batter": 6,
                "extras": 0,
                "total": 6
              }
            },
            {
              "batter": "MR Marsh",
              "bowler": "JL Pattinson",
              "non_striker": "CT Bancroft",
              "runs": {
                "batter": 0,
                "extras": 0,
                "total": 0
              }
            },
            {
              "batter": "MR Marsh",
              "bowler": "JL Pattinson",
              "non_striker": "CT Bancroft",
              "runs": {
                "batter": 6,
                "extras": 0,
                "total": 6
              }
            },
            {
              "batter": "MR Marsh",
              "bowler": "JL Pattinson",
              "non_striker": "CT Bancroft",
              "runs": {
                "batter": 4,
                "extras": 0,
                "total": 4
              }
            },
            {
              "batter": "MR Marsh",
              "bowler": "JL Pattinson",
              "non_striker": "CT Bancroft",
              "runs": {
                "batter": 1,
                "extras": 0,
                "total": 1
              }
            },
            {
              "batter": "CT Bancroft",
              "bowler": "JL Pattinson",
              "non_striker": "MR Marsh",
              "runs": {
                "batter": 1,
                "extras": 0,
                "total": 1
              }
            }
          ]
        },
        {
          "over": 16,
          "deliveries": [
            {
              "batter": "CT Bancroft",
              "bowler": "B Laughlin",
              "non_striker": "MR Marsh",
              "runs": {
                "batter": 6,
                "extras": 0,
                "total": 6
              }
            },
            {
              "batter": "CT Bancroft",
              "bowler": "B Laughlin",
              "non_striker": "MR Marsh",
              "runs": {
                "batter": 1,
                "extras": 0,
                "total": 1
              }
            },
            {
              "batter": "MR Marsh",
              "bowler": "B Laughlin",
              "non_striker": "CT Bancroft",
              "runs": {
                "batter": 1,
                "extras": 0,
                "total": 1
              }
            },
            {
              "batter": "CT Bancroft",
              "bowler": "B Laughlin",
              "extras": {
                "noballs": 1
              },
              "non_striker": "MR Marsh",
              "runs": {
                "batter": 0,
                "extras": 1,
                "total": 1
              }
            },
            {
              "batter": "CT Bancroft",
              "bowler": "B Laughlin",
              "extras": {
                "wides": 1
              },
              "non_striker": "MR Marsh",
              "runs": {
                "batter": 0,
                "extras": 1,
                "total": 1
              }
            },
            {
              "batter": "CT Bancroft",
              "bowler": "B Laughlin",
              "non_striker": "MR Marsh",
              "runs": {
                "batter": 0,
                "extras": 0,
                "total": 0
              }
            },
            {
              "batter": "CT Bancroft",
              "bowler": "B Laughlin",
              "non_striker": "MR Marsh",
              "runs": {
                "batter": 1,
                "extras": 0,
                "total": 1
              }
            },
            {
              "batter": "MR Marsh",
              "bowler": "B Laughlin",
              "non_striker": "CT Bancroft",
              "runs": {
                "batter": 4,
                "extras": 0,
                "total": 4
              }
            }
          ]
        },
        {
          "over": 17,
          "deliveries": [
            {
              "batter": "CT Bancroft",
              "bowler": "BCJ Cutting",
              "non_striker": "MR Marsh",
              "runs": {
                "batter": 1,
                "extras": 0,
                "total": 1
              }
            },
            {
              "batter": "MR Marsh",
              "bowler": "BCJ Cutting",
              "non_striker": "CT Bancroft",
              "runs": {
                "batter": 1,
                "extras": 0,
                "total": 1
              }
            },
            {
              "batter": "CT Bancroft",
              "bowler": "BCJ Cutting",
              "non_striker": "MR Marsh",
              "runs": {
                "batter": 6,
                "extras": 0,
                "total": 6
              }
            },
            {
              "batter": "CT Bancroft",
              "bowler": "BCJ Cutting",
              "non_striker": "MR Marsh",
              "runs": {
                "batter": 1,
                "extras": 0,
                "total": 1
              }
            },
            {
              "batter": "MR Marsh",
              "bowler": "BCJ Cutting",
              "non_striker": "CT Bancroft",
              "runs": {
                "batter": 1,
                "extras": 0,
                "total": 1
              }
            },
            {
              "batter": "CT Bancroft",
              "bowler": "BCJ Cutting",
              "non_striker": "MR Marsh",
              "runs": {
                "batter": 1,
                "extras": 0,
                "total": 1
              }
            }
          ]
        },
        {
          "over": 18,
          "deliveries": [
            {
              "batter": "CT Bancroft",
              "bowler": "JK Lalor",
              "non_striker": "MR Marsh",
              "runs": {
                "batter": 2,
                "extras": 0,
                "total": 2
              }
            },
            {
              "batter": "CT Bancroft",
              "bowler": "JK Lalor",
              "non_striker": "MR Marsh",
              "runs": {
                "batter": 1,
                "extras": 0,
                "total": 1
              }
            },
            {
              "batter": "MR Marsh",
              "bowler": "JK Lalor",
              "non_striker": "CT Bancroft",
              "runs": {
                "batter": 6,
                "extras": 0,
                "total": 6
              }
            },
            {
              "batter": "MR Marsh",
              "bowler": "JK Lalor",
              "non_striker": "CT Bancroft",
              "runs": {
                "batter": 6,
                "extras": 0,
                "total": 6
              }
            },
            {
              "batter": "MR Marsh",
              "bowler": "JK Lalor",
              "extras": {
                "wides": 1
              },
              "non_striker": "CT Bancroft",
              "runs": {
                "batter": 0,
                "extras": 1,
                "total": 1
              }
            },
            {
              "batter": "MR Marsh",
              "bowler": "JK Lalor",
              "non_striker": "CT Bancroft",
              "runs": {
                "batter": 2,
                "extras": 0,
                "total": 2
              }
            },
            {
              "batter": "MR Marsh",
              "bowler": "JK Lalor",
              "non_striker": "CT Bancroft",
              "runs": {
                "batter": 2,
                "extras": 0,
                "total": 2
              }
            }
          ]
        },
        {
          "over": 19,
          "deliveries": [
            {
              "batter": "CT Bancroft",
              "bowler": "B Laughlin",
              "non_striker": "MR Marsh",
              "runs": {
                "batter": 1,
                "extras": 0,
                "total": 1
              }
            },
            {
              "batter": "MR Marsh",
              "bowler": "B Laughlin",
              "non_striker": "CT Bancroft",
              "runs": {
                "batter": 2,
                "extras": 0,
                "total": 2
              }
            },
            {
              "batter": "MR Marsh",
              "bowler": "B Laughlin",
              "non_striker": "CT Bancroft",
              "runs": {
                "batter": 2,
                "extras": 0,
                "total": 2
              }
            },
            {
              "batter": "MR Marsh",
              "bowler": "B Laughlin",
              "non_striker": "CT Bancroft",
              "runs": {
                "batter": 6,
                "extras": 0,
                "total": 6
              }
            },
            {
              "batter": "MR Marsh",
              "bowler": "B Laughlin",
              "non_striker": "CT Bancroft",
              "runs": {
                "batter": 6,
                "extras": 0,
                "total": 6
              }
            },
            {
              "batter": "MR Marsh",
              "bowler": "B Laughlin",
              "non_striker": "CT Bancroft",
              "runs": {
                "batter": 6,
                "extras": 0,
                "total": 6
              }
            }
          ]
        }
      ],
      "powerplays": [
        {
          "from": 0.1,
          "to": 5.6,
          "type": "mandatory"
        }
      ]
    },
    {
      "team": "Brisbane Heat",
      "overs": [
        {
          "over": 0,
          "deliveries": [
            {
              "batter": "T Banton",
              "bowler": "JA Richardson",
              "non_striker": "M Bryant",
              "runs": {
                "batter": 0,
                "extras": 0,
                "total": 0
              }
            },
            {
              "batter": "T Banton",
              "bowler": "JA Richardson",
              "non_striker": "M Bryant",
              "runs": {
                "batter": 1,
                "extras": 0,
                "total": 1
              }
            },
            {
              "batter": "M Bryant",
              "bowler": "JA Richardson",
              "non_striker": "T Banton",
              "runs": {
                "batter": 0,
                "extras": 0,
                "total": 0
              }
            },
            {
              "batter": "M Bryant",
              "bowler": "JA Richardson",
              "extras": {
                "legbyes": 1
              },
              "non_striker": "T Banton",
              "runs": {
                "batter": 0,
                "extras": 1,
                "total": 1
              }
            },
            {
              "batter": "T Banton",
              "bowler": "JA Richardson",
              "non_striker": "M Bryant",
              "runs": {
                "batter": 0,
                "extras": 0,
                "total": 0
              }
            },
            {
              "batter": "T Banton",
              "bowler": "JA Richardson",
              "non_striker": "M Bryant",
              "runs": {
                "batter": 4,
                "extras": 0,
                "total": 4
              }
            }
          ]
        },
        {
          "over": 1,
          "deliveries": [
            {
              "batter": "M Bryant",
              "bowler": "JS Paris",
              "non_striker": "T Banton",
              "runs": {
                "batter": 0,
                "extras": 0,
                "total": 0
              }
            },
            {
              "batter": "M Bryant",
              "bowler": "JS Paris",
              "non_striker": "T Banton",
              "runs": {
                "batter": 1,
                "extras": 0,
                "total": 1
              }
            },
            {
              "batter": "T Banton",
              "bowler": "JS Paris",
              "non_striker": "M Bryant",
              "runs": {
                "batter": 0,
                "extras": 0,
                "total": 0
              }
            },
            {
              "batter": "T Banton",
              "bowler": "JS Paris",
              "non_striker": "M Bryant",
              "runs": {
                "batter": 4,
                "extras": 0,
                "total": 4
              }
            },
            {
              "batter": "T Banton",
              "bowler": "JS Paris",
              "non_striker": "M Bryant",
              "runs": {
                "batter": 0,
                "extras": 0,
                "total": 0
              }
            },
            {
              "batter": "T Banton",
              "bowler": "JS Paris",
              "non_striker": "M Bryant",
              "runs": {
                "batter": 1,
                "extras": 0,
                "total": 1
              }
            }
          ]
        },
        {
          "over": 2,
          "deliveries": [
            {
              "batter": "T Banton",
              "bowler": "CJ Jordan",
              "non_striker": "M Bryant",
              "runs": {
                "batter": 6,
                "extras": 0,
                "total": 6
              }
            },
            {
              "batter": "T Banton",
              "bowler": "CJ Jordan",
              "non_striker": "M Bryant",
              "runs": {
                "batter": 4,
                "extras": 0,
                "total": 4
              }
            },
            {
              "batter": "T Banton",
              "bowler": "CJ Jordan",
              "non_striker": "M Bryant",
              "runs": {
                "batter": 0,
                "extras": 0,
                "total": 0
              }
            },
            {
              "batter": "T Banton",
              "bowler": "CJ Jordan",
              "non_striker": "M Bryant",
              "runs": {
                "batter": 0,
                "extras": 0,
                "total": 0
              }
            },
            {
              "batter": "T Banton",
              "bowler": "CJ Jordan",
              "non_striker": "M Bryant",
              "runs": {
                "batter": 1,
                "extras": 0,
                "total": 1
              }
            },
            {
              "batter": "M Bryant",
              "bowler": "CJ Jordan",
              "extras": {
                "wides": 1
              },
              "non_striker": "T Banton",
              "runs": {
                "batter": 0,
                "extras": 1,
                "total": 1
              }
            },
            {
              "batter": "M Bryant",
              "bowler": "CJ Jordan",
              "non_striker": "T Banton",
              "runs": {
                "batter": 4,
                "extras": 0,
                "total": 4
              }
            }
          ]
        },
        {
          "over": 3,
          "deliveries": [
            {
              "batter": "T Banton",
              "bowler": "JA Richardson",
              "non_striker": "M Bryant",
              "runs": {
                "batter": 6,
                "extras": 0,
                "total": 6
              }
            },
            {
              "batter": "T Banton",
              "bowler": "JA Richardson",
              "non_striker": "M Bryant",
              "runs": {
                "batter": 1,
                "extras": 0,
                "total": 1
              }
            },
            {
              "batter": "M Bryant",
              "bowler": "JA Richardson",
              "non_striker": "T Banton",
              "runs": {
                "batter": 0,
                "extras": 0,
                "total": 0
              },
              "wickets": [
                {
                  "kind": "caught",
                  "player_out": "M Bryant",
                  "fielders": [
                    {
                      "name": "C Green"
                    }
                  ]
                }
              ]
            },
            {
              "batter": "T Banton",
              "bowler": "JA Richardson",
              "non_striker": "CA Lynn",
              "runs": {
                "batter": 1,
                "extras": 0,
                "total": 1
              }
            },
            {
              "batter": "CA Lynn",
              "bowler": "JA Richardson",
              "non_striker": "T Banton",
              "runs": {
                "batter": 0,
                "extras": 0,
                "total": 0
              }
            },
            {
              "batter": "CA Lynn",
              "bowler": "JA Richardson",
              "non_striker": "T Banton",
              "runs": {
                "batter": 1,
                "extras": 0,
                "total": 1
              }
            }
          ]
        },
        {
          "over": 4,
          "deliveries": [
            {
              "batter": "CA Lynn",
              "bowler": "Fawad Ahmed",
              "non_striker": "T Banton",
              "runs": {
                "batter": 4,
                "extras": 0,
                "total": 4
              }
            },
            {
              "batter": "CA Lynn",
              "bowler": "Fawad Ahmed",
              "non_striker": "T Banton",
              "runs": {
                "batter": 0,
                "extras": 0,
                "total": 0
              }
            },
            {
              "batter": "CA Lynn",
              "bowler": "Fawad Ahmed",
              "non_striker": "T Banton",
              "runs": {
                "batter": 6,
                "extras": 0,
                "total": 6
              }
            },
            {
              "batter": "CA Lynn",
              "bowler": "Fawad Ahmed",
              "non_striker": "T Banton",
              "runs": {
                "batter": 1,
                "extras": 0,
                "total": 1
              }
            },
            {
              "batter": "T Banton",
              "bowler": "Fawad Ahmed",
              "non_striker": "CA Lynn",
              "runs": {
                "batter": 4,
                "extras": 0,
                "total": 4
              }
            },
            {
              "batter": "T Banton",
              "bowler": "Fawad Ahmed",
              "non_striker": "CA Lynn",
              "runs": {
                "batter": 4,
                "extras": 0,
                "total": 4
              }
            }
          ]
        },
        {
          "over": 5,
          "deliveries": [
            {
              "batter": "CA Lynn",
              "bowler": "CJ Jordan",
              "non_striker": "T Banton",
              "runs": {
                "batter": 2,
                "extras": 0,
                "total": 2
              }
            },
            {
              "batter": "CA Lynn",
              "bowler": "CJ Jordan",
              "non_striker": "T Banton",
              "runs": {
                "batter": 0,
                "extras": 0,
                "total": 0
              }
            },
            {
              "batter": "CA Lynn",
              "bowler": "CJ Jordan",
              "non_striker": "T Banton",
              "runs": {
                "batter": 0,
                "extras": 0,
                "total": 0
              },
              "wickets": [
                {
                  "kind": "caught",
                  "player_out": "CA Lynn",
                  "fielders": [
                    {
                      "name": "LS Livingstone"
                    }
                  ]
                }
              ]
            },
            {
              "batter": "T Banton",
              "bowler": "CJ Jordan",
              "extras": {
                "wides": 1
              },
              "non_striker": "MT Renshaw",
              "runs": {
                "batter": 0,
                "extras": 1,
                "total": 1
              }
            },
            {
              "batter": "T Banton",
              "bowler": "CJ Jordan",
              "non_striker": "MT Renshaw",
              "runs": {
                "batter": 4,
                "extras": 0,
                "total": 4
              }
            },
            {
              "batter": "T Banton",
              "bowler": "CJ Jordan",
              "non_striker": "MT Renshaw",
              "runs": {
                "batter": 1,
                "extras": 0,
                "total": 1
              }
            },
            {
              "batter": "MT Renshaw",
              "bowler": "CJ Jordan",
              "non_striker": "T Banton",
              "runs": {
                "batter": 1,
                "extras": 0,
                "total": 1
              }
            }
          ]
        },
        {
          "over": 6,
          "deliveries": [
            {
              "batter": "MT Renshaw",
              "bowler": "JS Paris",
              "non_striker": "T Banton",
              "runs": {
                "batter": 0,
                "extras": 0,
                "total": 0
              },
              "wickets": [
                {
                  "kind": "caught",
                  "player_out": "MT Renshaw",
                  "fielders": [
                    {
                      "name": "MR Marsh"
                    }
                  ]
                }
              ]
            },
            {
              "batter": "JA Burns",
              "bowler": "JS Paris",
              "non_striker": "T Banton",
              "runs": {
                "batter": 0,
                "extras": 0,
                "total": 0
              }
            },
            {
              "batter": "JA Burns",
              "bowler": "JS Paris",
              "non_striker": "T Banton",
              "runs": {
                "batter": 1,
                "extras": 0,
                "total": 1
              }
            },
            {
              "batter": "T Banton",
              "bowler": "JS Paris",
              "non_striker": "JA Burns",
              "runs": {
                "batter": 1,
                "extras": 0,
                "total": 1
              }
            },
            {
              "batter": "JA Burns",
              "bowler": "JS Paris",
              "non_striker": "T Banton",
              "runs": {
                "batter": 1,
                "extras": 0,
                "total": 1
              }
            },
            {
              "batter": "T Banton",
              "bowler": "JS Paris",
              "non_striker": "JA Burns",
              "runs": {
                "batter": 1,
                "extras": 0,
                "total": 1
              }
            }
          ]
        },
        {
          "over": 7,
          "deliveries": [
            {
              "batter": "T Banton",
              "bowler": "MR Marsh",
              "non_striker": "JA Burns",
              "runs": {
                "batter": 2,
                "extras": 0,
                "total": 2
              }
            },
            {
              "batter": "T Banton",
              "bowler": "MR Marsh",
              "non_striker": "JA Burns",
              "runs": {
                "batter": 0,
                "extras": 0,
                "total": 0
              }
            },
            {
              "batter": "T Banton",
              "bowler": "MR Marsh",
              "non_striker": "JA Burns",
              "runs": {
                "batter": 4,
                "extras": 0,
                "total": 4
              }
            },
            {
              "batter": "T Banton",
              "bowler": "MR Marsh",
              "non_striker": "JA Burns",
              "runs": {
                "batter": 1,
                "extras": 0,
                "total": 1
              }
            },
            {
              "batter": "JA Burns",
              "bowler": "MR Marsh",
              "non_striker": "T Banton",
              "runs": {
                "batter": 1,
                "extras": 0,
                "total": 1
              }
            },
            {
              "batter": "T Banton",
              "bowler": "MR Marsh",
              "non_striker": "JA Burns",
              "runs": {
                "batter": 1,
                "extras": 0,
                "total": 1
              }
            }
          ]
        },
        {
          "over": 8,
          "deliveries": [
            {
              "batter": "T Banton",
              "bowler": "JS Paris",
              "non_striker": "JA Burns",
              "runs": {
                "batter": 1,
                "extras": 0,
                "total": 1
              }
            },
            {
              "batter": "JA Burns",
              "bowler": "JS Paris",
              "non_striker": "T Banton",
              "runs": {
                "batter": 2,
                "extras": 0,
                "total": 2
              }
            },
            {
              "batter": "JA Burns",
              "bowler": "JS Paris",
              "non_striker": "T Banton",
              "runs": {
                "batter": 1,
                "extras": 0,
                "total": 1
              }
            },
            {
              "batter": "T Banton",
              "bowler": "JS Paris",
              "non_striker": "JA Burns",
              "runs": {
                "batter": 1,
                "extras": 0,
                "total": 1
              }
            },
            {
              "batter": "JA Burns",
              "bowler": "JS Paris",
              "non_striker": "T Banton",
              "runs": {
                "batter": 1,
                "extras": 0,
                "total": 1
              }
            },
            {
              "batter": "T Banton",
              "bowler": "JS Paris",
              "non_striker": "JA Burns",
              "runs": {
                "batter": 0,
                "extras": 0,
                "total": 0
              }
            }
          ]
        },
        {
          "over": 9,
          "deliveries": [
            {
              "batter": "JA Burns",
              "bowler": "Fawad Ahmed",
              "non_striker": "T Banton",
              "runs": {
                "batter": 0,
                "extras": 0,
                "total": 0
              }
            },
            {
              "batter": "JA Burns",
              "bowler": "Fawad Ahmed",
              "non_striker": "T Banton",
              "runs": {
                "batter": 1,
                "extras": 0,
                "total": 1
              }
            },
            {
              "batter": "T Banton",
              "bowler": "Fawad Ahmed",
              "non_striker": "JA Burns",
              "runs": {
                "batter": 1,
                "extras": 0,
                "total": 1
              }
            },
            {
              "batter": "JA Burns",
              "bowler": "Fawad Ahmed",
              "non_striker": "T Banton",
              "runs": {
                "batter": 2,
                "extras": 0,
                "total": 2
              }
            },
            {
              "batter": "JA Burns",
              "bowler": "Fawad Ahmed",
              "non_striker": "T Banton",
              "runs": {
                "batter": 1,
                "extras": 0,
                "total": 1
              }
            },
            {
              "batter": "T Banton",
              "bowler": "Fawad Ahmed",
              "non_striker": "JA Burns",
              "runs": {
                "batter": 0,
                "extras": 0,
                "total": 0
              },
              "wickets": [
                {
                  "kind": "caught and bowled",
                  "player_out": "T Banton"
                }
              ]
            }
          ]
        },
        {
          "over": 10,
          "deliveries": [
            {
              "batter": "BCJ Cutting",
              "bowler": "LS Livingstone",
              "non_striker": "JA Burns",
              "runs": {
                "batter": 1,
                "extras": 0,
                "total": 1
              }
            },
            {
              "batter": "JA Burns",
              "bowler": "LS Livingstone",
              "non_striker": "BCJ Cutting",
              "runs": {
                "batter": 1,
                "extras": 0,
                "total": 1
              }
            },
            {
              "batter": "BCJ Cutting",
              "bowler": "LS Livingstone",
              "non_striker": "JA Burns",
              "runs": {
                "batter": 2,
                "extras": 0,
                "total": 2
              }
            },
            {
              "batter": "BCJ Cutting",
              "bowler": "LS Livingstone",
              "non_striker": "JA Burns",
              "runs": {
                "batter": 0,
                "extras": 0,
                "total": 0
              }
            },
            {
              "batter": "BCJ Cutting",
              "bowler": "LS Livingstone",
              "extras": {
                "wides": 1
              },
              "non_striker": "JA Burns",
              "runs": {
                "batter": 0,
                "extras": 1,
                "total": 1
              }
            },
            {
              "batter": "BCJ Cutting",
              "bowler": "LS Livingstone",
              "non_striker": "JA Burns",
              "runs": {
                "batter": 1,
                "extras": 0,
                "total": 1
              }
            },
            {
              "batter": "JA Burns",
              "bowler": "LS Livingstone",
              "non_striker": "BCJ Cutting",
              "runs": {
                "batter": 1,
                "extras": 0,
                "total": 1
              }
            }
          ]
        },
        {
          "over": 11,
          "deliveries": [
            {
              "batter": "JA Burns",
              "bowler": "Fawad Ahmed",
              "non_striker": "BCJ Cutting",
              "runs": {
                "batter": 0,
                "extras": 0,
                "total": 0
              }
            },
            {
              "batter": "JA Burns",
              "bowler": "Fawad Ahmed",
              "non_striker": "BCJ Cutting",
              "runs": {
                "batter": 1,
                "extras": 0,
                "total": 1
              }
            },
            {
              "batter": "BCJ Cutting",
              "bowler": "Fawad Ahmed",
              "non_striker": "JA Burns",
              "runs": {
                "batter": 0,
                "extras": 0,
                "total": 0
              }
            },
            {
              "batter": "BCJ Cutting",
              "bowler": "Fawad Ahmed",
              "non_striker": "JA Burns",
              "runs": {
                "batter": 0,
                "extras": 0,
                "total": 0
              }
            },
            {
              "batter": "BCJ Cutting",
              "bowler": "Fawad Ahmed",
              "non_striker": "JA Burns",
              "runs": {
                "batter": 0,
                "extras": 0,
                "total": 0
              }
            },
            {
              "batter": "BCJ Cutting",
              "bowler": "Fawad Ahmed",
              "non_striker": "JA Burns",
              "runs": {
                "batter": 0,
                "extras": 0,
                "total": 0
              }
            }
          ]
        },
        {
          "over": 12,
          "deliveries": [
            {
              "batter": "JA Burns",
              "bowler": "LS Livingstone",
              "non_striker": "BCJ Cutting",
              "runs": {
                "batter": 1,
                "extras": 0,
                "total": 1
              }
            },
            {
              "batter": "BCJ Cutting",
              "bowler": "LS Livingstone",
              "non_striker": "JA Burns",
              "runs": {
                "batter": 1,
                "extras": 0,
                "total": 1
              }
            },
            {
              "batter": "JA Burns",
              "bowler": "LS Livingstone",
              "non_striker": "BCJ Cutting",
              "runs": {
                "batter": 6,
                "extras": 0,
                "total": 6
              }
            },
            {
              "batter": "JA Burns",
              "bowler": "LS Livingstone",
              "non_striker": "BCJ Cutting",
              "runs": {
                "batter": 1,
                "extras": 0,
                "total": 1
              }
            },
            {
              "batter": "BCJ Cutting",
              "bowler": "LS Livingstone",
              "non_striker": "JA Burns",
              "runs": {
                "batter": 1,
                "extras": 0,
                "total": 1
              }
            },
            {
              "batter": "JA Burns",
              "bowler": "LS Livingstone",
              "non_striker": "BCJ Cutting",
              "runs": {
                "batter": 1,
                "extras": 0,
                "total": 1
              }
            }
          ]
        },
        {
          "over": 13,
          "deliveries": [
            {
              "batter": "JA Burns",
              "bowler": "Fawad Ahmed",
              "non_striker": "BCJ Cutting",
              "runs": {
                "batter": 1,
                "extras": 0,
                "total": 1
              }
            },
            {
              "batter": "BCJ Cutting",
              "bowler": "Fawad Ahmed",
              "non_striker": "JA Burns",
              "runs": {
                "batter": 1,
                "extras": 0,
                "total": 1
              }
            },
            {
              "batter": "JA Burns",
              "bowler": "Fawad Ahmed",
              "non_striker": "BCJ Cutting",
              "runs": {
                "batter": 6,
                "extras": 0,
                "total": 6
              }
            },
            {
              "batter": "JA Burns",
              "bowler": "Fawad Ahmed",
              "non_striker": "BCJ Cutting",
              "runs": {
                "batter": 0,
                "extras": 0,
                "total": 0
              }
            },
            {
              "batter": "JA Burns",
              "bowler": "Fawad Ahmed",
              "non_striker": "BCJ Cutting",
              "runs": {
                "batter": 1,
                "extras": 0,
                "total": 1
              }
            },
            {
              "batter": "BCJ Cutting",
              "bowler": "Fawad Ahmed",
              "non_striker": "JA Burns",
              "runs": {
                "batter": 1,
                "extras": 0,
                "total": 1
              }
            }
          ]
        },
        {
          "over": 14,
          "deliveries": [
            {
              "batter": "BCJ Cutting",
              "bowler": "JS Paris",
              "non_striker": "JA Burns",
              "runs": {
                "batter": 4,
                "extras": 0,
                "total": 4
              }
            },
            {
              "batter": "BCJ Cutting",
              "bowler": "JS Paris",
              "non_striker": "JA Burns",
              "runs": {
                "batter": 2,
                "extras": 0,
                "total": 2
              }
            },
            {
              "batter": "BCJ Cutting",
              "bowler": "JS Paris",
              "non_striker": "JA Burns",
              "runs": {
                "batter": 6,
                "extras": 0,
                "total": 6
              }
            },
            {
              "batter": "BCJ Cutting",
              "bowler": "JS Paris",
              "non_striker": "JA Burns",
              "runs": {
                "batter": 0,
                "extras": 0,
                "total": 0
              },
              "wickets": [
                {
                  "kind": "caught",
                  "player_out": "BCJ Cutting",
                  "fielders": [
                    {
                      "name": "TH David"
                    }
                  ]
                }
              ]
            },
            {
              "batter": "JJ Peirson",
              "bowler": "JS Paris",
              "non_striker": "JA Burns",
              "runs": {
                "batter": 0,
                "extras": 0,
                "total": 0
              }
            },
            {
              "batter": "JJ Peirson",
              "bowler": "JS Paris",
              "non_striker": "JA Burns",
              "runs": {
                "batter": 1,
                "extras": 0,
                "total": 1
              }
            }
          ]
        },
        {
          "over": 15,
          "deliveries": [
            {
              "batter": "JJ Peirson",
              "bowler": "LS Livingstone",
              "non_striker": "JA Burns",
              "runs": {
                "batter": 1,
                "extras": 0,
                "total": 1
              }
            },
            {
              "batter": "JA Burns",
              "bowler": "LS Livingstone",
              "non_striker": "JJ Peirson",
              "runs": {
                "batter": 1,
                "extras": 0,
                "total": 1
              }
            },
            {
              "batter": "JJ Peirson",
              "bowler": "LS Livingstone",
              "non_striker": "JA Burns",
              "runs": {
                "batter": 6,
                "extras": 0,
                "total": 6
              }
            },
            {
              "batter": "JJ Peirson",
              "bowler": "LS Livingstone",
              "non_striker": "JA Burns",
              "runs": {
                "batter": 0,
                "extras": 0,
                "total": 0
              }
            },
            {
              "batter": "JJ Peirson",
              "bowler": "LS Livingstone",
              "non_striker": "JA Burns",
              "runs": {
                "batter": 0,
                "extras": 0,
                "total": 0
              }
            },
            {
              "batter": "JJ Peirson",
              "bowler": "LS Livingstone",
              "non_striker": "JA Burns",
              "runs": {
                "batter": 1,
                "extras": 0,
                "total": 1
              }
            }
          ]
        },
        {
          "over": 16,
          "deliveries": [
            {
              "batter": "JJ Peirson",
              "bowler": "JA Richardson",
              "extras": {
                "wides": 1
              },
              "non_striker": "JA Burns",
              "runs": {
                "batter": 0,
                "extras": 1,
                "total": 1
              }
            },
            {
              "batter": "JJ Peirson",
              "bowler": "JA Richardson",
              "non_striker": "JA Burns",
              "runs": {
                "batter": 4,
                "extras": 0,
                "total": 4
              }
            },
            {
              "batter": "JJ Peirson",
              "bowler": "JA Richardson",
              "non_striker": "JA Burns",
              "runs": {
                "batter": 0,
                "extras": 0,
                "total": 0
              },
              "wickets": [
                {
                  "kind": "bowled",
                  "player_out": "JJ Peirson"
                }
              ]
            },
            {
              "batter": "JL Pattinson",
              "bowler": "JA Richardson",
              "non_striker": "JA Burns",
              "runs": {
                "batter": 0,
                "extras": 0,
                "total": 0
              }
            },
            {
              "batter": "JL Pattinson",
              "bowler": "JA Richardson",
              "non_striker": "JA Burns",
              "runs": {
                "batter": 1,
                "extras": 0,
                "total": 1
              }
            },
            {
              "batter": "JA Burns",
              "bowler": "JA Richardson",
              "non_striker": "JL Pattinson",
              "runs": {
                "batter": 4,
                "extras": 0,
                "total": 4
              }
            },
            {
              "batter": "JA Burns",
              "bowler": "JA Richardson",
              "non_striker": "JL Pattinson",
              "runs": {
                "batter": 1,
                "extras": 0,
                "total": 1
              }
            }
          ]
        },
        {
          "over": 17,
          "deliveries": [
            {
              "batter": "JA Burns",
              "bowler": "CJ Jordan",
              "non_striker": "JL Pattinson",
              "runs": {
                "batter": 0,
                "extras": 0,
                "total": 0
              },
              "wickets": [
                {
                  "kind": "bowled",
                  "player_out": "JA Burns"
                }
              ]
            },
            {
              "batter": "JK Lalor",
              "bowler": "CJ Jordan",
              "non_striker": "JL Pattinson",
              "runs": {
                "batter": 4,
                "extras": 0,
                "total": 4
              }
            },
            {
              "batter": "JK Lalor",
              "bowler": "CJ Jordan",
              "non_striker": "JL Pattinson",
              "runs": {
                "batter": 1,
                "extras": 0,
                "total": 1
              }
            },
            {
              "batter": "JL Pattinson",
              "bowler": "CJ Jordan",
              "non_striker": "JK Lalor",
              "runs": {
                "batter": 6,
                "extras": 0,
                "total": 6
              }
            },
            {
              "batter": "JL Pattinson",
              "bowler": "CJ Jordan",
              "non_striker": "JK Lalor",
              "runs": {
                "batter": 1,
                "extras": 0,
                "total": 1
              }
            },
            {
              "batter": "JK Lalor",
              "bowler": "CJ Jordan",
              "non_striker": "JL Pattinson",
              "runs": {
                "batter": 1,
                "extras": 0,
                "total": 1
              }
            }
          ]
        },
        {
          "over": 18,
          "deliveries": [
            {
              "batter": "JK Lalor",
              "bowler": "JA Richardson",
              "non_striker": "JL Pattinson",
              "runs": {
                "batter": 1,
                "extras": 0,
                "total": 1
              }
            },
            {
              "batter": "JL Pattinson",
              "bowler": "JA Richardson",
              "non_striker": "JK Lalor",
              "runs": {
                "batter": 2,
                "extras": 0,
                "total": 2
              }
            },
            {
              "batter": "JL Pattinson",
              "bowler": "JA Richardson",
              "non_striker": "JK Lalor",
              "runs": {
                "batter": 1,
                "extras": 0,
                "total": 1
              },
              "wickets": [
                {
                  "kind": "run out",
                  "player_out": "JL Pattinson"
                }
              ]
            },
            {
              "batter": "B Laughlin",
              "bowler": "JA Richardson",
              "non_striker": "JK Lalor",
              "runs": {
                "batter": 4,
                "extras": 0,
                "total": 4
              }
            },
            {
              "batter": "B Laughlin",
              "bowler": "JA Richardson",
              "non_striker": "JK Lalor",
              "runs": {
                "batter": 0,
                "extras": 0,
                "total": 0
              }
            },
            {
              "batter": "B Laughlin",
              "bowler": "JA Richardson",
              "non_striker": "JK Lalor",
              "runs": {
                "batter": 1,
                "extras": 0,
                "total": 1
              }
            }
          ]
        },
        {
          "over": 19,
          "deliveries": [
            {
              "batter": "B Laughlin",
              "bowler": "CJ Jordan",
              "non_striker": "JK Lalor",
              "runs": {
                "batter": 2,
                "extras": 0,
                "total": 2
              }
            },
            {
              "batter": "B Laughlin",
              "bowler": "CJ Jordan",
              "non_striker": "JK Lalor",
              "runs": {
                "batter": 1,
                "extras": 0,
                "total": 1
              }
            },
            {
              "batter": "JK Lalor",
              "bowler": "CJ Jordan",
              "non_striker": "B Laughlin",
              "runs": {
                "batter": 1,
                "extras": 0,
                "total": 1
              }
            },
            {
              "batter": "B Laughlin",
              "bowler": "CJ Jordan",
              "non_striker": "JK Lalor",
              "runs": {
                "batter": 1,
                "extras": 0,
                "total": 1
              }
            },
            {
              "batter": "JK Lalor",
              "bowler": "CJ Jordan",
              "non_striker": "B Laughlin",
              "runs": {
                "batter": 0,
                "extras": 0,
                "total": 0
              }
            },
            {
              "batter": "JK Lalor",
              "bowler": "CJ Jordan",
              "non_striker": "B Laughlin",
              "runs": {
                "batter": 1,
                "extras": 0,
                "total": 1
              }
            }
          ]
        }
      ],
      "powerplays": [
        {
          "from": 0.1,
          "to": 5.7,
          "type": "mandatory"
        }
      ],
      "target": {
        "overs": 20,
        "runs": 214
      }
    }
  ]
}