{
  "meta": {
    "data_version": "1.0.0",
    "created": "2021-01-18",
    "revision": 1
  },
  "info": {
    "balls_per_over": 6,
    "city": "Canberra",
    "dates": [
      "2021-01-18"
    ],
    "event": {
      "name": "Big Bash League",
      "match_number": 43
    },
    "gender": "male",
    "match_type": "T20",
    "officials": {
      "match_referees": [
        "RW Stratford"
      ],
      "reserve_umpires": [
        "SA Lightbody"
      ],
      "tv_umpires": [
        "GA Abood"
      ],
      "umpires": [
        "GJ Davidson",
        "AK Wilds"
      ]
    },
    "outcome": {
      "winner": "Hobart Hurricanes",
      "by": {
        "wickets": 6
      }
    },
    "overs": 20,
    "player_of_match": [
      "BR McDermott"
    ],
    "players": {
      "Sydney Thunder": [
        "UT Khawaja",
        "AD Hales",
        "O Davies",
        "CJ Ferguson",
        "SW Billings",
        "BCJ Cutting",
        "DR Sams",
        "CJ Green",
        "N McAndrew",
        "AF Milne",
        "T Sangha"
      ],
      "Hobart Hurricanes": [
        "WG Jacks",
        "DJM Short",
        "BR McDermott",
        "DJ Malan",
        "PSP Handscomb",
        "TH David",
        "MJ Owen",
        "NT Ellis",
        "SM Boland",
        "RP Meredith",
        "S Lamichhane"
      ]
    },
    "registry": {
      "people": {
        "AD Hales": "92aeac25",
        "AF Milne": "350bb1b1",
        "AK Wilds": "de412f40",
        "BCJ Cutting": "2e11c706",
        "BR McDermott": "c41043e6",
        "CJ Ferguson": "9b4935c8",
        "CJ Green": "19b9f399",
        "DJ Malan": "ad9c32a2",
        "DJM Short": "1a156c88",
        "DR Sams": "caf69bf7",
        "GA Abood": "a4af5528",
        "GJ Davidson": "31ad5973",
        "MJ Owen": "f2c936d7",
        "N McAndrew": "38c276e1",
        "NT Ellis": "9eb1455b",
        "O Davies": "0ea54eca",
        "PSP Handscomb": "ada15e88",
        "RP Meredith": "64775749",
        "RW Stratford": "85489579",
        "S Lamichhane": "b410bd3d",
        "SA Lightbody": "680b8cbf",
        "SM Boland": "d167edd3",
        "SW Billings": "c16d4035",
        "T Sangha": "52c952d9",
        "TH David": "f1f99156",
        "UT Khawaja": "331ea488",
        "WG Jacks": "9caf69a1"
      }
    },
    "season": "2020/21",
    "team_type": "club",
    "teams": [
      "Sydney Thunder",
      "Hobart Hurricanes"
    ],
    "toss": {
      "decision": "field",
      "winner": "Hobart Hurricanes"
    },
    "venue": "Manuka Oval"
  },
  "innings": [
    {
      "team": "Sydney Thunder",
      "overs": [
        {
          "over": 0,
          "deliveries": [
            {
              "batter": "UT Khawaja",
              "bowler": "RP Meredith",
              "non_striker": "AD Hales",
              "runs": {
                "batter": 0,
                "extras": 0,
                "total": 0
              }
            },
            {
              "batter": "UT Khawaja",
              "bowler": "RP Meredith",
              "non_striker": "AD Hales",
              "runs": {
                "batter": 4,
                "extras": 0,
                "total": 4
              }
            },
            {
              "batter": "UT Khawaja",
              "bowler": "RP Meredith",
              "non_striker": "AD Hales",
              "runs": {
                "batter": 1,
                "extras": 0,
                "total": 1
              }
            },
            {
              "batter": "AD Hales",
              "bowler": "RP Meredith",
              "non_striker": "UT Khawaja",
              "runs": {
                "batter": 0,
                "extras": 0,
                "total": 0
              }
            },
            {
              "batter": "AD Hales",
              "bowler": "RP Meredith",
              "non_striker": "UT Khawaja",
              "runs": {
                "batter": 0,
                "extras": 0,
                "total": 0
              }
            },
            {
              "batter": "AD Hales",
              "bowler": "RP Meredith",
              "non_striker": "UT Khawaja",
              "runs": {
                "batter": 1,
                "extras": 0,
                "total": 1
              }
            }
          ]
        },
        {
          "over": 1,
          "deliveries": [
            {
              "batter": "AD Hales",
              "bowler": "SM Boland",
              "non_striker": "UT Khawaja",
              "runs": {
                "batter": 0,
                "extras": 0,
                "total": 0
              }
            },
            {
              "batter": "AD Hales",
              "bowler": "SM Boland",
              "non_striker": "UT Khawaja",
              "runs": {
                "batter": 6,
                "extras": 0,
                "total": 6
              }
            },
            {
              "batter": "AD Hales",
              "bowler": "SM Boland",
              "non_striker": "UT Khawaja",
              "runs": {
                "batter": 2,
                "extras": 0,
                "total": 2
              }
            },
            {
              "batter": "AD Hales",
              "bowler": "SM Boland",
              "non_striker": "UT Khawaja",
              "runs": {
                "batter": 2,
                "extras": 0,
                "total": 2
              }
            },
            {
              "batter": "AD Hales",
              "bowler": "SM Boland",
              "non_striker": "UT Khawaja",
              "runs": {
                "batter": 4,
                "extras": 0,
                "total": 4
              }
            },
            {
              "batter": "AD Hales",
              "bowler": "SM Boland",
              "extras": {
                "byes": 4
              },
              "non_striker": "UT Khawaja",
              "runs": {
                "batter": 0,
                "extras": 4,
                "total": 4
              }
            }
          ]
        },
        {
          "over": 2,
          "deliveries": [
            {
              "batter": "UT Khawaja",
              "bowler": "RP Meredith",
              "non_striker": "AD Hales",
              "runs": {
                "batter": 1,
                "extras": 0,
                "total": 1
              }
            },
            {
              "batter": "AD Hales",
              "bowler": "RP Meredith",
              "non_striker": "UT Khawaja",
              "runs": {
                "batter": 1,
                "extras": 0,
                "total": 1
              }
            },
            {
              "batter": "UT Khawaja",
              "bowler": "RP Meredith",
              "non_striker": "AD Hales",
              "runs": {
                "batter": 1,
                "extras": 0,
                "total": 1
              }
            },
            {
              "batter": "AD Hales",
              "bowler": "RP Meredith",
              "non_striker": "UT Khawaja",
              "runs": {
                "batter": 4,
                "extras": 0,
                "total": 4
              }
            },
            {
              "batter": "AD Hales",
              "bowler": "RP Meredith",
              "non_striker": "UT Khawaja",
              "runs": {
                "batter": 1,
                "extras": 0,
                "total": 1
              }
            },
            {
              "batter": "UT Khawaja",
              "bowler": "RP Meredith",
              "non_striker": "AD Hales",
              "runs": {
                "batter": 0,
                "extras": 0,
                "total": 0
              }
            }
          ]
        },
        {
          "over": 3,
          "deliveries": [
            {
              "batter": "AD Hales",
              "bowler": "NT Ellis",
              "non_striker": "UT Khawaja",
              "runs": {
                "batter": 1,
                "extras": 0,
                "total": 1
              }
            },
            {
              "batter": "UT Khawaja",
              "bowler": "NT Ellis",
              "extras": {
                "wides": 1
              },
              "non_striker": "AD Hales",
              "runs": {
                "batter": 0,
                "extras": 1,
                "total": 1
              }
            },
            {
              "batter": "UT Khawaja",
              "bowler": "NT Ellis",
              "extras": {
                "legbyes": 1
              },
              "non_striker": "AD Hales",
              "runs": {
                "batter": 0,
                "extras": 1,
                "total": 1
              }
            },
            {
              "batter": "AD Hales",
              "bowler": "NT Ellis",
              "non_striker": "UT Khawaja",
              "runs": {
                "batter": 0,
                "extras": 0,
                "total": 0
              }
            },
            {
              "batter": "AD Hales",
              "bowler": "NT Ellis",
              "non_striker": "UT Khawaja",
              "runs": {
                "batter": 1,
                "extras": 0,
                "total": 1
              }
            },
            {
              "batter": "UT Khawaja",
              "bowler": "NT Ellis",
              "non_striker": "AD Hales",
              "runs": {
                "batter": 4,
                "extras": 0,
                "total": 4
              }
            },
            {
              "batter": "UT Khawaja",
              "bowler": "NT Ellis",
              "non_striker": "AD Hales",
              "runs": {
                "batter": 0,
                "extras": 0,
                "total": 0
              }
            }
          ]
        },
        {
          "over": 4,
          "deliveries": [
            {
              "batter": "AD Hales",
              "bowler": "S Lamichhane",
              "non_striker": "UT Khawaja",
              "runs": {
                "batter": 0,
                "extras": 0,
                "total": 0
              }
            },
            {
              "batter": "AD Hales",
              "bowler": "S Lamichhane",
              "non_striker": "UT Khawaja",
              "runs": {
                "batter": 1,
                "extras": 0,
                "total": 1
              }
            },
            {
              "batter": "UT Khawaja",
              "bowler": "S Lamichhane",
              "non_striker": "AD Hales",
              "runs": {
                "batter": 1,
                "extras": 0,
                "total": 1
              }
            },
            {
              "batter": "AD Hales",
              "bowler": "S Lamichhane",
              "extras": {
                "wides": 1
              },
              "non_striker": "UT Khawaja",
              "runs": {
                "batter": 0,
                "extras": 1,
                "total": 1
              }
            },
            {
              "batter": "AD Hales",
              "bowler": "S Lamichhane",
              "non_striker": "UT Khawaja",
              "runs": {
                "batter": 1,
                "extras": 0,
                "total": 1
              }
            },
            {
              "batter": "UT Khawaja",
              "bowler": "S Lamichhane",
              "non_striker": "AD Hales",
              "runs": {
                "batter": 0,
                "extras": 0,
                "total": 0
              }
            },
            {
              "batter": "UT Khawaja",
              "bowler": "S Lamichhane",
              "extras": {
                "legbyes": 2
              },
              "non_striker": "AD Hales",
              "runs": {
                "batter": 0,
                "extras": 2,
                "total": 2
              }
            }
          ]
        },
        {
          "over": 5,
          "deliveries": [
            {
              "batter": "AD Hales",
              "bowler": "DJM Short",
              "non_striker": "UT Khawaja",
              "runs": {
                "batter": 1,
                "extras": 0,
                "total": 1
              }
            },
            {
              "batter": "UT Khawaja",
              "bowler": "DJM Short",
              "non_striker": "AD Hales",
              "runs": {
                "batter": 2,
                "extras": 0,
                "total": 2
              }
            },
            {
              "batter": "UT Khawaja",
              "bowler": "DJM Short",
              "non_striker": "AD Hales",
              "runs": {
                "batter": 0,
                "extras": 0,
                "total": 0
              }
            },
            {
              "batter": "UT Khawaja",
              "bowler": "DJM Short",
              "non_striker": "AD Hales",
              "runs": {
                "batter": 1,
                "extras": 0,
                "total": 1
              }
            },
            {
              "batter": "AD Hales",
              "bowler": "DJM Short",
              "non_striker": "UT Khawaja",
              "runs": {
                "batter": 1,
                "extras": 0,
                "total": 1
              }
            },
            {
              "batter": "UT Khawaja",
              "bowler": "DJM Short",
              "non_striker": "AD Hales",
              "runs": {
                "batter": 4,
                "extras": 0,
                "total": 4
              }
            }
          ]
        },
        {
          "over": 6,
          "deliveries": [
            {
              "batter": "AD Hales",
              "bowler": "S Lamichhane",
              "non_striker": "UT Khawaja",
              "runs": {
                "batter": 1,
                "extras": 0,
                "total": 1
              }
            },
            {
              "batter": "UT Khawaja",
              "bowler": "S Lamichhane",
              "non_striker": "AD Hales",
              "runs": {
                "batter": 2,
                "extras": 0,
                "total": 2
              }
            },
            {
              "batter": "UT Khawaja",
              "bowler": "S Lamichhane",
              "non_striker": "AD Hales",
              "runs": {
                "batter": 0,
                "extras": 0,
                "total": 0
              }
            },
            {
              "batter": "UT Khawaja",
              "bowler": "S Lamichhane",
              "non_striker": "AD Hales",
              "runs": {
                "batter": 4,
                "extras": 0,
                "total": 4
              }
            },
            {
              "batter": "UT Khawaja",
              "bowler": "S Lamichhane",
              "non_striker": "AD Hales",
              "runs": {
                "batter": 1,
                "extras": 0,
                "total": 1
              }
            },
            {
              "batter": "AD Hales",
              "bowler": "S Lamichhane",
              "non_striker": "UT Khawaja",
              "runs": {
                "batter": 1,
                "extras": 0,
                "total": 1
              }
            }
          ]
        },
        {
          "over": 7,
          "deliveries": [
            {
              "batter": "AD Hales",
              "bowler": "SM Boland",
              "non_striker": "UT Khawaja",
              "runs": {
                "batter": 0,
                "extras": 0,
                "total": 0
              },
              "wickets": [
                {
                  "player_out": "AD Hales",
                  "fielders": [
                    {
                      "name": "NT Ellis"
                    }
                  ],
                  "kind": "caught"
                }
              ]
            },
            {
              "batter": "UT Khawaja",
              "bowler": "SM Boland",
              "non_striker": "O Davies",
              "runs": {
                "batter": 1,
                "extras": 0,
                "total": 1
              }
            },
            {
              "batter": "O Davies",
              "bowler": "SM Boland",
              "non_striker": "UT Khawaja",
              "runs": {
                "batter": 0,
                "extras": 0,
                "total": 0
              },
              "wickets": [
                {
                  "player_out": "O Davies",
                  "fielders": [
                    {
                      "name": "BR McDermott"
                    }
                  ],
                  "kind": "caught"
                }
              ]
            },
            {
              "batter": "CJ Ferguson",
              "bowler": "SM Boland",
              "non_striker": "UT Khawaja",
              "runs": {
                "batter": 1,
                "extras": 0,
                "total": 1
              }
            },
            {
              "batter": "UT Khawaja",
              "bowler": "SM Boland",
              "non_striker": "CJ Ferguson",
              "runs": {
                "batter": 0,
                "extras": 0,
                "total": 0
              },
              "wickets": [
                {
                  "player_out": "UT Khawaja",
                  "kind": "bowled"
                }
              ]
            },
            {
              "batter": "SW Billings",
              "bowler": "SM Boland",
              "non_striker": "CJ Ferguson",
              "runs": {
                "batter": 0,
                "extras": 0,
                "total": 0
              }
            }
          ]
        },
        {
          "over": 8,
          "deliveries": [
            {
              "batter": "CJ Ferguson",
              "bowler": "DJM Short",
              "non_striker": "SW Billings",
              "runs": {
                "batter": 2,
                "extras": 0,
                "total": 2
              }
            },
            {
              "batter": "CJ Ferguson",
              "bowler": "DJM Short",
              "non_striker": "SW Billings",
              "runs": {
                "batter": 1,
                "extras": 0,
                "total": 1
              }
            },
            {
              "batter": "SW Billings",
              "bowler": "DJM Short",
              "non_striker": "CJ Ferguson",
              "runs": {
                "batter": 1,
                "extras": 0,
                "total": 1
              }
            },
            {
              "batter": "CJ Ferguson",
              "bowler": "DJM Short",
              "non_striker": "SW Billings",
              "runs": {
                "batter": 1,
                "extras": 0,
                "total": 1
              }
            },
            {
              "batter": "SW Billings",
              "bowler": "DJM Short",
              "non_striker": "CJ Ferguson",
              "runs": {
                "batter": 1,
                "extras": 0,
                "total": 1
              }
            },
            {
              "batter": "CJ Ferguson",
              "bowler": "DJM Short",
              "non_striker": "SW Billings",
              "runs": {
                "batter": 1,
                "extras": 0,
                "total": 1
              }
            }
          ]
        },
        {
          "over": 9,
          "deliveries": [
            {
              "batter": "CJ Ferguson",
              "bowler": "S Lamichhane",
              "non_striker": "SW Billings",
              "runs": {
                "batter": 0,
                "extras": 0,
                "total": 0
              }
            },
            {
              "batter": "CJ Ferguson",
              "bowler": "S Lamichhane",
              "non_striker": "SW Billings",
              "runs": {
                "batter": 1,
                "extras": 0,
                "total": 1
              }
            },
            {
              "batter": "SW Billings",
              "bowler": "S Lamichhane",
              "non_striker": "CJ Ferguson",
              "runs": {
                "batter": 1,
                "extras": 0,
                "total": 1
              }
            },
            {
              "batter": "CJ Ferguson",
              "bowler": "S Lamichhane",
              "non_striker": "SW Billings",
              "runs": {
                "batter": 1,
                "extras": 0,
                "total": 1
              }
            },
            {
              "batter": "SW Billings",
              "bowler": "S Lamichhane",
              "non_striker": "CJ Ferguson",
              "runs": {
                "batter": 1,
                "extras": 0,
                "total": 1
              }
            },
            {
              "batter": "CJ Ferguson",
              "bowler": "S Lamichhane",
              "non_striker": "SW Billings",
              "runs": {
                "batter": 1,
                "extras": 0,
                "total": 1
              }
            }
          ]
        },
        {
          "over": 10,
          "deliveries": [
            {
              "batter": "CJ Ferguson",
              "bowler": "RP Meredith",
              "non_striker": "SW Billings",
              "runs": {
                "batter": 1,
                "extras": 0,
                "total": 1
              }
            },
            {
              "batter": "SW Billings",
              "bowler": "RP Meredith",
              "non_striker": "CJ Ferguson",
              "runs": {
                "batter": 1,
                "extras": 0,
                "total": 1
              }
            },
            {
              "batter": "CJ Ferguson",
              "bowler": "RP Meredith",
              "non_striker": "SW Billings",
              "runs": {
                "batter": 1,
                "extras": 0,
                "total": 1
              }
            },
            {
              "batter": "SW Billings",
              "bowler": "RP Meredith",
              "non_striker": "CJ Ferguson",
              "runs": {
                "batter": 0,
                "extras": 0,
                "total": 0
              }
            },
            {
              "batter": "SW Billings",
              "bowler": "RP Meredith",
              "non_striker": "CJ Ferguson",
              "runs": {
                "batter": 2,
                "extras": 0,
                "total": 2
              }
            },
            {
              "batter": "SW Billings",
              "bowler": "RP Meredith",
              "non_striker": "CJ Ferguson",
              "runs": {
                "batter": 1,
                "extras": 0,
                "total": 1
              }
            }
          ]
        },
        {
          "over": 11,
          "deliveries": [
            {
              "batter": "SW Billings",
              "bowler": "DJM Short",
              "non_striker": "CJ Ferguson",
              "runs": {
                "batter": 0,
                "extras": 0,
                "total": 0
              }
            },
            {
              "batter": "SW Billings",
              "bowler": "DJM Short",
              "non_striker": "CJ Ferguson",
              "runs": {
                "batter": 4,
                "extras": 0,
                "total": 4
              }
            },
            {
              "batter": "SW Billings",
              "bowler": "DJM Short",
              "non_striker": "CJ Ferguson",
              "runs": {
                "batter": 0,
                "extras": 0,
                "total": 0
              }
            },
            {
              "batter": "SW Billings",
              "bowler": "DJM Short",
              "non_striker": "CJ Ferguson",
              "runs": {
                "batter": 1,
                "extras": 0,
                "total": 1
              }
            },
            {
              "batter": "CJ Ferguson",
              "bowler": "DJM Short",
              "non_striker": "SW Billings",
              "runs": {
                "batter": 1,
                "extras": 0,
                "total": 1
              }
            },
            {
              "batter": "SW Billings",
              "bowler": "DJM Short",
              "non_striker": "CJ Ferguson",
              "runs": {
                "batter": 1,
                "extras": 0,
                "total": 1
              }
            }
          ]
        },
        {
          "over": 12,
          "deliveries": [
            {
              "batter": "SW Billings",
              "bowler": "S Lamichhane",
              "non_striker": "CJ Ferguson",
              "runs": {
                "batter": 1,
                "extras": 0,
                "total": 1
              }
            },
            {
              "batter": "CJ Ferguson",
              "bowler": "S Lamichhane",
              "non_striker": "SW Billings",
              "runs": {
                "batter": 4,
                "extras": 0,
                "total": 4
              }
            },
            {
              "batter": "CJ Ferguson",
              "bowler": "S Lamichhane",
              "non_striker": "SW Billings",
              "runs": {
                "batter": 1,
                "extras": 0,
                "total": 1
              }
            },
            {
              "batter": "SW Billings",
              "bowler": "S Lamichhane",
              "non_striker": "CJ Ferguson",
              "runs": {
                "batter": 1,
                "extras": 0,
                "total": 1
              }
            },
            {
              "batter": "CJ Ferguson",
              "bowler": "S Lamichhane",
              "extras": {
                "wides": 1
              },
              "non_striker": "SW Billings",
              "runs": {
                "batter": 0,
                "extras": 1,
                "total": 1
              }
            },
            {
              "batter": "CJ Ferguson",
              "bowler": "S Lamichhane",
              "non_striker": "SW Billings",
              "runs": {
                "batter": 0,
                "extras": 0,
                "total": 0
              }
            },
            {
              "batter": "CJ Ferguson",
              "bowler": "S Lamichhane",
              "extras": {
                "wides": 1
              },
              "non_striker": "SW Billings",
              "runs": {
                "batter": 0,
                "extras": 1,
                "total": 1
              }
            },
            {
              "batter": "CJ Ferguson",
              "bowler": "S Lamichhane",
              "non_striker": "SW Billings",
              "runs": {
                "batter": 1,
                "extras": 0,
                "total": 1
              }
            }
          ]
        },
        {
          "over": 13,
          "deliveries": [
            {
              "batter": "CJ Ferguson",
              "bowler": "DJM Short",
              "non_striker": "SW Billings",
              "runs": {
                "batter": 1,
                "extras": 0,
                "total": 1
              }
            },
            {
              "batter": "SW Billings",
              "bowler": "DJM Short",
              "non_striker": "CJ Ferguson",
              "runs": {
                "batter": 2,
                "extras": 0,
                "total": 2
              }
            },
            {
              "batter": "SW Billings",
              "bowler": "DJM Short",
              "non_striker": "CJ Ferguson",
              "runs": {
                "batter": 4,
                "extras": 0,
                "total": 4
              }
            },
            {
              "batter": "SW Billings",
              "bowler": "DJM Short",
              "non_striker": "CJ Ferguson",
              "runs": {
                "batter": 2,
                "extras": 0,
                "total": 2
              }
            },
            {
              "batter": "SW Billings",
              "bowler": "DJM Short",
              "non_striker": "CJ Ferguson",
              "runs": {
                "batter": 6,
                "extras": 0,
                "total": 6
              }
            },
            {
              "batter": "SW Billings",
              "bowler": "DJM Short",
              "non_striker": "CJ Ferguson",
              "runs": {
                "batter": 0,
                "extras": 0,
                "total": 0
              }
            }
          ]
        },
        {
          "over": 14,
          "deliveries": [
            {
              "batter": "CJ Ferguson",
              "bowler": "NT Ellis",
              "non_striker": "SW Billings",
              "runs": {
                "batter": 0,
                "extras": 0,
                "total": 0
              }
            },
            {
              "batter": "CJ Ferguson",
              "bowler": "NT Ellis",
              "non_striker": "SW Billings",
              "runs": {
                "batter": 1,
                "extras": 0,
                "total": 1
              }
            },
            {
              "batter": "SW Billings",
              "bowler": "NT Ellis",
              "non_striker": "CJ Ferguson",
              "runs": {
                "batter": 4,
                "extras": 0,
                "total": 4
              }
            },
            {
              "batter": "SW Billings",
              "bowler": "NT Ellis",
              "non_striker": "CJ Ferguson",
              "runs": {
                "batter": 0,
                "extras": 0,
                "total": 0
              }
            },
            {
              "batter": "SW Billings",
              "bowler": "NT Ellis",
              "non_striker": "CJ Ferguson",
              "runs": {
                "batter": 1,
                "extras": 0,
                "total": 1
              }
            },
            {
              "batter": "CJ Ferguson",
              "bowler": "NT Ellis",
              "non_striker": "SW Billings",
              "runs": {
                "batter": 0,
                "extras": 0,
                "total": 0
              }
            }
          ]
        },
        {
          "over": 15,
          "deliveries": [
            {
              "batter": "SW Billings",
              "bowler": "SM Boland",
              "non_striker": "CJ Ferguson",
              "runs": {
                "batter": 2,
                "extras": 0,
                "total": 2
              }
            },
            {
              "batter": "SW Billings",
              "bowler": "SM Boland",
              "non_striker": "CJ Ferguson",
              "runs": {
                "batter": 1,
                "extras": 0,
                "total": 1
              }
            },
            {
              "batter": "CJ Ferguson",
              "bowler": "SM Boland",
              "non_striker": "SW Billings",
              "runs": {
                "batter": 1,
                "extras": 0,
                "total": 1
              }
            },
            {
              "batter": "SW Billings",
              "bowler": "SM Boland",
              "non_striker": "CJ Ferguson",
              "runs": {
                "batter": 2,
                "extras": 0,
                "total": 2
              }
            },
            {
              "batter": "SW Billings",
              "bowler": "SM Boland",
              "non_striker": "CJ Ferguson",
              "runs": {
                "batter": 3,
                "extras": 0,
                "total": 3
              }
            },
            {
              "batter": "CJ Ferguson",
              "bowler": "SM Boland",
              "non_striker": "SW Billings",
              "runs": {
                "batter": 1,
                "extras": 0,
                "total": 1
              }
            }
          ]
        },
        {
          "over": 16,
          "deliveries": [
            {
              "batter": "CJ Ferguson",
              "bowler": "NT Ellis",
              "non_striker": "SW Billings",
              "runs": {
                "batter": 1,
                "extras": 0,
                "total": 1
              }
            },
            {
              "batter": "SW Billings",
              "bowler": "NT Ellis",
              "extras": {
                "legbyes": 1
              },
              "non_striker": "CJ Ferguson",
              "runs": {
                "batter": 0,
                "extras": 1,
                "total": 1
              }
            },
            {
              "batter": "CJ Ferguson",
              "bowler": "NT Ellis",
              "non_striker": "SW Billings",
              "runs": {
                "batter": 0,
                "extras": 0,
                "total": 0
              },
              "wickets": [
                {
                  "player_out": "CJ Ferguson",
                  "kind": "bowled"
                }
              ]
            },
            {
              "batter": "BCJ Cutting",
              "bowler": "NT Ellis",
              "non_striker": "SW Billings",
              "runs": {
                "batter": 1,
                "extras": 0,
                "total": 1
              }
            },
            {
              "batter": "SW Billings",
              "bowler": "NT Ellis",
              "non_striker": "BCJ Cutting",
              "runs": {
                "batter": 0,
                "extras": 0,
                "total": 0
              }
            },
            {
              "batter": "SW Billings",
              "bowler": "NT Ellis",
              "extras": {
                "wides": 1
              },
              "non_striker": "BCJ Cutting",
              "runs": {
                "batter": 0,
                "extras": 1,
                "total": 1
              }
            },
            {
              "batter": "SW Billings",
              "bowler": "NT Ellis",
              "non_striker": "BCJ Cutting",
              "runs": {
                "batter": 1,
                "extras": 0,
                "total": 1
              }
            }
          ]
        },
        {
          "over": 17,
          "deliveries": [
            {
              "batter": "SW Billings",
              "bowler": "SM Boland",
              "non_striker": "BCJ Cutting",
              "runs": {
                "batter": 2,
                "extras": 0,
                "total": 2
              }
            },
            {
              "batter": "SW Billings",
              "bowler": "SM Boland",
              "non_striker": "BCJ Cutting",
              "runs": {
                "batter": 4,
                "extras": 0,
                "total": 4
              }
            },
            {
              "batter": "SW Billings",
              "bowler": "SM Boland",
              "non_striker": "BCJ Cutting",
              "runs": {
                "batter": 0,
                "extras": 0,
                "total": 0
              },
              "wickets": [
                {
                  "player_out": "SW Billings",
                  "fielders": [
                    {
                      "name": "BR McDermott"
                    }
                  ],
                  "kind": "caught"
                }
              ]
            },
            {
              "batter": "BCJ Cutting",
              "bowler": "SM Boland",
              "non_striker": "DR Sams",
              "runs": {
                "batter": 4,
                "extras": 0,
                "total": 4
              }
            },
            {
              "batter": "BCJ Cutting",
              "bowler": "SM Boland",
              "non_striker": "DR Sams",
              "runs": {
                "batter": 4,
                "extras": 0,
                "total": 4
              }
            },
            {
              "batter": "BCJ Cutting",
              "bowler": "SM Boland",
              "extras": {
                "wides": 1
              },
              "non_striker": "DR Sams",
              "runs": {
                "batter": 0,
                "extras": 1,
                "total": 1
              }
            },
            {
              "batter": "BCJ Cutting",
              "bowler": "SM Boland",
              "non_striker": "DR Sams",
              "runs": {
                "batter": 0,
                "extras": 0,
                "total": 0
              }
            }
          ]
        },
        {
          "over": 18,
          "deliveries": [
            {
              "batter": "DR Sams",
              "bowler": "NT Ellis",
              "extras": {
                "wides": 1
              },
              "non_striker": "BCJ Cutting",
              "runs": {
                "batter": 0,
                "extras": 1,
                "total": 1
              }
            },
            {
              "batter": "DR Sams",
              "bowler": "NT Ellis",
              "non_striker": "BCJ Cutting",
              "runs": {
                "batter": 6,
                "extras": 0,
                "total": 6
              }
            },
            {
              "batter": "DR Sams",
              "bowler": "NT Ellis",
              "non_striker": "BCJ Cutting",
              "runs": {
                "batter": 2,
                "extras": 0,
                "total": 2
              }
            },
            {
              "batter": "DR Sams",
              "bowler": "NT Ellis",
              "non_striker": "BCJ Cutting",
              "runs": {
                "batter": 2,
                "extras": 0,
                "total": 2
              }
            },
            {
              "batter": "DR Sams",
              "bowler": "NT Ellis",
              "non_striker": "BCJ Cutting",
              "runs": {
                "batter": 1,
                "extras": 0,
                "total": 1
              }
            },
            {
              "batter": "BCJ Cutting",
              "bowler": "NT Ellis",
              "extras": {
                "wides": 1
              },
              "non_striker": "DR Sams",
              "runs": {
                "batter": 0,
                "extras": 1,
                "total": 1
              }
            },
            {
              "batter": "BCJ Cutting",
              "bowler": "NT Ellis",
              "non_striker": "DR Sams",
              "runs": {
                "batter": 4,
                "extras": 0,
                "total": 4
              }
            },
            {
              "batter": "BCJ Cutting",
              "bowler": "NT Ellis",
              "non_striker": "DR Sams",
              "runs": {
                "batter": 1,
                "extras": 0,
                "total": 1
              }
            }
          ]
        },
        {
          "over": 19,
          "deliveries": [
            {
              "batter": "BCJ Cutting",
              "bowler": "RP Meredith",
              "non_striker": "DR Sams",
              "runs": {
                "batter": 0,
                "extras": 0,
                "total": 0
              }
            },
            {
              "batter": "BCJ Cutting",
              "bowler": "RP Meredith",
              "non_striker": "DR Sams",
              "runs": {
                "batter": 0,
                "extras": 0,
                "total": 0
              }
            },
            {
              "batter": "BCJ Cutting",
              "bowler": "RP Meredith",
              "non_striker": "DR Sams",
              "runs": {
                "batter": 1,
                "extras": 0,
                "total": 1
              }
            },
            {
              "batter": "DR Sams",
              "bowler": "RP Meredith",
              "non_striker": "BCJ Cutting",
              "runs": {
                "batter": 2,
                "extras": 0,
                "total": 2
              }
            },
            {
              "batter": "DR Sams",
              "bowler": "RP Meredith",
              "non_striker": "BCJ Cutting",
              "runs": {
                "batter": 3,
                "extras": 0,
                "total": 3
              }
            },
            {
              "batter": "BCJ Cutting",
              "bowler": "RP Meredith",
              "extras": {
                "legbyes": 1
              },
              "non_striker": "DR Sams",
              "runs": {
                "batter": 0,
                "extras": 1,
                "total": 1
              }
            }
          ]
        }
      ],
      "powerplays": [
        {
          "from": 0.1,
          "to": 3.7,
          "type": "mandatory"
        },
        {
          "from": 17.1,
          "to": 18.8,
          "type": "batting"
        }
      ]
    },
    {
      "team": "Hobart Hurricanes",
      "overs": [
        {
          "over": 0,
          "deliveries": [
            {
              "batter": "WG Jacks",
              "bowler": "AF Milne",
              "non_striker": "DJM Short",
              "runs": {
                "batter": 0,
                "extras": 0,
                "total": 0
              },
              "wickets": [
                {
                  "player_out": "WG Jacks",
                  "kind": "bowled"
                }
              ]
            },
            {
              "batter": "BR McDermott",
              "bowler": "AF Milne",
              "non_striker": "DJM Short",
              "runs": {
                "batter": 1,
                "extras": 0,
                "total": 1
              }
            },
            {
              "batter": "DJM Short",
              "bowler": "AF Milne",
              "non_striker": "BR McDermott",
              "runs": {
                "batter": 4,
                "extras": 0,
                "total": 4
              }
            },
            {
              "batter": "DJM Short",
              "bowler": "AF Milne",
              "non_striker": "BR McDermott",
              "runs": {
                "batter": 2,
                "extras": 0,
                "total": 2
              }
            },
            {
              "batter": "DJM Short",
              "bowler": "AF Milne",
              "non_striker": "BR McDermott",
              "runs": {
                "batter": 0,
                "extras": 0,
                "total": 0
              }
            },
            {
              "batter": "DJM Short",
              "bowler": "AF Milne",
              "non_striker": "BR McDermott",
              "runs": {
                "batter": 0,
                "extras": 0,
                "total": 0
              }
            }
          ]
        },
        {
          "over": 1,
          "deliveries": [
            {
              "batter": "BR McDermott",
              "bowler": "DR Sams",
              "non_striker": "DJM Short",
              "runs": {
                "batter": 0,
                "extras": 0,
                "total": 0
              }
            },
            {
              "batter": "BR McDermott",
              "bowler": "DR Sams",
              "non_striker": "DJM Short",
              "runs": {
                "batter": 0,
                "extras": 0,
                "total": 0
              }
            },
            {
              "batter": "BR McDermott",
              "bowler": "DR Sams",
              "non_striker": "DJM Short",
              "runs": {
                "batter": 0,
                "extras": 0,
                "total": 0
              }
            },
            {
              "batter": "BR McDermott",
              "bowler": "DR Sams",
              "non_striker": "DJM Short",
              "runs": {
                "batter": 0,
                "extras": 0,
                "total": 0
              }
            },
            {
              "batter": "BR McDermott",
              "bowler": "DR Sams",
              "non_striker": "DJM Short",
              "runs": {
                "batter": 0,
                "extras": 0,
                "total": 0
              }
            },
            {
              "batter": "BR McDermott",
              "bowler": "DR Sams",
              "non_striker": "DJM Short",
              "runs": {
                "batter": 1,
                "extras": 0,
                "total": 1
              }
            }
          ]
        },
        {
          "over": 2,
          "deliveries": [
            {
              "batter": "BR McDermott",
              "bowler": "N McAndrew",
              "non_striker": "DJM Short",
              "runs": {
                "batter": 0,
                "extras": 0,
                "total": 0
              }
            },
            {
              "batter": "BR McDermott",
              "bowler": "N McAndrew",
              "non_striker": "DJM Short",
              "runs": {
                "batter": 4,
                "extras": 0,
                "total": 4
              }
            },
            {
              "batter": "BR McDermott",
              "bowler": "N McAndrew",
              "non_striker": "DJM Short",
              "runs": {
                "batter": 1,
                "extras": 0,
                "total": 1
              }
            },
            {
              "batter": "DJM Short",
              "bowler": "N McAndrew",
              "non_striker": "BR McDermott",
              "runs": {
                "batter": 0,
                "extras": 0,
                "total": 0
              },
              "wickets": [
                {
                  "player_out": "DJM Short",
                  "fielders": [
                    {
                      "name": "AD Hales"
                    }
                  ],
                  "kind": "caught"
                }
              ]
            },
            {
              "batter": "DJ Malan",
              "bowler": "N McAndrew",
              "non_striker": "BR McDermott",
              "runs": {
                "batter": 1,
                "extras": 0,
                "total": 1
              }
            },
            {
              "batter": "BR McDermott",
              "bowler": "N McAndrew",
              "non_striker": "DJ Malan",
              "runs": {
                "batter": 4,
                "extras": 0,
                "total": 4
              }
            }
          ]
        },
        {
          "over": 3,
          "deliveries": [
            {
              "batter": "DJ Malan",
              "bowler": "AF Milne",
              "non_striker": "BR McDermott",
              "runs": {
                "batter": 1,
                "extras": 0,
                "total": 1
              }
            },
            {
              "batter": "BR McDermott",
              "bowler": "AF Milne",
              "non_striker": "DJ Malan",
              "runs": {
                "batter": 1,
                "extras": 0,
                "total": 1
              }
            },
            {
              "batter": "DJ Malan",
              "bowler": "AF Milne",
              "non_striker": "BR McDermott",
              "runs": {
                "batter": 1,
                "extras": 0,
                "total": 1
              }
            },
            {
              "batter": "BR McDermott",
              "bowler": "AF Milne",
              "non_striker": "DJ Malan",
              "runs": {
                "batter": 0,
                "extras": 0,
                "total": 0
              }
            },
            {
              "batter": "BR McDermott",
              "bowler": "AF Milne",
              "non_striker": "DJ Malan",
              "runs": {
                "batter": 1,
                "extras": 0,
                "total": 1
              }
            },
            {
              "batter": "DJ Malan",
              "bowler": "AF Milne",
              "extras": {
                "wides": 1
              },
              "non_striker": "BR McDermott",
              "runs": {
                "batter": 0,
                "extras": 1,
                "total": 1
              }
            },
            {
              "batter": "DJ Malan",
              "bowler": "AF Milne",
              "non_striker": "BR McDermott",
              "runs": {
                "batter": 4,
                "extras": 0,
                "total": 4
              }
            }
          ]
        },
        {
          "over": 4,
          "deliveries": [
            {
              "batter": "BR McDermott",
              "bowler": "BCJ Cutting",
              "non_striker": "DJ Malan",
              "runs": {
                "batter": 0,
                "extras": 0,
                "total": 0
              }
            },
            {
              "batter": "BR McDermott",
              "bowler": "BCJ Cutting",
              "non_striker": "DJ Malan",
              "runs": {
                "batter": 1,
                "extras": 0,
                "total": 1
              }
            },
            {
              "batter": "DJ Malan",
              "bowler": "BCJ Cutting",
              "non_striker": "BR McDermott",
              "runs": {
                "batter": 1,
                "extras": 0,
                "total": 1
              }
            },
            {
              "batter": "BR McDermott",
              "bowler": "BCJ Cutting",
              "non_striker": "DJ Malan",
              "runs": {
                "batter": 1,
                "extras": 0,
                "total": 1
              }
            },
            {
              "batter": "DJ Malan",
              "bowler": "BCJ Cutting",
              "non_striker": "BR McDermott",
              "runs": {
                "batter": 1,
                "extras": 0,
                "total": 1
              }
            },
            {
              "batter": "BR McDermott",
              "bowler": "BCJ Cutting",
              "non_striker": "DJ Malan",
              "runs": {
                "batter": 1,
                "extras": 0,
                "total": 1
              }
            }
          ]
        },
        {
          "over": 5,
          "deliveries": [
            {
              "batter": "BR McDermott",
              "bowler": "T Sangha",
              "non_striker": "DJ Malan",
              "runs": {
                "batter": 1,
                "extras": 0,
                "total": 1
              }
            },
            {
              "batter": "DJ Malan",
              "bowler": "T Sangha",
              "non_striker": "BR McDermott",
              "runs": {
                "batter": 6,
                "extras": 0,
                "total": 6
              }
            },
            {
              "batter": "DJ Malan",
              "bowler": "T Sangha",
              "non_striker": "BR McDermott",
              "runs": {
                "batter": 0,
                "extras": 0,
                "total": 0
              }
            },
            {
              "batter": "DJ Malan",
              "bowler": "T Sangha",
              "non_striker": "BR McDermott",
              "runs": {
                "batter": 1,
                "extras": 0,
                "total": 1
              }
            },
            {
              "batter": "BR McDermott",
              "bowler": "T Sangha",
              "non_striker": "DJ Malan",
              "runs": {
                "batter": 4,
                "extras": 0,
                "total": 4
              }
            },
            {
              "batter": "BR McDermott",
              "bowler": "T Sangha",
              "non_striker": "DJ Malan",
              "runs": {
                "batter": 1,
                "extras": 0,
                "total": 1
              }
            }
          ]
        },
        {
          "over": 6,
          "deliveries": [
            {
              "batter": "BR McDermott",
              "bowler": "N McAndrew",
              "non_striker": "DJ Malan",
              "runs": {
                "batter": 1,
                "extras": 0,
                "total": 1
              }
            },
            {
              "batter": "DJ Malan",
              "bowler": "N McAndrew",
              "non_striker": "BR McDermott",
              "runs": {
                "batter": 4,
                "extras": 0,
                "total": 4
              }
            },
            {
              "batter": "DJ Malan",
              "bowler": "N McAndrew",
              "non_striker": "BR McDermott",
              "runs": {
                "batter": 2,
                "extras": 0,
                "total": 2
              }
            },
            {
              "batter": "DJ Malan",
              "bowler": "N McAndrew",
              "non_striker": "BR McDermott",
              "runs": {
                "batter": 1,
                "extras": 0,
                "total": 1
              }
            },
            {
              "batter": "BR McDermott",
              "bowler": "N McAndrew",
              "non_striker": "DJ Malan",
              "runs": {
                "batter": 0,
                "extras": 0,
                "total": 0
              }
            },
            {
              "batter": "BR McDermott",
              "bowler": "N McAndrew",
              "non_striker": "DJ Malan",
              "runs": {
                "batter": 6,
                "extras": 0,
                "total": 6
              }
            }
          ]
        },
        {
          "over": 7,
          "deliveries": [
            {
              "batter": "DJ Malan",
              "bowler": "CJ Green",
              "non_striker": "BR McDermott",
              "runs": {
                "batter": 1,
                "extras": 0,
                "total": 1
              }
            },
            {
              "batter": "BR McDermott",
              "bowler": "CJ Green",
              "non_striker": "DJ Malan",
              "runs": {
                "batter": 1,
                "extras": 0,
                "total": 1
              }
            },
            {
              "batter": "DJ Malan",
              "bowler": "CJ Green",
              "non_striker": "BR McDermott",
              "runs": {
                "batter": 0,
                "extras": 0,
                "total": 0
              }
            },
            {
              "batter": "DJ Malan",
              "bowler": "CJ Green",
              "non_striker": "BR McDermott",
              "runs": {
                "batter": 1,
                "extras": 0,
                "total": 1
              }
            },
            {
              "batter": "BR McDermott",
              "bowler": "CJ Green",
              "non_striker": "DJ Malan",
              "runs": {
                "batter": 4,
                "extras": 0,
                "total": 4
              }
            },
            {
              "batter": "BR McDermott",
              "bowler": "CJ Green",
              "non_striker": "DJ Malan",
              "runs": {
                "batter": 0,
                "extras": 0,
                "total": 0
              }
            }
          ]
        },
        {
          "over": 8,
          "deliveries": [
            {
              "batter": "DJ Malan",
              "bowler": "BCJ Cutting",
              "non_striker": "BR McDermott",
              "runs": {
                "batter": 1,
                "extras": 0,
                "total": 1
              }
            },
            {
              "batter": "BR McDermott",
              "bowler": "BCJ Cutting",
              "non_striker": "DJ Malan",
              "runs": {
                "batter": 0,
                "extras": 0,
                "total": 0
              }
            },
            {
              "batter": "BR McDermott",
              "bowler": "BCJ Cutting",
              "non_striker": "DJ Malan",
              "runs": {
                "batter": 2,
                "extras": 0,
                "total": 2
              }
            },
            {
              "batter": "BR McDermott",
              "bowler": "BCJ Cutting",
              "non_striker": "DJ Malan",
              "runs": {
                "batter": 1,
                "extras": 0,
                "total": 1
              }
            },
            {
              "batter": "DJ Malan",
              "bowler": "BCJ Cutting",
              "non_striker": "BR McDermott",
              "runs": {
                "batter": 2,
                "extras": 0,
                "total": 2
              }
            },
            {
              "batter": "DJ Malan",
              "bowler": "BCJ Cutting",
              "non_striker": "BR McDermott",
              "runs": {
                "batter": 1,
                "extras": 0,
                "total": 1
              }
            }
          ]
        },
        {
          "over": 9,
          "deliveries": [
            {
              "batter": "DJ Malan",
              "bowler": "DR Sams",
              "non_striker": "BR McDermott",
              "runs": {
                "batter": 1,
                "extras": 0,
                "total": 1
              }
            },
            {
              "batter": "BR McDermott",
              "bowler": "DR Sams",
              "non_striker": "DJ Malan",
              "runs": {
                "batter": 2,
                "extras": 0,
                "total": 2
              }
            },
            {
              "batter": "BR McDermott",
              "bowler": "DR Sams",
              "non_striker": "DJ Malan",
              "runs": {
                "batter": 1,
                "extras": 0,
                "total": 1
              }
            },
            {
              "batter": "DJ Malan",
              "bowler": "DR Sams",
              "non_striker": "BR McDermott",
              "runs": {
                "batter": 1,
                "extras": 0,
                "total": 1
              }
            },
            {
              "batter": "BR McDermott",
              "bowler": "DR Sams",
              "non_striker": "DJ Malan",
              "runs": {
                "batter": 4,
                "extras": 0,
                "total": 4
              }
            },
            {
              "batter": "BR McDermott",
              "bowler": "DR Sams",
              "non_striker": "DJ Malan",
              "runs": {
                "batter": 2,
                "extras": 0,
                "total": 2
              }
            }
          ]
        },
        {
          "over": 10,
          "deliveries": [
            {
              "batter": "DJ Malan",
              "bowler": "AF Milne",
              "non_striker": "BR McDermott",
              "runs": {
                "batter": 4,
                "extras": 0,
                "total": 4
              }
            },
            {
              "batter": "DJ Malan",
              "bowler": "AF Milne",
              "extras": {
                "wides": 1
              },
              "non_striker": "BR McDermott",
              "runs": {
                "batter": 0,
                "extras": 1,
                "total": 1
              }
            },
            {
              "batter": "DJ Malan",
              "bowler": "AF Milne",
              "non_striker": "BR McDermott",
              "runs": {
                "batter": 1,
                "extras": 0,
                "total": 1
              }
            },
            {
              "batter": "BR McDermott",
              "bowler": "AF Milne",
              "non_striker": "DJ Malan",
              "runs": {
                "batter": 0,
                "extras": 0,
                "total": 0
              }
            },
            {
              "batter": "BR McDermott",
              "bowler": "AF Milne",
              "non_striker": "DJ Malan",
              "runs": {
                "batter": 1,
                "extras": 0,
                "total": 1
              }
            },
            {
              "batter": "DJ Malan",
              "bowler": "AF Milne",
              "non_striker": "BR McDermott",
              "runs": {
                "batter": 1,
                "extras": 0,
                "total": 1
              }
            },
            {
              "batter": "BR McDermott",
              "bowler": "AF Milne",
              "non_striker": "DJ Malan",
              "runs": {
                "batter": 4,
                "extras": 0,
                "total": 4
              }
            }
          ]
        },
        {
          "over": 11,
          "deliveries": [
            {
              "batter": "DJ Malan",
              "bowler": "DR Sams",
              "extras": {
                "legbyes": 1
              },
              "non_striker": "BR McDermott",
              "runs": {
                "batter": 0,
                "extras": 1,
                "total": 1
              }
            },
            {
              "batter": "BR McDermott",
              "bowler": "DR Sams",
              "non_striker": "DJ Malan",
              "runs": {
                "batter": 6,
                "extras": 0,
                "total": 6
              }
            },
            {
              "batter": "BR McDermott",
              "bowler": "DR Sams",
              "non_striker": "DJ Malan",
              "runs": {
                "batter": 0,
                "extras": 0,
                "total": 0
              }
            },
            {
              "batter": "BR McDermott",
              "bowler": "DR Sams",
              "non_striker": "DJ Malan",
              "runs": {
                "batter": 6,
                "extras": 0,
                "total": 6
              }
            },
            {
              "batter": "BR McDermott",
              "bowler": "DR Sams",
              "extras": {
                "wides": 1
              },
              "non_striker": "DJ Malan",
              "runs": {
                "batter": 0,
                "extras": 1,
                "total": 1
              }
            },
            {
              "batter": "BR McDermott",
              "bowler": "DR Sams",
              "extras": {
                "wides": 1
              },
              "non_striker": "DJ Malan",
              "runs": {
                "batter": 0,
                "extras": 1,
                "total": 1
              }
            },
            {
              "batter": "BR McDermott",
              "bowler": "DR Sams",
              "non_striker": "DJ Malan",
              "runs": {
                "batter": 4,
                "extras": 0,
                "total": 4
              }
            },
            {
              "batter": "BR McDermott",
              "bowler": "DR Sams",
              "non_striker": "DJ Malan",
              "runs": {
                "batter": 0,
                "extras": 0,
                "total": 0
              }
            }
          ]
        },
        {
          "over": 12,
          "deliveries": [
            {
              "batter": "DJ Malan",
              "bowler": "T Sangha",
              "extras": {
                "wides": 1
              },
              "non_striker": "BR McDermott",
              "runs": {
                "batter": 0,
                "extras": 1,
                "total": 1
              }
            },
            {
              "batter": "DJ Malan",
              "bowler": "T Sangha",
              "non_striker": "BR McDermott",
              "runs": {
                "batter": 0,
                "extras": 0,
                "total": 0
              }
            },
            {
              "batter": "DJ Malan",
              "bowler": "T Sangha",
              "non_striker": "BR McDermott",
              "runs": {
                "batter": 1,
                "extras": 0,
                "total": 1
              }
            },
            {
              "batter": "BR McDermott",
              "bowler": "T Sangha",
              "non_striker": "DJ Malan",
              "runs": {
                "batter": 1,
                "extras": 0,
                "total": 1
              }
            },
            {
              "batter": "DJ Malan",
              "bowler": "T Sangha",
              "non_striker": "BR McDermott",
              "runs": {
                "batter": 4,
                "extras": 0,
                "total": 4
              }
            },
            {
              "batter": "DJ Malan",
              "bowler": "T Sangha",
              "non_striker": "BR McDermott",
              "runs": {
                "batter": 0,
                "extras": 0,
                "total": 0
              },
              "wickets": [
                {
                  "player_out": "DJ Malan",
                  "fielders": [
                    {
                      "name": "N McAndrew"
                    }
                  ],
                  "kind": "caught"
                }
              ]
            },
            {
              "batter": "PSP Handscomb",
              "bowler": "T Sangha",
              "non_striker": "BR McDermott",
              "runs": {
                "batter": 0,
                "extras": 0,
                "total": 0
              }
            }
          ]
        },
        {
          "over": 13,
          "deliveries": [
            {
              "batter": "BR McDermott",
              "bowler": "BCJ Cutting",
              "non_striker": "PSP Handscomb",
              "runs": {
                "batter": 1,
                "extras": 0,
                "total": 1
              }
            },
            {
              "batter": "PSP Handscomb",
              "bowler": "BCJ Cutting",
              "extras": {
                "legbyes": 1
              },
              "non_striker": "BR McDermott",
              "runs": {
                "batter": 0,
                "extras": 1,
                "total": 1
              }
            },
            {
              "batter": "BR McDermott",
              "bowler": "BCJ Cutting",
              "non_striker": "PSP Handscomb",
              "runs": {
                "batter": 1,
                "extras": 0,
                "total": 1
              }
            },
            {
              "batter": "PSP Handscomb",
              "bowler": "BCJ Cutting",
              "non_striker": "BR McDermott",
              "runs": {
                "batter": 2,
                "extras": 0,
                "total": 2
              }
            },
            {
              "batter": "PSP Handscomb",
              "bowler": "BCJ Cutting",
              "non_striker": "BR McDermott",
              "runs": {
                "batter": 0,
                "extras": 0,
                "total": 0
              }
            },
            {
              "batter": "PSP Handscomb",
              "bowler": "BCJ Cutting",
              "non_striker": "BR McDermott",
              "runs": {
                "batter": 6,
                "extras": 0,
                "total": 6
              }
            }
          ]
        },
        {
          "over": 14,
          "deliveries": [
            {
              "batter": "BR McDermott",
              "bowler": "T Sangha",
              "extras": {
                "wides": 1
              },
              "non_striker": "PSP Handscomb",
              "runs": {
                "batter": 0,
                "extras": 1,
                "total": 1
              }
            },
            {
              "batter": "BR McDermott",
              "bowler": "T Sangha",
              "non_striker": "PSP Handscomb",
              "runs": {
                "batter": 1,
                "extras": 0,
                "total": 1
              }
            },
            {
              "batter": "PSP Handscomb",
              "bowler": "T Sangha",
              "non_striker": "BR McDermott",
              "runs": {
                "batter": 0,
                "extras": 0,
                "total": 0
              }
            },
            {
              "batter": "PSP Handscomb",
              "bowler": "T Sangha",
              "non_striker": "BR McDermott",
              "runs": {
                "batter": 1,
                "extras": 0,
                "total": 1
              }
            },
            {
              "batter": "BR McDermott",
              "bowler": "T Sangha",
              "non_striker": "PSP Handscomb",
              "runs": {
                "batter": 4,
                "extras": 0,
                "total": 4
              }
            },
            {
              "batter": "BR McDermott",
              "bowler": "T Sangha",
              "non_striker": "PSP Handscomb",
              "runs": {
                "batter": 2,
                "extras": 0,
                "total": 2
              }
            },
            {
              "batter": "BR McDermott",
              "bowler": "T Sangha",
              "non_striker": "PSP Handscomb",
              "runs": {
                "batter": 0,
                "extras": 0,
                "total": 0
              }
            }
          ]
        },
        {
          "over": 15,
          "deliveries": [
            {
              "batter": "PSP Handscomb",
              "bowler": "CJ Green",
              "extras": {
                "wides": 1
              },
              "non_striker": "BR McDermott",
              "runs": {
                "batter": 0,
                "extras": 1,
                "total": 1
              }
            },
            {
              "batter": "PSP Handscomb",
              "bowler": "CJ Green",
              "non_striker": "BR McDermott",
              "runs": {
                "batter": 2,
                "extras": 0,
                "total": 2
              }
            },
            {
              "batter": "PSP Handscomb",
              "bowler": "CJ Green",
              "non_striker": "BR McDermott",
              "runs": {
                "batter": 1,
                "extras": 0,
                "total": 1
              }
            },
            {
              "batter": "BR McDermott",
              "bowler": "CJ Green",
              "non_striker": "PSP Handscomb",
              "runs": {
                "batter": 6,
                "extras": 0,
                "total": 6
              }
            },
            {
              "batter": "BR McDermott",
              "bowler": "CJ Green",
              "non_striker": "PSP Handscomb",
              "runs": {
                "batter": 2,
                "extras": 0,
                "total": 2
              }
            },
            {
              "batter": "BR McDermott",
              "bowler": "CJ Green",
              "non_striker": "PSP Handscomb",
              "runs": {
                "batter": 2,
                "extras": 0,
                "total": 2
              }
            },
            {
              "batter": "BR McDermott",
              "bowler": "CJ Green",
              "non_striker": "PSP Handscomb",
              "runs": {
                "batter": 1,
                "extras": 0,
                "total": 1
              }
            }
          ]
        },
        {
          "over": 16,
          "deliveries": [
            {
              "batter": "BR McDermott",
              "bowler": "T Sangha",
              "non_striker": "PSP Handscomb",
              "runs": {
                "batter": 6,
                "extras": 0,
                "total": 6
              }
            },
            {
              "batter": "BR McDermott",
              "bowler": "T Sangha",
              "non_striker": "PSP Handscomb",
              "runs": {
                "batter": 2,
                "extras": 0,
                "total": 2
              }
            },
            {
              "batter": "BR McDermott",
              "bowler": "T Sangha",
              "non_striker": "PSP Handscomb",
              "runs": {
                "batter": 0,
                "extras": 0,
                "total": 0
              },
              "wickets": [
                {
                  "player_out": "BR McDermott",
                  "fielders": [
                    {
                      "name": "O Davies"
                    }
                  ],
                  "kind": "caught"
                }
              ]
            },
            {
              "batter": "TH David",
              "bowler": "T Sangha",
              "non_striker": "PSP Handscomb",
              "runs": {
                "batter": 1,
                "extras": 0,
                "total": 1
              }
            },
            {
              "batter": "PSP Handscomb",
              "bowler": "T Sangha",
              "non_striker": "TH David",
              "runs": {
                "batter": 1,
                "extras": 0,
                "total": 1
              }
            },
            {
              "batter": "TH David",
              "bowler": "T Sangha",
              "non_striker": "PSP Handscomb",
              "runs": {
                "batter": 6,
                "extras": 0,
                "total": 6
              }
            }
          ]
        },
        {
          "over": 17,
          "deliveries": [
            {
              "batter": "PSP Handscomb",
              "bowler": "AF Milne",
              "non_striker": "TH David",
              "runs": {
                "batter": 0,
                "extras": 0,
                "total": 0
              }
            },
            {
              "batter": "PSP Handscomb",
              "bowler": "AF Milne",
              "non_striker": "TH David",
              "runs": {
                "batter": 0,
                "extras": 0,
                "total": 0
              }
            },
            {
              "batter": "PSP Handscomb",
              "bowler": "AF Milne",
              "non_striker": "TH David",
              "runs": {
                "batter": 0,
                "extras": 0,
                "total": 0
              }
            },
            {
              "batter": "PSP Handscomb",
              "bowler": "AF Milne",
              "non_striker": "TH David",
              "runs": {
                "batter": 0,
                "extras": 0,
                "total": 0
              }
            },
            {
              "batter": "PSP Handscomb",
              "bowler": "AF Milne",
              "non_striker": "TH David",
              "runs": {
                "batter": 4,
                "extras": 0,
                "total": 4
              }
            },
            {
              "batter": "PSP Handscomb",
              "bowler": "AF Milne",
              "non_striker": "TH David",
              "runs": {
                "batter": 4,
                "extras": 0,
                "total": 4
              }
            }
          ]
        }
      ],
      "powerplays": [
        {
          "from": 0.1,
          "to": 3.7,
          "type": "mandatory"
        },
        {
          "from": 10.1,
          "to": 11.8,
          "type": "batting"
        }
      ],
      "target": {
        "overs": 20,
        "runs": 178
      }
    }
  ]
}