{
  "meta": {
    "data_version": "1.0.0",
    "created": "2021-01-23",
    "revision": 1
  },
  "info": {
    "balls_per_over": 6,
    "city": "Melbourne",
    "dates": [
      "2021-01-23"
    ],
    "event": {
      "name": "Big Bash League",
      "match_number": 49
    },
    "gender": "male",
    "match_type": "T20",
    "officials": {
      "match_referees": [
        "RW Stratford"
      ],
      "reserve_umpires": [
        "CA Polosak"
      ],
      "tv_umpires": [
        "DR Close"
      ],
      "umpires": [
        "DM Koch",
        "SJ Nogajski"
      ]
    },
    "outcome": {
      "winner": "Brisbane Heat",
      "by": {
        "runs": 26
      }
    },
    "overs": 20,
    "player_of_match": [
      "M Labuschagne"
    ],
    "players": {
      "Brisbane Heat": [
        "CA Lynn",
        "M Bryant",
        "M Labuschagne",
        "JL Denly",
        "JA Burns",
        "L Gregory",
        "JJ Peirson",
        "MT Steketee",
        "XC Bartlett",
        "MJ Swepson",
        "B Laughlin"
      ],
      "Melbourne Renegades": [
        "SE Marsh",
        "AJ Finch",
        "SB Harper",
        "J Fraser-McGurk",
        "MW Harvey",
        "BJ Webster",
        "Imad Wasim",
        "JA Prestwidge",
        "JK Lalor",
        "Z Evans",
        "P Hatzoglou"
      ]
    },
    "registry": {
      "people": {
        "AJ Finch": "b8d490fd",
        "B Laughlin": "b2a79f17",
        "BJ Webster": "56b93d46",
        "CA Lynn": "45eda7c8",
        "CA Polosak": "26a360d2",
        "DM Koch": "6d10c034",
        "DR Close": "4cae2b0c",
        "Imad Wasim": "9cb8d7a6",
        "J Fraser-McGurk": "9b6e1b3f",
        "JA Burns": "7a5f232a",
        "JA Prestwidge": "5f317fd4",
        "JJ Peirson": "2b55c3b4",
        "JK Lalor": "88209c84",
        "JL Denly": "bdadf7da",
        "L Gregory": "06c2de82",
        "M Bryant": "f32012f4",
        "M Labuschagne": "fa433be6",
        "MJ Swepson": "86b4bf88",
        "MT Steketee": "903560ed",
        "MW Harvey": "47dc9794",
        "P Hatzoglou": "6f95e5fa",
        "RW Stratford": "85489579",
        "SB Harper": "a756e61a",
        "SE Marsh": "508a1ea7",
        "SJ Nogajski": "9b3f9323",
        "XC Bartlett": "3b53243a",
        "Z Evans": "8528effb"
      }
    },
    "season": "2020/21",
    "team_type": "club",
    "teams": [
      "Brisbane Heat",
      "Melbourne Renegades"
    ],
    "toss": {
      "decision": "bat",
      "winner": "Brisbane Heat"
    },
    "venue": "Docklands Stadium"
  },
  "innings": [
    {
      "team": "Brisbane Heat",
      "overs": [
        {
          "over": 0,
          "deliveries": [
            {
              "batter": "CA Lynn",
              "bowler": "JK Lalor",
              "non_striker": "M Bryant",
              "runs": {
                "batter": 0,
                "extras": 0,
                "total": 0
              }
            },
            {
              "batter": "CA Lynn",
              "bowler": "JK Lalor",
              "non_striker": "M Bryant",
              "runs": {
                "batter": 0,
                "extras": 0,
                "total": 0
              }
            },
            {
              "batter": "CA Lynn",
              "bowler": "JK Lalor",
              "non_striker": "M Bryant",
              "runs": {
                "batter": 0,
                "extras": 0,
                "total": 0
              }
            },
            {
              "batter": "CA Lynn",
              "bowler": "JK Lalor",
              "non_striker": "M Bryant",
              "runs": {
                "batter": 4,
                "extras": 0,
                "total": 4
              }
            },
            {
              "batter": "CA Lynn",
              "bowler": "JK Lalor",
              "non_striker": "M Bryant",
              "runs": {
                "batter": 4,
                "extras": 0,
                "total": 4
              }
            },
            {
              "batter": "CA Lynn",
              "bowler": "JK Lalor",
              "non_striker": "M Bryant",
              "runs": {
                "batter": 0,
                "extras": 0,
                "total": 0
              }
            }
          ]
        },
        {
          "over": 1,
          "deliveries": [
            {
              "batter": "M Bryant",
              "bowler": "Imad Wasim",
              "non_striker": "CA Lynn",
              "runs": {
                "batter": 0,
                "extras": 0,
                "total": 0
              }
            },
            {
              "batter": "M Bryant",
              "bowler": "Imad Wasim",
              "non_striker": "CA Lynn",
              "runs": {
                "batter": 1,
                "extras": 0,
                "total": 1
              }
            },
            {
              "batter": "CA Lynn",
              "bowler": "Imad Wasim",
              "non_striker": "M Bryant",
              "runs": {
                "batter": 0,
                "extras": 0,
                "total": 0
              }
            },
            {
              "batter": "CA Lynn",
              "bowler": "Imad Wasim",
              "non_striker": "M Bryant",
              "runs": {
                "batter": 0,
                "extras": 0,
                "total": 0
              }
            },
            {
              "batter": "CA Lynn",
              "bowler": "Imad Wasim",
              "non_striker": "M Bryant",
              "runs": {
                "batter": 1,
                "extras": 0,
                "total": 1
              }
            },
            {
              "batter": "M Bryant",
              "bowler": "Imad Wasim",
              "non_striker": "CA Lynn",
              "runs": {
                "batter": 4,
                "extras": 0,
                "total": 4
              }
            }
          ]
        },
        {
          "over": 2,
          "deliveries": [
            {
              "batter": "CA Lynn",
              "bowler": "JK Lalor",
              "non_striker": "M Bryant",
              "runs": {
                "batter": 1,
                "extras": 0,
                "total": 1
              }
            },
            {
              "batter": "M Bryant",
              "bowler": "JK Lalor",
              "non_striker": "CA Lynn",
              "runs": {
                "batter": 0,
                "extras": 0,
                "total": 0
              }
            },
            {
              "batter": "M Bryant",
              "bowler": "JK Lalor",
              "non_striker": "CA Lynn",
              "runs": {
                "batter": 1,
                "extras": 0,
                "total": 1
              }
            },
            {
              "batter": "CA Lynn",
              "bowler": "JK Lalor",
              "non_striker": "M Bryant",
              "runs": {
                "batter": 6,
                "extras": 0,
                "total": 6
              }
            },
            {
              "batter": "CA Lynn",
              "bowler": "JK Lalor",
              "non_striker": "M Bryant",
              "runs": {
                "batter": 6,
                "extras": 0,
                "total": 6
              }
            },
            {
              "batter": "CA Lynn",
              "bowler": "JK Lalor",
              "non_striker": "M Bryant",
              "runs": {
                "batter": 2,
                "extras": 0,
                "total": 2
              }
            }
          ]
        },
        {
          "over": 3,
          "deliveries": [
            {
              "batter": "M Bryant",
              "bowler": "P Hatzoglou",
              "non_striker": "CA Lynn",
              "runs": {
                "batter": 1,
                "extras": 0,
                "total": 1
              }
            },
            {
              "batter": "CA Lynn",
              "bowler": "P Hatzoglou",
              "non_striker": "M Bryant",
              "runs": {
                "batter": 0,
                "extras": 0,
                "total": 0
              }
            },
            {
              "batter": "CA Lynn",
              "bowler": "P Hatzoglou",
              "non_striker": "M Bryant",
              "runs": {
                "batter": 1,
                "extras": 0,
                "total": 1
              }
            },
            {
              "batter": "M Bryant",
              "bowler": "P Hatzoglou",
              "non_striker": "CA Lynn",
              "runs": {
                "batter": 1,
                "extras": 0,
                "total": 1
              }
            },
            {
              "batter": "CA Lynn",
              "bowler": "P Hatzoglou",
              "non_striker": "M Bryant",
              "runs": {
                "batter": 0,
                "extras": 0,
                "total": 0
              }
            },
            {
              "batter": "CA Lynn",
              "bowler": "P Hatzoglou",
              "non_striker": "M Bryant",
              "runs": {
                "batter": 0,
                "extras": 0,
                "total": 0
              }
            }
          ]
        },
        {
          "over": 4,
          "deliveries": [
            {
              "batter": "M Bryant",
              "bowler": "Z Evans",
              "non_striker": "CA Lynn",
              "runs": {
                "batter": 1,
                "extras": 0,
                "total": 1
              }
            },
            {
              "batter": "CA Lynn",
              "bowler": "Z Evans",
              "non_striker": "M Bryant",
              "runs": {
                "batter": 4,
                "extras": 0,
                "total": 4
              }
            },
            {
              "batter": "CA Lynn",
              "bowler": "Z Evans",
              "non_striker": "M Bryant",
              "runs": {
                "batter": 1,
                "extras": 0,
                "total": 1
              }
            },
            {
              "batter": "M Bryant",
              "bowler": "Z Evans",
              "non_striker": "CA Lynn",
              "runs": {
                "batter": 4,
                "extras": 0,
                "total": 4
              }
            },
            {
              "batter": "M Bryant",
              "bowler": "Z Evans",
              "non_striker": "CA Lynn",
              "runs": {
                "batter": 1,
                "extras": 0,
                "total": 1
              }
            },
            {
              "batter": "CA Lynn",
              "bowler": "Z Evans",
              "non_striker": "M Bryant",
              "runs": {
                "batter": 4,
                "extras": 0,
                "total": 4
              }
            }
          ]
        },
        {
          "over": 5,
          "deliveries": [
            {
              "batter": "M Bryant",
              "bowler": "Imad Wasim",
              "non_striker": "CA Lynn",
              "runs": {
                "batter": 0,
                "extras": 0,
                "total": 0
              }
            },
            {
              "batter": "M Bryant",
              "bowler": "Imad Wasim",
              "non_striker": "CA Lynn",
              "runs": {
                "batter": 1,
                "extras": 0,
                "total": 1
              }
            },
            {
              "batter": "CA Lynn",
              "bowler": "Imad Wasim",
              "non_striker": "M Bryant",
              "runs": {
                "batter": 0,
                "extras": 0,
                "total": 0
              }
            },
            {
              "batter": "CA Lynn",
              "bowler": "Imad Wasim",
              "non_striker": "M Bryant",
              "runs": {
                "batter": 4,
                "extras": 0,
                "total": 4
              }
            },
            {
              "batter": "CA Lynn",
              "bowler": "Imad Wasim",
              "non_striker": "M Bryant",
              "runs": {
                "batter": 4,
                "extras": 0,
                "non_boundary": true,
                "total": 4
              }
            },
            {
              "batter": "CA Lynn",
              "bowler": "Imad Wasim",
              "non_striker": "M Bryant",
              "runs": {
                "batter": 1,
                "extras": 0,
                "total": 1
              }
            }
          ]
        },
        {
          "over": 6,
          "deliveries": [
            {
              "batter": "CA Lynn",
              "bowler": "P Hatzoglou",
              "non_striker": "M Bryant",
              "runs": {
                "batter": 1,
                "extras": 0,
                "total": 1
              }
            },
            {
              "batter": "M Bryant",
              "bowler": "P Hatzoglou",
              "non_striker": "CA Lynn",
              "runs": {
                "batter": 0,
                "extras": 0,
                "total": 0
              }
            },
            {
              "batter": "M Bryant",
              "bowler": "P Hatzoglou",
              "non_striker": "CA Lynn",
              "runs": {
                "batter": 4,
                "extras": 0,
                "total": 4
              }
            },
            {
              "batter": "M Bryant",
              "bowler": "P Hatzoglou",
              "non_striker": "CA Lynn",
              "runs": {
                "batter": 0,
                "extras": 0,
                "total": 0
              }
            },
            {
              "batter": "M Bryant",
              "bowler": "P Hatzoglou",
              "non_striker": "CA Lynn",
              "runs": {
                "batter": 1,
                "extras": 0,
                "total": 1
              }
            },
            {
              "batter": "CA Lynn",
              "bowler": "P Hatzoglou",
              "non_striker": "M Bryant",
              "runs": {
                "batter": 0,
                "extras": 0,
                "total": 0
              }
            }
          ]
        },
        {
          "over": 7,
          "deliveries": [
            {
              "batter": "M Bryant",
              "bowler": "JA Prestwidge",
              "non_striker": "CA Lynn",
              "runs": {
                "batter": 1,
                "extras": 0,
                "total": 1
              }
            },
            {
              "batter": "CA Lynn",
              "bowler": "JA Prestwidge",
              "non_striker": "M Bryant",
              "runs": {
                "batter": 1,
                "extras": 0,
                "total": 1
              }
            },
            {
              "batter": "M Bryant",
              "bowler": "JA Prestwidge",
              "non_striker": "CA Lynn",
              "runs": {
                "batter": 1,
                "extras": 0,
                "total": 1
              }
            },
            {
              "batter": "CA Lynn",
              "bowler": "JA Prestwidge",
              "non_striker": "M Bryant",
              "runs": {
                "batter": 1,
                "extras": 0,
                "total": 1
              }
            },
            {
              "batter": "M Bryant",
              "bowler": "JA Prestwidge",
              "non_striker": "CA Lynn",
              "runs": {
                "batter": 4,
                "extras": 0,
                "total": 4
              }
            },
            {
              "batter": "M Bryant",
              "bowler": "JA Prestwidge",
              "non_striker": "CA Lynn",
              "runs": {
                "batter": 0,
                "extras": 0,
                "total": 0
              }
            }
          ]
        },
        {
          "over": 8,
          "deliveries": [
            {
              "batter": "CA Lynn",
              "bowler": "Z Evans",
              "non_striker": "M Bryant",
              "runs": {
                "batter": 6,
                "extras": 0,
                "total": 6
              }
            },
            {
              "batter": "CA Lynn",
              "bowler": "Z Evans",
              "non_striker": "M Bryant",
              "runs": {
                "batter": 0,
                "extras": 0,
                "total": 0
              },
              "wickets": [
                {
                  "player_out": "CA Lynn",
                  "fielders": [
                    {
                      "name": "J Fraser-McGurk"
                    }
                  ],
                  "kind": "caught"
                }
              ]
            },
            {
              "batter": "M Bryant",
              "bowler": "Z Evans",
              "non_striker": "M Labuschagne",
              "runs": {
                "batter": 0,
                "extras": 0,
                "total": 0
              }
            },
            {
              "batter": "M Bryant",
              "bowler": "Z Evans",
              "non_striker": "M Labuschagne",
              "runs": {
                "batter": 0,
                "extras": 0,
                "total": 0
              },
              "wickets": [
                {
                  "player_out": "M Bryant",
                  "fielders": [
                    {
                      "name": "SB Harper"
                    }
                  ],
                  "kind": "caught"
                }
              ]
            },
            {
              "batter": "JL Denly",
              "bowler": "Z Evans",
              "non_striker": "M Labuschagne",
              "runs": {
                "batter": 0,
                "extras": 0,
                "total": 0
              }
            },
            {
              "batter": "JL Denly",
              "bowler": "Z Evans",
              "non_striker": "M Labuschagne",
              "runs": {
                "batter": 0,
                "extras": 0,
                "total": 0
              }
            }
          ]
        },
        {
          "over": 9,
          "deliveries": [
            {
              "batter": "M Labuschagne",
              "bowler": "J Fraser-McGurk",
              "non_striker": "JL Denly",
              "runs": {
                "batter": 2,
                "extras": 0,
                "total": 2
              }
            },
            {
              "batter": "M Labuschagne",
              "bowler": "J Fraser-McGurk",
              "non_striker": "JL Denly",
              "runs": {
                "batter": 1,
                "extras": 0,
                "total": 1
              }
            },
            {
              "batter": "JL Denly",
              "bowler": "J Fraser-McGurk",
              "non_striker": "M Labuschagne",
              "runs": {
                "batter": 2,
                "extras": 0,
                "total": 2
              }
            },
            {
              "batter": "JL Denly",
              "bowler": "J Fraser-McGurk",
              "non_striker": "M Labuschagne",
              "runs": {
                "batter": 1,
                "extras": 0,
                "total": 1
              }
            },
            {
              "batter": "M Labuschagne",
              "bowler": "J Fraser-McGurk",
              "non_striker": "JL Denly",
              "runs": {
                "batter": 4,
                "extras": 0,
                "total": 4
              }
            },
            {
              "batter": "M Labuschagne",
              "bowler": "J Fraser-McGurk",
              "non_striker": "JL Denly",
              "runs": {
                "batter": 0,
                "extras": 0,
                "total": 0
              }
            }
          ]
        },
        {
          "over": 10,
          "deliveries": [
            {
              "batter": "JL Denly",
              "bowler": "JA Prestwidge",
              "non_striker": "M Labuschagne",
              "runs": {
                "batter": 0,
                "extras": 0,
                "total": 0
              }
            },
            {
              "batter": "JL Denly",
              "bowler": "JA Prestwidge",
              "non_striker": "M Labuschagne",
              "runs": {
                "batter": 1,
                "extras": 0,
                "total": 1
              }
            },
            {
              "batter": "M Labuschagne",
              "bowler": "JA Prestwidge",
              "non_striker": "JL Denly",
              "runs": {
                "batter": 0,
                "extras": 0,
                "total": 0
              }
            },
            {
              "batter": "M Labuschagne",
              "bowler": "JA Prestwidge",
              "non_striker": "JL Denly",
              "runs": {
                "batter": 1,
                "extras": 0,
                "total": 1
              }
            },
            {
              "batter": "JL Denly",
              "bowler": "JA Prestwidge",
              "non_striker": "M Labuschagne",
              "runs": {
                "batter": 2,
                "extras": 0,
                "total": 2
              }
            },
            {
              "batter": "JL Denly",
              "bowler": "JA Prestwidge",
              "non_striker": "M Labuschagne",
              "runs": {
                "batter": 1,
                "extras": 0,
                "total": 1
              }
            }
          ]
        },
        {
          "over": 11,
          "deliveries": [
            {
              "batter": "JL Denly",
              "bowler": "BJ Webster",
              "non_striker": "M Labuschagne",
              "runs": {
                "batter": 1,
                "extras": 0,
                "total": 1
              }
            },
            {
              "batter": "M Labuschagne",
              "bowler": "BJ Webster",
              "non_striker": "JL Denly",
              "runs": {
                "batter": 2,
                "extras": 0,
                "total": 2
              }
            },
            {
              "batter": "M Labuschagne",
              "bowler": "BJ Webster",
              "non_striker": "JL Denly",
              "runs": {
                "batter": 1,
                "extras": 0,
                "total": 1
              }
            },
            {
              "batter": "JL Denly",
              "bowler": "BJ Webster",
              "non_striker": "M Labuschagne",
              "runs": {
                "batter": 1,
                "extras": 0,
                "total": 1
              }
            },
            {
              "batter": "M Labuschagne",
              "bowler": "BJ Webster",
              "non_striker": "JL Denly",
              "runs": {
                "batter": 0,
                "extras": 0,
                "total": 0
              }
            },
            {
              "batter": "M Labuschagne",
              "bowler": "BJ Webster",
              "non_striker": "JL Denly",
              "runs": {
                "batter": 2,
                "extras": 0,
                "total": 2
              }
            }
          ]
        },
        {
          "over": 12,
          "deliveries": [
            {
              "batter": "JL Denly",
              "bowler": "Imad Wasim",
              "non_striker": "M Labuschagne",
              "runs": {
                "batter": 0,
                "extras": 0,
                "total": 0
              },
              "wickets": [
                {
                  "player_out": "JL Denly",
                  "fielders": [
                    {
                      "name": "SB Harper"
                    }
                  ],
                  "kind": "stumped"
                }
              ]
            },
            {
              "batter": "JA Burns",
              "bowler": "Imad Wasim",
              "non_striker": "M Labuschagne",
              "runs": {
                "batter": 1,
                "extras": 0,
                "total": 1
              }
            },
            {
              "batter": "M Labuschagne",
              "bowler": "Imad Wasim",
              "non_striker": "JA Burns",
              "runs": {
                "batter": 2,
                "extras": 0,
                "total": 2
              }
            },
            {
              "batter": "M Labuschagne",
              "bowler": "Imad Wasim",
              "non_striker": "JA Burns",
              "runs": {
                "batter": 1,
                "extras": 0,
                "total": 1
              }
            },
            {
              "batter": "JA Burns",
              "bowler": "Imad Wasim",
              "non_striker": "M Labuschagne",
              "runs": {
                "batter": 1,
                "extras": 0,
                "total": 1
              }
            },
            {
              "batter": "M Labuschagne",
              "bowler": "Imad Wasim",
              "non_striker": "JA Burns",
              "runs": {
                "batter": 1,
                "extras": 0,
                "total": 1
              }
            }
          ]
        },
        {
          "over": 13,
          "deliveries": [
            {
              "batter": "M Labuschagne",
              "bowler": "BJ Webster",
              "non_striker": "JA Burns",
              "runs": {
                "batter": 1,
                "extras": 0,
                "total": 1
              }
            },
            {
              "batter": "JA Burns",
              "bowler": "BJ Webster",
              "non_striker": "M Labuschagne",
              "runs": {
                "batter": 2,
                "extras": 0,
                "total": 2
              }
            },
            {
              "batter": "JA Burns",
              "bowler": "BJ Webster",
              "non_striker": "M Labuschagne",
              "runs": {
                "batter": 1,
                "extras": 0,
                "total": 1
              }
            },
            {
              "batter": "M Labuschagne",
              "bowler": "BJ Webster",
              "non_striker": "JA Burns",
              "runs": {
                "batter": 1,
                "extras": 0,
                "total": 1
              }
            },
            {
              "batter": "JA Burns",
              "bowler": "BJ Webster",
              "non_striker": "M Labuschagne",
              "runs": {
                "batter": 1,
                "extras": 0,
                "total": 1
              }
            },
            {
              "batter": "M Labuschagne",
              "bowler": "BJ Webster",
              "non_striker": "JA Burns",
              "runs": {
                "batter": 1,
                "extras": 0,
                "total": 1
              }
            }
          ]
        },
        {
          "over": 14,
          "deliveries": [
            {
              "batter": "M Labuschagne",
              "bowler": "JA Prestwidge",
              "non_striker": "JA Burns",
              "runs": {
                "batter": 2,
                "extras": 0,
                "total": 2
              }
            },
            {
              "batter": "M Labuschagne",
              "bowler": "JA Prestwidge",
              "non_striker": "JA Burns",
              "runs": {
                "batter": 0,
                "extras": 0,
                "total": 0
              }
            },
            {
              "batter": "M Labuschagne",
              "bowler": "JA Prestwidge",
              "non_striker": "JA Burns",
              "runs": {
                "batter": 1,
                "extras": 0,
                "total": 1
              }
            },
            {
              "batter": "JA Burns",
              "bowler": "JA Prestwidge",
              "non_striker": "M Labuschagne",
              "runs": {
                "batter": 0,
                "extras": 0,
                "total": 0
              }
            },
            {
              "batter": "JA Burns",
              "bowler": "JA Prestwidge",
              "non_striker": "M Labuschagne",
              "runs": {
                "batter": 1,
                "extras": 0,
                "total": 1
              }
            },
            {
              "batter": "M Labuschagne",
              "bowler": "JA Prestwidge",
              "non_striker": "JA Burns",
              "runs": {
                "batter": 1,
                "extras": 0,
                "total": 1
              }
            }
          ]
        },
        {
          "over": 15,
          "deliveries": [
            {
              "batter": "M Labuschagne",
              "bowler": "P Hatzoglou",
              "non_striker": "JA Burns",
              "runs": {
                "batter": 0,
                "extras": 0,
                "total": 0
              }
            },
            {
              "batter": "M Labuschagne",
              "bowler": "P Hatzoglou",
              "non_striker": "JA Burns",
              "runs": {
                "batter": 0,
                "extras": 0,
                "total": 0
              }
            },
            {
              "batter": "M Labuschagne",
              "bowler": "P Hatzoglou",
              "non_striker": "JA Burns",
              "runs": {
                "batter": 1,
                "extras": 0,
                "total": 1
              }
            },
            {
              "batter": "JA Burns",
              "bowler": "P Hatzoglou",
              "non_striker": "M Labuschagne",
              "runs": {
                "batter": 0,
                "extras": 0,
                "total": 0
              },
              "wickets": [
                {
                  "player_out": "JA Burns",
                  "kind": "bowled"
                }
              ]
            },
            {
              "batter": "L Gregory",
              "bowler": "P Hatzoglou",
              "non_striker": "M Labuschagne",
              "runs": {
                "batter": 1,
                "extras": 0,
                "total": 1
              }
            },
            {
              "batter": "M Labuschagne",
              "bowler": "P Hatzoglou",
              "non_striker": "L Gregory",
              "runs": {
                "batter": 4,
                "extras": 0,
                "total": 4
              }
            }
          ]
        },
        {
          "over": 16,
          "deliveries": [
            {
              "batter": "L Gregory",
              "bowler": "Imad Wasim",
              "non_striker": "M Labuschagne",
              "runs": {
                "batter": 0,
                "extras": 0,
                "total": 0
              }
            },
            {
              "batter": "L Gregory",
              "bowler": "Imad Wasim",
              "non_striker": "M Labuschagne",
              "runs": {
                "batter": 0,
                "extras": 0,
                "total": 0
              }
            },
            {
              "batter": "L Gregory",
              "bowler": "Imad Wasim",
              "non_striker": "M Labuschagne",
              "runs": {
                "batter": 1,
                "extras": 0,
                "total": 1
              }
            },
            {
              "batter": "M Labuschagne",
              "bowler": "Imad Wasim",
              "extras": {
                "wides": 1
              },
              "non_striker": "L Gregory",
              "runs": {
                "batter": 0,
                "extras": 1,
                "total": 1
              }
            },
            {
              "batter": "M Labuschagne",
              "bowler": "Imad Wasim",
              "non_striker": "L Gregory",
              "runs": {
                "batter": 1,
                "extras": 0,
                "total": 1
              }
            },
            {
              "batter": "L Gregory",
              "bowler": "Imad Wasim",
              "non_striker": "M Labuschagne",
              "runs": {
                "batter": 4,
                "extras": 0,
                "total": 4
              }
            },
            {
              "batter": "L Gregory",
              "bowler": "Imad Wasim",
              "non_striker": "M Labuschagne",
              "runs": {
                "batter": 1,
                "extras": 0,
                "total": 1
              }
            }
          ]
        },
        {
          "over": 17,
          "deliveries": [
            {
              "batter": "L Gregory",
              "bowler": "P Hatzoglou",
              "non_striker": "M Labuschagne",
              "runs": {
                "batter": 1,
                "extras": 0,
                "total": 1
              }
            },
            {
              "batter": "M Labuschagne",
              "bowler": "P Hatzoglou",
              "non_striker": "L Gregory",
              "runs": {
                "batter": 0,
                "extras": 0,
                "total": 0
              }
            },
            {
              "batter": "M Labuschagne",
              "bowler": "P Hatzoglou",
              "non_striker": "L Gregory",
              "runs": {
                "batter": 4,
                "extras": 0,
                "total": 4
              }
            },
            {
              "batter": "M Labuschagne",
              "bowler": "P Hatzoglou",
              "non_striker": "L Gregory",
              "runs": {
                "batter": 3,
                "extras": 0,
                "total": 3
              }
            },
            {
              "batter": "L Gregory",
              "bowler": "P Hatzoglou",
              "extras": {
                "byes": 1
              },
              "non_striker": "M Labuschagne",
              "runs": {
                "batter": 0,
                "extras": 1,
                "total": 1
              }
            },
            {
              "batter": "M Labuschagne",
              "bowler": "P Hatzoglou",
              "non_striker": "L Gregory",
              "runs": {
                "batter": 6,
                "extras": 0,
                "total": 6
              }
            }
          ]
        },
        {
          "over": 18,
          "deliveries": [
            {
              "batter": "L Gregory",
              "bowler": "Z Evans",
              "non_striker": "M Labuschagne",
              "runs": {
                "batter": 1,
                "extras": 0,
                "total": 1
              }
            },
            {
              "batter": "M Labuschagne",
              "bowler": "Z Evans",
              "non_striker": "L Gregory",
              "runs": {
                "batter": 6,
                "extras": 0,
                "total": 6
              }
            },
            {
              "batter": "M Labuschagne",
              "bowler": "Z Evans",
              "non_striker": "L Gregory",
              "runs": {
                "batter": 0,
                "extras": 0,
                "total": 0
              },
              "wickets": [
                {
                  "player_out": "M Labuschagne",
                  "fielders": [
                    {
                      "name": "P Hatzoglou"
                    }
                  ],
                  "kind": "caught"
                }
              ]
            },
            {
              "batter": "L Gregory",
              "bowler": "Z Evans",
              "non_striker": "JJ Peirson",
              "runs": {
                "batter": 0,
                "extras": 0,
                "total": 0
              }
            },
            {
              "batter": "L Gregory",
              "bowler": "Z Evans",
              "non_striker": "JJ Peirson",
              "runs": {
                "batter": 4,
                "extras": 0,
                "total": 4
              }
            },
            {
              "batter": "L Gregory",
              "bowler": "Z Evans",
              "non_striker": "JJ Peirson",
              "runs": {
                "batter": 2,
                "extras": 0,
                "total": 2
              }
            }
          ]
        },
        {
          "over": 19,
          "deliveries": [
            {
              "batter": "JJ Peirson",
              "bowler": "JK Lalor",
              "non_striker": "L Gregory",
              "runs": {
                "batter": 1,
                "extras": 0,
                "total": 1
              }
            },
            {
              "batter": "L Gregory",
              "bowler": "JK Lalor",
              "non_striker": "JJ Peirson",
              "runs": {
                "batter": 1,
                "extras": 0,
                "total": 1
              }
            },
            {
              "batter": "JJ Peirson",
              "bowler": "JK Lalor",
              "extras": {
                "noballs": 1
              },
              "non_striker": "L Gregory",
              "runs": {
                "batter": 1,
                "extras": 1,
                "total": 2
              }
            },
            {
              "batter": "L Gregory",
              "bowler": "JK Lalor",
              "extras": {
                "legbyes": 1
              },
              "non_striker": "JJ Peirson",
              "runs": {
                "batter": 0,
                "extras": 1,
                "total": 1
              }
            },
            {
              "batter": "JJ Peirson",
              "bowler": "JK Lalor",
              "non_striker": "L Gregory",
              "runs": {
                "batter": 0,
                "extras": 0,
                "total": 0
              }
            },
            {
              "batter": "JJ Peirson",
              "bowler": "JK Lalor",
              "non_striker": "L Gregory",
              "runs": {
                "batter": 2,
                "extras": 0,
                "total": 2
              }
            },
            {
              "batter": "JJ Peirson",
              "bowler": "JK Lalor",
              "non_striker": "L Gregory",
              "runs": {
                "batter": 6,
                "extras": 0,
                "total": 6
              }
            }
          ]
        }
      ],
      "powerplays": [
        {
          "from": 0.1,
          "to": 3.6,
          "type": "mandatory"
        },
        {
          "from": 15.1,
          "to": 16.7,
          "type": "batting"
        }
      ]
    },
    {
      "team": "Melbourne Renegades",
      "overs": [
        {
          "over": 0,
          "deliveries": [
            {
              "batter": "SE Marsh",
              "bowler": "XC Bartlett",
              "non_striker": "AJ Finch",
              "runs": {
                "batter": 4,
                "extras": 0,
                "total": 4
              }
            },
            {
              "batter": "SE Marsh",
              "bowler": "XC Bartlett",
              "non_striker": "AJ Finch",
              "runs": {
                "batter": 0,
                "extras": 0,
                "total": 0
              }
            },
            {
              "batter": "SE Marsh",
              "bowler": "XC Bartlett",
              "non_striker": "AJ Finch",
              "runs": {
                "batter": 0,
                "extras": 0,
                "total": 0
              }
            },
            {
              "batter": "SE Marsh",
              "bowler": "XC Bartlett",
              "non_striker": "AJ Finch",
              "runs": {
                "batter": 4,
                "extras": 0,
                "total": 4
              }
            },
            {
              "batter": "SE Marsh",
              "bowler": "XC Bartlett",
              "non_striker": "AJ Finch",
              "runs": {
                "batter": 2,
                "extras": 0,
                "total": 2
              }
            },
            {
              "batter": "SE Marsh",
              "bowler": "XC Bartlett",
              "non_striker": "AJ Finch",
              "runs": {
                "batter": 0,
                "extras": 0,
                "total": 0
              }
            }
          ]
        },
        {
          "over": 1,
          "deliveries": [
            {
              "batter": "AJ Finch",
              "bowler": "MT Steketee",
              "non_striker": "SE Marsh",
              "runs": {
                "batter": 4,
                "extras": 0,
                "total": 4
              }
            },
            {
              "batter": "AJ Finch",
              "bowler": "MT Steketee",
              "non_striker": "SE Marsh",
              "runs": {
                "batter": 0,
                "extras": 0,
                "total": 0
              },
              "wickets": [
                {
                  "player_out": "AJ Finch",
                  "kind": "lbw"
                }
              ]
            },
            {
              "batter": "SB Harper",
              "bowler": "MT Steketee",
              "non_striker": "SE Marsh",
              "runs": {
                "batter": 1,
                "extras": 0,
                "total": 1
              }
            },
            {
              "batter": "SE Marsh",
              "bowler": "MT Steketee",
              "non_striker": "SB Harper",
              "runs": {
                "batter": 4,
                "extras": 0,
                "total": 4
              }
            },
            {
              "batter": "SE Marsh",
              "bowler": "MT Steketee",
              "non_striker": "SB Harper",
              "runs": {
                "batter": 2,
                "extras": 0,
                "total": 2
              }
            },
            {
              "batter": "SE Marsh",
              "bowler": "MT Steketee",
              "non_striker": "SB Harper",
              "runs": {
                "batter": 0,
                "extras": 0,
                "total": 0
              }
            }
          ]
        },
        {
          "over": 2,
          "deliveries": [
            {
              "batter": "SB Harper",
              "bowler": "XC Bartlett",
              "non_striker": "SE Marsh",
              "runs": {
                "batter": 0,
                "extras": 0,
                "total": 0
              }
            },
            {
              "batter": "SB Harper",
              "bowler": "XC Bartlett",
              "non_striker": "SE Marsh",
              "runs": {
                "batter": 2,
                "extras": 0,
                "total": 2
              }
            },
            {
              "batter": "SB Harper",
              "bowler": "XC Bartlett",
              "non_striker": "SE Marsh",
              "runs": {
                "batter": 1,
                "extras": 0,
                "total": 1
              }
            },
            {
              "batter": "SE Marsh",
              "bowler": "XC Bartlett",
              "non_striker": "SB Harper",
              "runs": {
                "batter": 0,
                "extras": 0,
                "total": 0
              }
            },
            {
              "batter": "SE Marsh",
              "bowler": "XC Bartlett",
              "non_striker": "SB Harper",
              "runs": {
                "batter": 1,
                "extras": 0,
                "total": 1
              }
            },
            {
              "batter": "SB Harper",
              "bowler": "XC Bartlett",
              "non_striker": "SE Marsh",
              "runs": {
                "batter": 6,
                "extras": 0,
                "total": 6
              }
            }
          ]
        },
        {
          "over": 3,
          "deliveries": [
            {
              "batter": "SE Marsh",
              "bowler": "MT Steketee",
              "non_striker": "SB Harper",
              "runs": {
                "batter": 0,
                "extras": 0,
                "total": 0
              }
            },
            {
              "batter": "SE Marsh",
              "bowler": "MT Steketee",
              "non_striker": "SB Harper",
              "runs": {
                "batter": 0,
                "extras": 0,
                "total": 0
              }
            },
            {
              "batter": "SE Marsh",
              "bowler": "MT Steketee",
              "non_striker": "SB Harper",
              "runs": {
                "batter": 0,
                "extras": 0,
                "total": 0
              }
            },
            {
              "batter": "SE Marsh",
              "bowler": "MT Steketee",
              "non_striker": "SB Harper",
              "runs": {
                "batter": 1,
                "extras": 0,
                "total": 1
              }
            },
            {
              "batter": "SB Harper",
              "bowler": "MT Steketee",
              "extras": {
                "wides": 1
              },
              "non_striker": "SE Marsh",
              "runs": {
                "batter": 0,
                "extras": 1,
                "total": 1
              }
            },
            {
              "batter": "SB Harper",
              "bowler": "MT Steketee",
              "non_striker": "SE Marsh",
              "runs": {
                "batter": 6,
                "extras": 0,
                "total": 6
              }
            },
            {
              "batter": "SB Harper",
              "bowler": "MT Steketee",
              "non_striker": "SE Marsh",
              "runs": {
                "batter": 0,
                "extras": 0,
                "total": 0
              }
            }
          ]
        },
        {
          "over": 4,
          "deliveries": [
            {
              "batter": "SE Marsh",
              "bowler": "B Laughlin",
              "non_striker": "SB Harper",
              "runs": {
                "batter": 1,
                "extras": 0,
                "total": 1
              }
            },
            {
              "batter": "SB Harper",
              "bowler": "B Laughlin",
              "non_striker": "SE Marsh",
              "runs": {
                "batter": 1,
                "extras": 0,
                "total": 1
              }
            },
            {
              "batter": "SE Marsh",
              "bowler": "B Laughlin",
              "non_striker": "SB Harper",
              "runs": {
                "batter": 1,
                "extras": 0,
                "total": 1
              }
            },
            {
              "batter": "SB Harper",
              "bowler": "B Laughlin",
              "non_striker": "SE Marsh",
              "runs": {
                "batter": 1,
                "extras": 0,
                "total": 1
              }
            },
            {
              "batter": "SE Marsh",
              "bowler": "B Laughlin",
              "non_striker": "SB Harper",
              "runs": {
                "batter": 0,
                "extras": 0,
                "total": 0
              }
            },
            {
              "batter": "SE Marsh",
              "bowler": "B Laughlin",
              "non_striker": "SB Harper",
              "runs": {
                "batter": 1,
                "extras": 0,
                "total": 1
              }
            }
          ]
        },
        {
          "over": 5,
          "deliveries": [
            {
              "batter": "SE Marsh",
              "bowler": "MJ Swepson",
              "non_striker": "SB Harper",
              "runs": {
                "batter": 1,
                "extras": 0,
                "total": 1
              }
            },
            {
              "batter": "SB Harper",
              "bowler": "MJ Swepson",
              "non_striker": "SE Marsh",
              "runs": {
                "batter": 1,
                "extras": 0,
                "total": 1
              }
            },
            {
              "batter": "SE Marsh",
              "bowler": "MJ Swepson",
              "non_striker": "SB Harper",
              "runs": {
                "batter": 4,
                "extras": 0,
                "total": 4
              }
            },
            {
              "batter": "SE Marsh",
              "bowler": "MJ Swepson",
              "non_striker": "SB Harper",
              "runs": {
                "batter": 1,
                "extras": 0,
                "total": 1
              }
            },
            {
              "batter": "SB Harper",
              "bowler": "MJ Swepson",
              "non_striker": "SE Marsh",
              "runs": {
                "batter": 2,
                "extras": 0,
                "total": 2
              }
            },
            {
              "batter": "SB Harper",
              "bowler": "MJ Swepson",
              "non_striker": "SE Marsh",
              "runs": {
                "batter": 0,
                "extras": 0,
                "total": 0
              }
            }
          ]
        },
        {
          "over": 6,
          "deliveries": [
            {
              "batter": "SE Marsh",
              "bowler": "B Laughlin",
              "non_striker": "SB Harper",
              "runs": {
                "batter": 0,
                "extras": 0,
                "total": 0
              }
            },
            {
              "batter": "SE Marsh",
              "bowler": "B Laughlin",
              "non_striker": "SB Harper",
              "runs": {
                "batter": 0,
                "extras": 0,
                "total": 0
              }
            },
            {
              "batter": "SE Marsh",
              "bowler": "B Laughlin",
              "non_striker": "SB Harper",
              "runs": {
                "batter": 1,
                "extras": 0,
                "total": 1
              }
            },
            {
              "batter": "SB Harper",
              "bowler": "B Laughlin",
              "non_striker": "SE Marsh",
              "runs": {
                "batter": 0,
                "extras": 0,
                "total": 0
              }
            },
            {
              "batter": "SB Harper",
              "bowler": "B Laughlin",
              "non_striker": "SE Marsh",
              "runs": {
                "batter": 2,
                "extras": 0,
                "total": 2
              }
            },
            {
              "batter": "SB Harper",
              "bowler": "B Laughlin",
              "non_striker": "SE Marsh",
              "runs": {
                "batter": 0,
                "extras": 0,
                "total": 0
              }
            }
          ]
        },
        {
          "over": 7,
          "deliveries": [
            {
              "batter": "SE Marsh",
              "bowler": "MJ Swepson",
              "non_striker": "SB Harper",
              "runs": {
                "batter": 0,
                "extras": 0,
                "total": 0
              }
            },
            {
              "batter": "SE Marsh",
              "bowler": "MJ Swepson",
              "non_striker": "SB Harper",
              "runs": {
                "batter": 0,
                "extras": 0,
                "total": 0
              },
              "wickets": [
                {
                  "player_out": "SE Marsh",
                  "fielders": [
                    {
                      "name": "MT Steketee"
                    }
                  ],
                  "kind": "caught"
                }
              ]
            },
            {
              "batter": "J Fraser-McGurk",
              "bowler": "MJ Swepson",
              "non_striker": "SB Harper",
              "runs": {
                "batter": 0,
                "extras": 0,
                "total": 0
              }
            },
            {
              "batter": "J Fraser-McGurk",
              "bowler": "MJ Swepson",
              "non_striker": "SB Harper",
              "runs": {
                "batter": 1,
                "extras": 0,
                "total": 1
              }
            },
            {
              "batter": "SB Harper",
              "bowler": "MJ Swepson",
              "non_striker": "J Fraser-McGurk",
              "runs": {
                "batter": 1,
                "extras": 0,
                "total": 1
              }
            },
            {
              "batter": "J Fraser-McGurk",
              "bowler": "MJ Swepson",
              "non_striker": "SB Harper",
              "runs": {
                "batter": 0,
                "extras": 0,
                "total": 0
              }
            }
          ]
        },
        {
          "over": 8,
          "deliveries": [
            {
              "batter": "SB Harper",
              "bowler": "B Laughlin",
              "non_striker": "J Fraser-McGurk",
              "runs": {
                "batter": 0,
                "extras": 0,
                "total": 0
              }
            },
            {
              "batter": "SB Harper",
              "bowler": "B Laughlin",
              "non_striker": "J Fraser-McGurk",
              "runs": {
                "batter": 0,
                "extras": 0,
                "total": 0
              }
            },
            {
              "batter": "SB Harper",
              "bowler": "B Laughlin",
              "non_striker": "J Fraser-McGurk",
              "runs": {
                "batter": 0,
                "extras": 0,
                "total": 0
              }
            },
            {
              "batter": "SB Harper",
              "bowler": "B Laughlin",
              "non_striker": "J Fraser-McGurk",
              "runs": {
                "batter": 4,
                "extras": 0,
                "total": 4
              }
            },
            {
              "batter": "SB Harper",
              "bowler": "B Laughlin",
              "non_striker": "J Fraser-McGurk",
              "runs": {
                "batter": 4,
                "extras": 0,
                "total": 4
              }
            },
            {
              "batter": "SB Harper",
              "bowler": "B Laughlin",
              "non_striker": "J Fraser-McGurk",
              "runs": {
                "batter": 1,
                "extras": 0,
                "total": 1
              }
            }
          ]
        },
        {
          "over": 9,
          "deliveries": [
            {
              "batter": "SB Harper",
              "bowler": "MJ Swepson",
              "non_striker": "J Fraser-McGurk",
              "runs": {
                "batter": 0,
                "extras": 0,
                "total": 0
              }
            },
            {
              "batter": "SB Harper",
              "bowler": "MJ Swepson",
              "non_striker": "J Fraser-McGurk",
              "runs": {
                "batter": 4,
                "extras": 0,
                "total": 4
              }
            },
            {
              "batter": "SB Harper",
              "bowler": "MJ Swepson",
              "non_striker": "J Fraser-McGurk",
              "runs": {
                "batter": 1,
                "extras": 0,
                "total": 1
              }
            },
            {
              "batter": "J Fraser-McGurk",
              "bowler": "MJ Swepson",
              "non_striker": "SB Harper",
              "runs": {
                "batter": 4,
                "extras": 0,
                "total": 4
              }
            },
            {
              "batter": "J Fraser-McGurk",
              "bowler": "MJ Swepson",
              "non_striker": "SB Harper",
              "runs": {
                "batter": 1,
                "extras": 0,
                "total": 1
              }
            },
            {
              "batter": "SB Harper",
              "bowler": "MJ Swepson",
              "non_striker": "J Fraser-McGurk",
              "runs": {
                "batter": 1,
                "extras": 0,
                "total": 1
              }
            }
          ]
        },
        {
          "over": 10,
          "deliveries": [
            {
              "batter": "SB Harper",
              "bowler": "L Gregory",
              "non_striker": "J Fraser-McGurk",
              "runs": {
                "batter": 6,
                "extras": 0,
                "total": 6
              }
            },
            {
              "batter": "SB Harper",
              "bowler": "L Gregory",
              "non_striker": "J Fraser-McGurk",
              "runs": {
                "batter": 4,
                "extras": 0,
                "total": 4
              }
            },
            {
              "batter": "SB Harper",
              "bowler": "L Gregory",
              "non_striker": "J Fraser-McGurk",
              "runs": {
                "batter": 1,
                "extras": 0,
                "total": 1
              }
            },
            {
              "batter": "J Fraser-McGurk",
              "bowler": "L Gregory",
              "non_striker": "SB Harper",
              "runs": {
                "batter": 1,
                "extras": 0,
                "total": 1
              }
            },
            {
              "batter": "SB Harper",
              "bowler": "L Gregory",
              "non_striker": "J Fraser-McGurk",
              "runs": {
                "batter": 1,
                "extras": 0,
                "total": 1
              }
            },
            {
              "batter": "J Fraser-McGurk",
              "bowler": "L Gregory",
              "non_striker": "SB Harper",
              "runs": {
                "batter": 0,
                "extras": 0,
                "total": 0
              },
              "wickets": [
                {
                  "player_out": "J Fraser-McGurk",
                  "fielders": [
                    {
                      "name": "M Labuschagne"
                    }
                  ],
                  "kind": "caught"
                }
              ]
            }
          ]
        },
        {
          "over": 11,
          "deliveries": [
            {
              "batter": "SB Harper",
              "bowler": "M Labuschagne",
              "non_striker": "MW Harvey",
              "runs": {
                "batter": 6,
                "extras": 0,
                "total": 6
              }
            },
            {
              "batter": "SB Harper",
              "bowler": "M Labuschagne",
              "non_striker": "MW Harvey",
              "runs": {
                "batter": 0,
                "extras": 0,
                "total": 0
              },
              "wickets": [
                {
                  "player_out": "SB Harper",
                  "fielders": [
                    {
                      "name": "JJ Peirson"
                    }
                  ],
                  "kind": "caught"
                }
              ]
            },
            {
              "batter": "BJ Webster",
              "bowler": "M Labuschagne",
              "non_striker": "MW Harvey",
              "runs": {
                "batter": 0,
                "extras": 0,
                "total": 0
              }
            },
            {
              "batter": "BJ Webster",
              "bowler": "M Labuschagne",
              "non_striker": "MW Harvey",
              "runs": {
                "batter": 0,
                "extras": 0,
                "total": 0
              }
            },
            {
              "batter": "BJ Webster",
              "bowler": "M Labuschagne",
              "non_striker": "MW Harvey",
              "runs": {
                "batter": 0,
                "extras": 0,
                "total": 0
              }
            },
            {
              "batter": "BJ Webster",
              "bowler": "M Labuschagne",
              "non_striker": "MW Harvey",
              "runs": {
                "batter": 0,
                "extras": 0,
                "total": 0
              }
            }
          ]
        },
        {
          "over": 12,
          "deliveries": [
            {
              "batter": "MW Harvey",
              "bowler": "L Gregory",
              "non_striker": "BJ Webster",
              "runs": {
                "batter": 0,
                "extras": 0,
                "total": 0
              }
            },
            {
              "batter": "MW Harvey",
              "bowler": "L Gregory",
              "non_striker": "BJ Webster",
              "runs": {
                "batter": 2,
                "extras": 0,
                "total": 2
              }
            },
            {
              "batter": "MW Harvey",
              "bowler": "L Gregory",
              "non_striker": "BJ Webster",
              "runs": {
                "batter": 1,
                "extras": 0,
                "total": 1
              }
            },
            {
              "batter": "BJ Webster",
              "bowler": "L Gregory",
              "non_striker": "MW Harvey",
              "runs": {
                "batter": 0,
                "extras": 0,
                "total": 0
              }
            },
            {
              "batter": "BJ Webster",
              "bowler": "L Gregory",
              "non_striker": "MW Harvey",
              "runs": {
                "batter": 1,
                "extras": 0,
                "total": 1
              }
            },
            {
              "batter": "MW Harvey",
              "bowler": "L Gregory",
              "non_striker": "BJ Webster",
              "runs": {
                "batter": 1,
                "extras": 0,
                "total": 1
              }
            }
          ]
        },
        {
          "over": 13,
          "deliveries": [
            {
              "batter": "MW Harvey",
              "bowler": "M Labuschagne",
              "non_striker": "BJ Webster",
              "runs": {
                "batter": 0,
                "extras": 0,
                "total": 0
              },
              "wickets": [
                {
                  "player_out": "BJ Webster",
                  "kind": "run out"
                }
              ]
            },
            {
              "batter": "Imad Wasim",
              "bowler": "M Labuschagne",
              "non_striker": "MW Harvey",
              "runs": {
                "batter": 0,
                "extras": 0,
                "total": 0
              }
            },
            {
              "batter": "Imad Wasim",
              "bowler": "M Labuschagne",
              "non_striker": "MW Harvey",
              "runs": {
                "batter": 2,
                "extras": 0,
                "total": 2
              }
            },
            {
              "batter": "Imad Wasim",
              "bowler": "M Labuschagne",
              "non_striker": "MW Harvey",
              "runs": {
                "batter": 1,
                "extras": 0,
                "total": 1
              }
            },
            {
              "batter": "MW Harvey",
              "bowler": "M Labuschagne",
              "non_striker": "Imad Wasim",
              "runs": {
                "batter": 0,
                "extras": 0,
                "total": 0
              }
            },
            {
              "batter": "MW Harvey",
              "bowler": "M Labuschagne",
              "non_striker": "Imad Wasim",
              "runs": {
                "batter": 1,
                "extras": 0,
                "total": 1
              }
            }
          ]
        },
        {
          "over": 14,
          "deliveries": [
            {
              "batter": "MW Harvey",
              "bowler": "XC Bartlett",
              "non_striker": "Imad Wasim",
              "runs": {
                "batter": 0,
                "extras": 0,
                "total": 0
              },
              "wickets": [
                {
                  "player_out": "MW Harvey",
                  "fielders": [
                    {
                      "name": "B Laughlin"
                    }
                  ],
                  "kind": "caught"
                }
              ]
            },
            {
              "batter": "JA Prestwidge",
              "bowler": "XC Bartlett",
              "non_striker": "Imad Wasim",
              "runs": {
                "batter": 0,
                "extras": 0,
                "total": 0
              }
            },
            {
              "batter": "JA Prestwidge",
              "bowler": "XC Bartlett",
              "non_striker": "Imad Wasim",
              "runs": {
                "batter": 1,
                "extras": 0,
                "total": 1
              }
            },
            {
              "batter": "Imad Wasim",
              "bowler": "XC Bartlett",
              "non_striker": "JA Prestwidge",
              "runs": {
                "batter": 1,
                "extras": 0,
                "total": 1
              }
            },
            {
              "batter": "JA Prestwidge",
              "bowler": "XC Bartlett",
              "non_striker": "Imad Wasim",
              "runs": {
                "batter": 4,
                "extras": 0,
                "total": 4
              }
            },
            {
              "batter": "JA Prestwidge",
              "bowler": "XC Bartlett",
              "non_striker": "Imad Wasim",
              "runs": {
                "batter": 1,
                "extras": 0,
                "total": 1
              }
            }
          ]
        },
        {
          "over": 15,
          "deliveries": [
            {
              "batter": "JA Prestwidge",
              "bowler": "MT Steketee",
              "non_striker": "Imad Wasim",
              "runs": {
                "batter": 4,
                "extras": 0,
                "total": 4
              }
            },
            {
              "batter": "JA Prestwidge",
              "bowler": "MT Steketee",
              "non_striker": "Imad Wasim",
              "runs": {
                "batter": 1,
                "extras": 0,
                "total": 1
              }
            },
            {
              "batter": "Imad Wasim",
              "bowler": "MT Steketee",
              "non_striker": "JA Prestwidge",
              "runs": {
                "batter": 4,
                "extras": 0,
                "total": 4
              }
            },
            {
              "batter": "Imad Wasim",
              "bowler": "MT Steketee",
              "non_striker": "JA Prestwidge",
              "runs": {
                "batter": 1,
                "extras": 0,
                "total": 1
              }
            },
            {
              "batter": "JA Prestwidge",
              "bowler": "MT Steketee",
              "non_striker": "Imad Wasim",
              "runs": {
                "batter": 0,
                "extras": 0,
                "total": 0
              }
            },
            {
              "batter": "JA Prestwidge",
              "bowler": "MT Steketee",
              "non_striker": "Imad Wasim",
              "runs": {
                "batter": 6,
                "extras": 0,
                "total": 6
              }
            }
          ]
        },
        {
          "over": 16,
          "deliveries": [
            {
              "batter": "Imad Wasim",
              "bowler": "XC Bartlett",
              "non_striker": "JA Prestwidge",
              "runs": {
                "batter": 0,
                "extras": 0,
                "total": 0
              }
            },
            {
              "batter": "Imad Wasim",
              "bowler": "XC Bartlett",
              "non_striker": "JA Prestwidge",
              "runs": {
                "batter": 4,
                "extras": 0,
                "total": 4
              }
            },
            {
              "batter": "Imad Wasim",
              "bowler": "XC Bartlett",
              "non_striker": "JA Prestwidge",
              "runs": {
                "batter": 0,
                "extras": 0,
                "total": 0
              },
              "wickets": [
                {
                  "player_out": "Imad Wasim",
                  "fielders": [
                    {
                      "name": "JA Burns"
                    }
                  ],
                  "kind": "caught"
                }
              ]
            },
            {
              "batter": "JK Lalor",
              "bowler": "XC Bartlett",
              "non_striker": "JA Prestwidge",
              "runs": {
                "batter": 0,
                "extras": 0,
                "total": 0
              }
            },
            {
              "batter": "JK Lalor",
              "bowler": "XC Bartlett",
              "non_striker": "JA Prestwidge",
              "runs": {
                "batter": 4,
                "extras": 0,
                "total": 4
              }
            },
            {
              "batter": "JK Lalor",
              "bowler": "XC Bartlett",
              "non_striker": "JA Prestwidge",
              "runs": {
                "batter": 0,
                "extras": 0,
                "total": 0
              }
            }
          ]
        },
        {
          "over": 17,
          "deliveries": [
            {
              "batter": "JA Prestwidge",
              "bowler": "MJ Swepson",
              "extras": {
                "wides": 1
              },
              "non_striker": "JK Lalor",
              "runs": {
                "batter": 0,
                "extras": 1,
                "total": 1
              }
            },
            {
              "batter": "JA Prestwidge",
              "bowler": "MJ Swepson",
              "non_striker": "JK Lalor",
              "runs": {
                "batter": 0,
                "extras": 0,
                "total": 0
              }
            },
            {
              "batter": "JA Prestwidge",
              "bowler": "MJ Swepson",
              "non_striker": "JK Lalor",
              "runs": {
                "batter": 1,
                "extras": 0,
                "total": 1
              }
            },
            {
              "batter": "JK Lalor",
              "bowler": "MJ Swepson",
              "non_striker": "JA Prestwidge",
              "runs": {
                "batter": 1,
                "extras": 0,
                "total": 1
              }
            },
            {
              "batter": "JA Prestwidge",
              "bowler": "MJ Swepson",
              "non_striker": "JK Lalor",
              "runs": {
                "batter": 0,
                "extras": 0,
                "total": 0
              }
            },
            {
              "batter": "JA Prestwidge",
              "bowler": "MJ Swepson",
              "non_striker": "JK Lalor",
              "runs": {
                "batter": 1,
                "extras": 0,
                "total": 1
              }
            },
            {
              "batter": "JK Lalor",
              "bowler": "MJ Swepson",
              "non_striker": "JA Prestwidge",
              "runs": {
                "batter": 0,
                "extras": 0,
                "total": 0
              },
              "wickets": [
                {
                  "player_out": "JK Lalor",
                  "fielders": [
                    {
                      "name": "M Bryant"
                    }
                  ],
                  "kind": "caught"
                }
              ]
            }
          ]
        },
        {
          "over": 18,
          "deliveries": [
            {
              "batter": "JA Prestwidge",
              "bowler": "MT Steketee",
              "non_striker": "Z Evans",
              "runs": {
                "batter": 0,
                "extras": 0,
                "total": 0
              },
              "wickets": [
                {
                  "player_out": "JA Prestwidge",
                  "fielders": [
                    {
                      "name": "M Bryant"
                    }
                  ],
                  "kind": "caught"
                }
              ]
            },
            {
              "batter": "Z Evans",
              "bowler": "MT Steketee",
              "non_striker": "P Hatzoglou",
              "runs": {
                "batter": 0,
                "extras": 0,
                "total": 0
              }
            },
            {
              "batter": "Z Evans",
              "bowler": "MT Steketee",
              "non_striker": "P Hatzoglou",
              "runs": {
                "batter": 6,
                "extras": 0,
                "total": 6
              }
            },
            {
              "batter": "Z Evans",
              "bowler": "MT Steketee",
              "non_striker": "P Hatzoglou",
              "runs": {
                "batter": 0,
                "extras": 0,
                "total": 0
              },
              "wickets": [
                {
                  "player_out": "Z Evans",
                  "fielders": [
                    {
                      "name": "CA Lynn"
                    }
                  ],
                  "kind": "caught"
                }
              ]
            }
          ]
        }
      ],
      "powerplays": [
        {
          "from": 0.1,
          "to": 5.6,
          "type": "mandatory"
        },
        {
          "from": 15.1,
          "to": 16.6,
          "type": "batting"
        }
      ],
      "target": {
        "overs": 20,
        "runs": 174
      }
    }
  ]
}