{
  "meta": {
    "data_version": "1.0.0",
    "created": "2017-04-23",
    "revision": 2
  },
  "info": {
    "balls_per_over": 6,
    "city": "Perth",
    "dates": [
      "2011-12-18"
    ],
    "event": {
      "name": "Big Bash League"
    },
    "gender": "male",
    "match_type": "T20",
    "officials": {
      "match_referees": [
        "RJ Evans"
      ],
      "tv_umpires": [
        "RL Parry"
      ],
      "umpires": [
        "GA Abood",
        "AP Ward"
      ]
    },
    "outcome": {
      "by": {
        "runs": 31
      },
      "winner": "Hobart Hurricanes"
    },
    "overs": 20,
    "player_of_match": [
      "BW Hilfenhaus"
    ],
    "players": {
      "Hobart Hurricanes": [
        "PA Jaques",
        "RT Ponting",
        "TR Birt",
        "OA Shah",
        "TIF Triffitt",
        "RJG Lockyear",
        "JJ Krejza",
        "Naved-ul-Hasan",
        "XJ Doherty",
        "BW Hilfenhaus",
        "B Laughlin"
      ],
      "Perth Scorchers": [
        "HH Gibbs",
        "MJ North",
        "SM Katich",
        "MEK Hussey",
        "PD Collingwood",
        "MR Marsh",
        "L Ronchi",
        "GB Hogg",
        "NJ Rimmington",
        "MA Beer",
        "BM Edmondson"
      ]
    },
    "registry": {
      "people": {
        "AP Ward": "196a3809",
        "B Laughlin": "b2a79f17",
        "BM Edmondson": "b0b320a0",
        "BW Hilfenhaus": "f3171936",
        "GA Abood": "a4af5528",
        "GB Hogg": "f708a0bc",
        "HH Gibbs": "e1d1b294",
        "JJ Krejza": "047d9032",
        "L Ronchi": "0fa5042b",
        "MA Beer": "f60dc2a5",
        "MEK Hussey": "48fd7349",
        "MJ North": "99464591",
        "MR Marsh": "3d8feaf8",
        "NJ Rimmington": "6042bf26",
        "Naved-ul-Hasan": "33f28243",
        "OA Shah": "7bf96684",
        "PA Jaques": "03252e44",
        "PD Collingwood": "a386e91b",
        "RJ Evans": "d5fc9e42",
        "RJG Lockyear": "c8e7c983",
        "RL Parry": "86d151dc",
        "RT Ponting": "7d415ea5",
        "SM Katich": "fdedb37c",
        "TIF Triffitt": "593513d5",
        "TR Birt": "d2d4bb0a",
        "XJ Doherty": "502b2c81"
      }
    },
    "season": "2011/12",
    "team_type": "club",
    "teams": [
      "Perth Scorchers",
      "Hobart Hurricanes"
    ],
    "toss": {
      "decision": "bat",
      "winner": "Hobart Hurricanes"
    },
    "venue": "Western Australia Cricket Association Ground"
  },
  "innings": [
    {
      "team": "Hobart Hurricanes",
      "overs": [
        {
          "over": 0,
          "deliveries": [
            {
              "batter": "PA Jaques",
              "bowler": "MA Beer",
              "non_striker": "RT Ponting",
              "runs": {
                "batter": 0,
                "extras": 0,
                "total": 0
              }
            },
            {
              "batter": "PA Jaques",
              "bowler": "MA Beer",
              "non_striker": "RT Ponting",
              "runs": {
                "batter": 0,
                "extras": 0,
                "total": 0
              }
            },
            {
              "batter": "PA Jaques",
              "bowler": "MA Beer",
              "non_striker": "RT Ponting",
              "runs": {
                "batter": 1,
                "extras": 0,
                "total": 1
              }
            },
            {
              "batter": "RT Ponting",
              "bowler": "MA Beer",
              "non_striker": "PA Jaques",
              "runs": {
                "batter": 1,
                "extras": 0,
                "total": 1
              }
            },
            {
              "batter": "PA Jaques",
              "bowler": "MA Beer",
              "non_striker": "RT Ponting",
              "runs": {
                "batter": 0,
                "extras": 0,
                "total": 0
              }
            },
            {
              "batter": "PA Jaques",
              "bowler": "MA Beer",
              "non_striker": "RT Ponting",
              "runs": {
                "batter": 1,
                "extras": 0,
                "total": 1
              }
            }
          ]
        },
        {
          "over": 1,
          "deliveries": [
            {
              "batter": "PA Jaques",
              "bowler": "NJ Rimmington",
              "non_striker": "RT Ponting",
              "runs": {
                "batter": 1,
                "extras": 0,
                "total": 1
              }
            },
            {
              "batter": "RT Ponting",
              "bowler": "NJ Rimmington",
              "non_striker": "PA Jaques",
              "runs": {
                "batter": 0,
                "extras": 0,
                "total": 0
              }
            },
            {
              "batter": "RT Ponting",
              "bowler": "NJ Rimmington",
              "non_striker": "PA Jaques",
              "runs": {
                "batter": 0,
                "extras": 0,
                "total": 0
              }
            },
            {
              "batter": "RT Ponting",
              "bowler": "NJ Rimmington",
              "non_striker": "PA Jaques",
              "runs": {
                "batter": 0,
                "extras": 0,
                "total": 0
              }
            },
            {
              "batter": "RT Ponting",
              "bowler": "NJ Rimmington",
              "non_striker": "PA Jaques",
              "runs": {
                "batter": 1,
                "extras": 0,
                "total": 1
              }
            },
            {
              "batter": "PA Jaques",
              "bowler": "NJ Rimmington",
              "non_striker": "RT Ponting",
              "runs": {
                "batter": 0,
                "extras": 0,
                "total": 0
              }
            }
          ]
        },
        {
          "over": 2,
          "deliveries": [
            {
              "batter": "RT Ponting",
              "bowler": "MA Beer",
              "non_striker": "PA Jaques",
              "runs": {
                "batter": 0,
                "extras": 0,
                "total": 0
              }
            },
            {
              "batter": "RT Ponting",
              "bowler": "MA Beer",
              "non_striker": "PA Jaques",
              "runs": {
                "batter": 0,
                "extras": 0,
                "total": 0
              }
            },
            {
              "batter": "RT Ponting",
              "bowler": "MA Beer",
              "non_striker": "PA Jaques",
              "runs": {
                "batter": 4,
                "extras": 0,
                "total": 4
              }
            },
            {
              "batter": "RT Ponting",
              "bowler": "MA Beer",
              "non_striker": "PA Jaques",
              "runs": {
                "batter": 1,
                "extras": 0,
                "total": 1
              }
            },
            {
              "batter": "PA Jaques",
              "bowler": "MA Beer",
              "non_striker": "RT Ponting",
              "runs": {
                "batter": 4,
                "extras": 0,
                "total": 4
              }
            },
            {
              "batter": "PA Jaques",
              "bowler": "MA Beer",
              "non_striker": "RT Ponting",
              "runs": {
                "batter": 0,
                "extras": 0,
                "total": 0
              }
            }
          ]
        },
        {
          "over": 3,
          "deliveries": [
            {
              "batter": "RT Ponting",
              "bowler": "NJ Rimmington",
              "non_striker": "PA Jaques",
              "runs": {
                "batter": 0,
                "extras": 0,
                "total": 0
              }
            },
            {
              "batter": "RT Ponting",
              "bowler": "NJ Rimmington",
              "non_striker": "PA Jaques",
              "runs": {
                "batter": 0,
                "extras": 0,
                "total": 0
              }
            },
            {
              "batter": "RT Ponting",
              "bowler": "NJ Rimmington",
              "non_striker": "PA Jaques",
              "runs": {
                "batter": 0,
                "extras": 0,
                "total": 0
              }
            },
            {
              "batter": "RT Ponting",
              "bowler": "NJ Rimmington",
              "non_striker": "PA Jaques",
              "runs": {
                "batter": 2,
                "extras": 0,
                "total": 2
              }
            },
            {
              "batter": "RT Ponting",
              "bowler": "NJ Rimmington",
              "non_striker": "PA Jaques",
              "runs": {
                "batter": 1,
                "extras": 0,
                "total": 1
              }
            },
            {
              "batter": "PA Jaques",
              "bowler": "NJ Rimmington",
              "non_striker": "RT Ponting",
              "runs": {
                "batter": 1,
                "extras": 0,
                "total": 1
              }
            }
          ]
        },
        {
          "over": 4,
          "deliveries": [
            {
              "batter": "PA Jaques",
              "bowler": "MR Marsh",
              "non_striker": "RT Ponting",
              "runs": {
                "batter": 0,
                "extras": 0,
                "total": 0
              }
            },
            {
              "batter": "PA Jaques",
              "bowler": "MR Marsh",
              "extras": {
                "wides": 1
              },
              "non_striker": "RT Ponting",
              "runs": {
                "batter": 0,
                "extras": 1,
                "total": 1
              }
            },
            {
              "batter": "PA Jaques",
              "bowler": "MR Marsh",
              "non_striker": "RT Ponting",
              "runs": {
                "batter": 1,
                "extras": 0,
                "total": 1
              }
            },
            {
              "batter": "RT Ponting",
              "bowler": "MR Marsh",
              "non_striker": "PA Jaques",
              "runs": {
                "batter": 2,
                "extras": 0,
                "total": 2
              }
            },
            {
              "batter": "RT Ponting",
              "bowler": "MR Marsh",
              "non_striker": "PA Jaques",
              "runs": {
                "batter": 1,
                "extras": 0,
                "total": 1
              }
            },
            {
              "batter": "PA Jaques",
              "bowler": "MR Marsh",
              "non_striker": "RT Ponting",
              "runs": {
                "batter": 1,
                "extras": 0,
                "total": 1
              }
            },
            {
              "batter": "RT Ponting",
              "bowler": "MR Marsh",
              "non_striker": "PA Jaques",
              "runs": {
                "batter": 0,
                "extras": 0,
                "total": 0
              }
            }
          ]
        },
        {
          "over": 5,
          "deliveries": [
            {
              "batter": "PA Jaques",
              "bowler": "BM Edmondson",
              "non_striker": "RT Ponting",
              "runs": {
                "batter": 1,
                "extras": 0,
                "total": 1
              }
            },
            {
              "batter": "RT Ponting",
              "bowler": "BM Edmondson",
              "non_striker": "PA Jaques",
              "runs": {
                "batter": 4,
                "extras": 0,
                "total": 4
              }
            },
            {
              "batter": "RT Ponting",
              "bowler": "BM Edmondson",
              "non_striker": "PA Jaques",
              "runs": {
                "batter": 0,
                "extras": 0,
                "total": 0
              },
              "wickets": [
                {
                  "kind": "caught",
                  "player_out": "RT Ponting",
                  "fielders": [
                    {
                      "name": "MEK Hussey"
                    }
                  ]
                }
              ]
            },
            {
              "batter": "TR Birt",
              "bowler": "BM Edmondson",
              "non_striker": "PA Jaques",
              "runs": {
                "batter": 1,
                "extras": 0,
                "total": 1
              }
            },
            {
              "batter": "PA Jaques",
              "bowler": "BM Edmondson",
              "non_striker": "TR Birt",
              "runs": {
                "batter": 0,
                "extras": 0,
                "total": 0
              }
            },
            {
              "batter": "PA Jaques",
              "bowler": "BM Edmondson",
              "non_striker": "TR Birt",
              "runs": {
                "batter": 4,
                "extras": 0,
                "total": 4
              }
            }
          ]
        },
        {
          "over": 6,
          "deliveries": [
            {
              "batter": "TR Birt",
              "bowler": "MR Marsh",
              "extras": {
                "wides": 1
              },
              "non_striker": "PA Jaques",
              "runs": {
                "batter": 0,
                "extras": 1,
                "total": 1
              }
            },
            {
              "batter": "TR Birt",
              "bowler": "MR Marsh",
              "non_striker": "PA Jaques",
              "runs": {
                "batter": 4,
                "extras": 0,
                "total": 4
              }
            },
            {
              "batter": "TR Birt",
              "bowler": "MR Marsh",
              "non_striker": "PA Jaques",
              "runs": {
                "batter": 1,
                "extras": 0,
                "total": 1
              }
            },
            {
              "batter": "PA Jaques",
              "bowler": "MR Marsh",
              "non_striker": "TR Birt",
              "runs": {
                "batter": 2,
                "extras": 0,
                "total": 2
              }
            },
            {
              "batter": "PA Jaques",
              "bowler": "MR Marsh",
              "non_striker": "TR Birt",
              "runs": {
                "batter": 1,
                "extras": 0,
                "total": 1
              }
            },
            {
              "batter": "TR Birt",
              "bowler": "MR Marsh",
              "non_striker": "PA Jaques",
              "runs": {
                "batter": 0,
                "extras": 0,
                "total": 0
              }
            },
            {
              "batter": "TR Birt",
              "bowler": "MR Marsh",
              "non_striker": "PA Jaques",
              "runs": {
                "batter": 1,
                "extras": 0,
                "total": 1
              }
            }
          ]
        },
        {
          "over": 7,
          "deliveries": [
            {
              "batter": "TR Birt",
              "bowler": "BM Edmondson",
              "non_striker": "PA Jaques",
              "runs": {
                "batter": 0,
                "extras": 0,
                "total": 0
              }
            },
            {
              "batter": "TR Birt",
              "bowler": "BM Edmondson",
              "extras": {
                "wides": 1
              },
              "non_striker": "PA Jaques",
              "runs": {
                "batter": 0,
                "extras": 1,
                "total": 1
              }
            },
            {
              "batter": "TR Birt",
              "bowler": "BM Edmondson",
              "non_striker": "PA Jaques",
              "runs": {
                "batter": 0,
                "extras": 0,
                "total": 0
              }
            },
            {
              "batter": "TR Birt",
              "bowler": "BM Edmondson",
              "non_striker": "PA Jaques",
              "runs": {
                "batter": 4,
                "extras": 0,
                "total": 4
              }
            },
            {
              "batter": "TR Birt",
              "bowler": "BM Edmondson",
              "non_striker": "PA Jaques",
              "runs": {
                "batter": 2,
                "extras": 0,
                "total": 2
              }
            },
            {
              "batter": "TR Birt",
              "bowler": "BM Edmondson",
              "non_striker": "PA Jaques",
              "runs": {
                "batter": 1,
                "extras": 0,
                "total": 1
              }
            },
            {
              "batter": "PA Jaques",
              "bowler": "BM Edmondson",
              "non_striker": "TR Birt",
              "runs": {
                "batter": 0,
                "extras": 0,
                "total": 0
              },
              "wickets": [
                {
                  "kind": "caught",
                  "player_out": "PA Jaques",
                  "fielders": [
                    {
                      "name": "MEK Hussey"
                    }
                  ]
                }
              ]
            }
          ]
        },
        {
          "over": 8,
          "deliveries": [
            {
              "batter": "OA Shah",
              "bowler": "GB Hogg",
              "non_striker": "TR Birt",
              "runs": {
                "batter": 2,
                "extras": 0,
                "total": 2
              }
            },
            {
              "batter": "OA Shah",
              "bowler": "GB Hogg",
              "non_striker": "TR Birt",
              "runs": {
                "batter": 1,
                "extras": 0,
                "total": 1
              }
            },
            {
              "batter": "TR Birt",
              "bowler": "GB Hogg",
              "non_striker": "OA Shah",
              "runs": {
                "batter": 2,
                "extras": 0,
                "total": 2
              }
            },
            {
              "batter": "TR Birt",
              "bowler": "GB Hogg",
              "non_striker": "OA Shah",
              "runs": {
                "batter": 0,
                "extras": 0,
                "total": 0
              }
            },
            {
              "batter": "TR Birt",
              "bowler": "GB Hogg",
              "non_striker": "OA Shah",
              "runs": {
                "batter": 4,
                "extras": 0,
                "total": 4
              }
            },
            {
              "batter": "TR Birt",
              "bowler": "GB Hogg",
              "non_striker": "OA Shah",
              "runs": {
                "batter": 1,
                "extras": 0,
                "total": 1
              }
            }
          ]
        },
        {
          "over": 9,
          "deliveries": [
            {
              "batter": "TR Birt",
              "bowler": "MR Marsh",
              "non_striker": "OA Shah",
              "runs": {
                "batter": 1,
                "extras": 0,
                "total": 1
              }
            },
            {
              "batter": "OA Shah",
              "bowler": "MR Marsh",
              "non_striker": "TR Birt",
              "runs": {
                "batter": 1,
                "extras": 0,
                "total": 1
              }
            },
            {
              "batter": "TR Birt",
              "bowler": "MR Marsh",
              "non_striker": "OA Shah",
              "runs": {
                "batter": 1,
                "extras": 0,
                "total": 1
              }
            },
            {
              "batter": "OA Shah",
              "bowler": "MR Marsh",
              "non_striker": "TR Birt",
              "runs": {
                "batter": 0,
                "extras": 0,
                "total": 0
              }
            },
            {
              "batter": "OA Shah",
              "bowler": "MR Marsh",
              "non_striker": "TR Birt",
              "runs": {
                "batter": 1,
                "extras": 0,
                "total": 1
              }
            },
            {
              "batter": "TR Birt",
              "bowler": "MR Marsh",
              "non_striker": "OA Shah",
              "runs": {
                "batter": 0,
                "extras": 0,
                "total": 0
              }
            }
          ]
        },
        {
          "over": 10,
          "deliveries": [
            {
              "batter": "OA Shah",
              "bowler": "PD Collingwood",
              "non_striker": "TR Birt",
              "runs": {
                "batter": 1,
                "extras": 0,
                "total": 1
              }
            },
            {
              "batter": "TR Birt",
              "bowler": "PD Collingwood",
              "non_striker": "OA Shah",
              "runs": {
                "batter": 0,
                "extras": 0,
                "total": 0
              }
            },
            {
              "batter": "TR Birt",
              "bowler": "PD Collingwood",
              "non_striker": "OA Shah",
              "runs": {
                "batter": 1,
                "extras": 0,
                "total": 1
              }
            },
            {
              "batter": "OA Shah",
              "bowler": "PD Collingwood",
              "non_striker": "TR Birt",
              "runs": {
                "batter": 0,
                "extras": 0,
                "total": 0
              }
            },
            {
              "batter": "OA Shah",
              "bowler": "PD Collingwood",
              "non_striker": "TR Birt",
              "runs": {
                "batter": 1,
                "extras": 0,
                "total": 1
              }
            },
            {
              "batter": "TR Birt",
              "bowler": "PD Collingwood",
              "extras": {
                "noballs": 1
              },
              "non_striker": "OA Shah",
              "runs": {
                "batter": 4,
                "extras": 1,
                "total": 5
              }
            },
            {
              "batter": "TR Birt",
              "bowler": "PD Collingwood",
              "non_striker": "OA Shah",
              "runs": {
                "batter": 0,
                "extras": 0,
                "total": 0
              }
            }
          ]
        },
        {
          "over": 11,
          "deliveries": [
            {
              "batter": "OA Shah",
              "bowler": "MR Marsh",
              "non_striker": "TR Birt",
              "runs": {
                "batter": 1,
                "extras": 0,
                "total": 1
              }
            },
            {
              "batter": "TR Birt",
              "bowler": "MR Marsh",
              "non_striker": "OA Shah",
              "runs": {
                "batter": 2,
                "extras": 0,
                "total": 2
              }
            },
            {
              "batter": "TR Birt",
              "bowler": "MR Marsh",
              "non_striker": "OA Shah",
              "runs": {
                "batter": 0,
                "extras": 0,
                "total": 0
              }
            },
            {
              "batter": "TR Birt",
              "bowler": "MR Marsh",
              "non_striker": "OA Shah",
              "runs": {
                "batter": 0,
                "extras": 0,
                "total": 0
              }
            },
            {
              "batter": "TR Birt",
              "bowler": "MR Marsh",
              "non_striker": "OA Shah",
              "runs": {
                "batter": 2,
                "extras": 0,
                "total": 2
              }
            },
            {
              "batter": "TR Birt",
              "bowler": "MR Marsh",
              "extras": {
                "legbyes": 1
              },
              "non_striker": "OA Shah",
              "runs": {
                "batter": 0,
                "extras": 1,
                "total": 1
              }
            }
          ]
        },
        {
          "over": 12,
          "deliveries": [
            {
              "batter": "TR Birt",
              "bowler": "PD Collingwood",
              "non_striker": "OA Shah",
              "runs": {
                "batter": 1,
                "extras": 0,
                "total": 1
              }
            },
            {
              "batter": "OA Shah",
              "bowler": "PD Collingwood",
              "non_striker": "TR Birt",
              "runs": {
                "batter": 2,
                "extras": 0,
                "total": 2
              }
            },
            {
              "batter": "OA Shah",
              "bowler": "PD Collingwood",
              "non_striker": "TR Birt",
              "runs": {
                "batter": 1,
                "extras": 0,
                "total": 1
              }
            },
            {
              "batter": "TR Birt",
              "bowler": "PD Collingwood",
              "non_striker": "OA Shah",
              "runs": {
                "batter": 6,
                "extras": 0,
                "total": 6
              }
            },
            {
              "batter": "TR Birt",
              "bowler": "PD Collingwood",
              "non_striker": "OA Shah",
              "runs": {
                "batter": 1,
                "extras": 0,
                "total": 1
              }
            },
            {
              "batter": "OA Shah",
              "bowler": "PD Collingwood",
              "non_striker": "TR Birt",
              "runs": {
                "batter": 1,
                "extras": 0,
                "total": 1
              }
            }
          ]
        },
        {
          "over": 13,
          "deliveries": [
            {
              "batter": "OA Shah",
              "bowler": "BM Edmondson",
              "non_striker": "TR Birt",
              "runs": {
                "batter": 4,
                "extras": 0,
                "total": 4
              }
            },
            {
              "batter": "OA Shah",
              "bowler": "BM Edmondson",
              "non_striker": "TR Birt",
              "runs": {
                "batter": 4,
                "extras": 0,
                "total": 4
              }
            },
            {
              "batter": "OA Shah",
              "bowler": "BM Edmondson",
              "non_striker": "TR Birt",
              "runs": {
                "batter": 1,
                "extras": 0,
                "total": 1
              }
            },
            {
              "batter": "TR Birt",
              "bowler": "BM Edmondson",
              "non_striker": "OA Shah",
              "runs": {
                "batter": 0,
                "extras": 0,
                "total": 0
              },
              "wickets": [
                {
                  "kind": "caught",
                  "player_out": "TR Birt",
                  "fielders": [
                    {
                      "name": "NJ Rimmington"
                    }
                  ]
                }
              ]
            },
            {
              "batter": "OA Shah",
              "bowler": "BM Edmondson",
              "non_striker": "TIF Triffitt",
              "runs": {
                "batter": 1,
                "extras": 0,
                "total": 1
              }
            },
            {
              "batter": "TIF Triffitt",
              "bowler": "BM Edmondson",
              "non_striker": "OA Shah",
              "runs": {
                "batter": 1,
                "extras": 0,
                "total": 1
              }
            }
          ]
        },
        {
          "over": 14,
          "deliveries": [
            {
              "batter": "TIF Triffitt",
              "bowler": "MA Beer",
              "non_striker": "OA Shah",
              "runs": {
                "batter": 1,
                "extras": 0,
                "total": 1
              }
            },
            {
              "batter": "OA Shah",
              "bowler": "MA Beer",
              "non_striker": "TIF Triffitt",
              "runs": {
                "batter": 2,
                "extras": 0,
                "total": 2
              }
            },
            {
              "batter": "OA Shah",
              "bowler": "MA Beer",
              "non_striker": "TIF Triffitt",
              "runs": {
                "batter": 0,
                "extras": 0,
                "total": 0
              }
            },
            {
              "batter": "OA Shah",
              "bowler": "MA Beer",
              "non_striker": "TIF Triffitt",
              "runs": {
                "batter": 0,
                "extras": 0,
                "total": 0
              },
              "wickets": [
                {
                  "kind": "run out",
                  "player_out": "OA Shah",
                  "fielders": [
                    {
                      "name": "PD Collingwood"
                    },
                    {
                      "name": "L Ronchi"
                    }
                  ]
                }
              ]
            },
            {
              "batter": "RJG Lockyear",
              "bowler": "MA Beer",
              "non_striker": "TIF Triffitt",
              "runs": {
                "batter": 0,
                "extras": 0,
                "total": 0
              }
            },
            {
              "batter": "RJG Lockyear",
              "bowler": "MA Beer",
              "non_striker": "TIF Triffitt",
              "runs": {
                "batter": 1,
                "extras": 0,
                "total": 1
              }
            }
          ]
        },
        {
          "over": 15,
          "deliveries": [
            {
              "batter": "RJG Lockyear",
              "bowler": "GB Hogg",
              "non_striker": "TIF Triffitt",
              "runs": {
                "batter": 1,
                "extras": 0,
                "total": 1
              }
            },
            {
              "batter": "TIF Triffitt",
              "bowler": "GB Hogg",
              "non_striker": "RJG Lockyear",
              "runs": {
                "batter": 0,
                "extras": 0,
                "total": 0
              }
            },
            {
              "batter": "TIF Triffitt",
              "bowler": "GB Hogg",
              "non_striker": "RJG Lockyear",
              "runs": {
                "batter": 1,
                "extras": 0,
                "total": 1
              }
            },
            {
              "batter": "RJG Lockyear",
              "bowler": "GB Hogg",
              "non_striker": "TIF Triffitt",
              "runs": {
                "batter": 1,
                "extras": 0,
                "total": 1
              }
            },
            {
              "batter": "TIF Triffitt",
              "bowler": "GB Hogg",
              "non_striker": "RJG Lockyear",
              "runs": {
                "batter": 1,
                "extras": 0,
                "total": 1
              }
            },
            {
              "batter": "RJG Lockyear",
              "bowler": "GB Hogg",
              "non_striker": "TIF Triffitt",
              "runs": {
                "batter": 1,
                "extras": 0,
                "total": 1
              }
            }
          ]
        },
        {
          "over": 16,
          "deliveries": [
            {
              "batter": "RJG Lockyear",
              "bowler": "MA Beer",
              "non_striker": "TIF Triffitt",
              "runs": {
                "batter": 0,
                "extras": 0,
                "total": 0
              },
              "wickets": [
                {
                  "kind": "run out",
                  "player_out": "RJG Lockyear",
                  "fielders": [
                    {
                      "name": "PD Collingwood"
                    },
                    {
                      "name": "L Ronchi"
                    }
                  ]
                }
              ]
            },
            {
              "batter": "JJ Krejza",
              "bowler": "MA Beer",
              "non_striker": "TIF Triffitt",
              "runs": {
                "batter": 1,
                "extras": 0,
                "total": 1
              }
            },
            {
              "batter": "TIF Triffitt",
              "bowler": "MA Beer",
              "non_striker": "JJ Krejza",
              "runs": {
                "batter": 0,
                "extras": 0,
                "total": 0
              }
            },
            {
              "batter": "TIF Triffitt",
              "bowler": "MA Beer",
              "non_striker": "JJ Krejza",
              "runs": {
                "batter": 0,
                "extras": 0,
                "total": 0
              }
            },
            {
              "batter": "TIF Triffitt",
              "bowler": "MA Beer",
              "non_striker": "JJ Krejza",
              "runs": {
                "batter": 1,
                "extras": 0,
                "total": 1
              }
            },
            {
              "batter": "JJ Krejza",
              "bowler": "MA Beer",
              "non_striker": "TIF Triffitt",
              "runs": {
                "batter": 0,
                "extras": 0,
                "total": 0
              },
              "wickets": [
                {
                  "kind": "lbw",
                  "player_out": "JJ Krejza"
                }
              ]
            }
          ]
        },
        {
          "over": 17,
          "deliveries": [
            {
              "batter": "TIF Triffitt",
              "bowler": "GB Hogg",
              "non_striker": "Naved-ul-Hasan",
              "runs": {
                "batter": 2,
                "extras": 0,
                "total": 2
              }
            },
            {
              "batter": "TIF Triffitt",
              "bowler": "GB Hogg",
              "non_striker": "Naved-ul-Hasan",
              "runs": {
                "batter": 4,
                "extras": 0,
                "total": 4
              }
            },
            {
              "batter": "TIF Triffitt",
              "bowler": "GB Hogg",
              "non_striker": "Naved-ul-Hasan",
              "runs": {
                "batter": 1,
                "extras": 0,
                "total": 1
              }
            },
            {
              "batter": "Naved-ul-Hasan",
              "bowler": "GB Hogg",
              "non_striker": "TIF Triffitt",
              "runs": {
                "batter": 4,
                "extras": 0,
                "total": 4
              }
            },
            {
              "batter": "Naved-ul-Hasan",
              "bowler": "GB Hogg",
              "non_striker": "TIF Triffitt",
              "runs": {
                "batter": 0,
                "extras": 0,
                "total": 0
              }
            },
            {
              "batter": "Naved-ul-Hasan",
              "bowler": "GB Hogg",
              "extras": {
                "wides": 1
              },
              "non_striker": "TIF Triffitt",
              "runs": {
                "batter": 0,
                "extras": 1,
                "total": 1
              }
            },
            {
              "batter": "Naved-ul-Hasan",
              "bowler": "GB Hogg",
              "non_striker": "TIF Triffitt",
              "runs": {
                "batter": 0,
                "extras": 0,
                "total": 0
              },
              "wickets": [
                {
                  "kind": "caught",
                  "player_out": "Naved-ul-Hasan",
                  "fielders": [
                    {
                      "name": "HH Gibbs"
                    }
                  ]
                }
              ]
            }
          ]
        },
        {
          "over": 18,
          "deliveries": [
            {
              "batter": "XJ Doherty",
              "bowler": "BM Edmondson",
              "extras": {
                "legbyes": 1
              },
              "non_striker": "TIF Triffitt",
              "runs": {
                "batter": 0,
                "extras": 1,
                "total": 1
              }
            },
            {
              "batter": "TIF Triffitt",
              "bowler": "BM Edmondson",
              "non_striker": "XJ Doherty",
              "runs": {
                "batter": 1,
                "extras": 0,
                "total": 1
              }
            },
            {
              "batter": "XJ Doherty",
              "bowler": "BM Edmondson",
              "extras": {
                "wides": 1
              },
              "non_striker": "TIF Triffitt",
              "runs": {
                "batter": 0,
                "extras": 1,
                "total": 1
              }
            },
            {
              "batter": "XJ Doherty",
              "bowler": "BM Edmondson",
              "non_striker": "TIF Triffitt",
              "runs": {
                "batter": 1,
                "extras": 0,
                "total": 1
              }
            },
            {
              "batter": "TIF Triffitt",
              "bowler": "BM Edmondson",
              "non_striker": "XJ Doherty",
              "runs": {
                "batter": 1,
                "extras": 0,
                "total": 1
              }
            },
            {
              "batter": "XJ Doherty",
              "bowler": "BM Edmondson",
              "extras": {
                "legbyes": 1
              },
              "non_striker": "TIF Triffitt",
              "runs": {
                "batter": 0,
                "extras": 1,
                "total": 1
              }
            },
            {
              "batter": "TIF Triffitt",
              "bowler": "BM Edmondson",
              "extras": {
                "noballs": 1
              },
              "non_striker": "XJ Doherty",
              "runs": {
                "batter": 6,
                "extras": 1,
                "total": 7
              }
            },
            {
              "batter": "TIF Triffitt",
              "bowler": "BM Edmondson",
              "non_striker": "XJ Doherty",
              "runs": {
                "batter": 0,
                "extras": 0,
                "total": 0
              },
              "wickets": [
                {
                  "kind": "bowled",
                  "player_out": "TIF Triffitt"
                }
              ]
            }
          ]
        },
        {
          "over": 19,
          "deliveries": [
            {
              "batter": "XJ Doherty",
              "bowler": "NJ Rimmington",
              "non_striker": "BW Hilfenhaus",
              "runs": {
                "batter": 1,
                "extras": 0,
                "total": 1
              }
            },
            {
              "batter": "BW Hilfenhaus",
              "bowler": "NJ Rimmington",
              "non_striker": "XJ Doherty",
              "runs": {
                "batter": 0,
                "extras": 0,
                "total": 0
              },
              "wickets": [
                {
                  "kind": "run out",
                  "player_out": "XJ Doherty",
                  "fielders": [
                    {
                      "name": "L Ronchi"
                    }
                  ]
                }
              ]
            },
            {
              "batter": "B Laughlin",
              "bowler": "NJ Rimmington",
              "non_striker": "BW Hilfenhaus",
              "runs": {
                "batter": 0,
                "extras": 0,
                "total": 0
              },
              "wickets": [
                {
                  "kind": "bowled",
                  "player_out": "B Laughlin"
                }
              ]
            }
          ]
        }
      ],
      "powerplays": [
        {
          "from": 0.1,
          "to": 5.6,
          "type": "mandatory"
        }
      ]
    },
    {
      "team": "Perth Scorchers",
      "overs": [
        {
          "over": 0,
          "deliveries": [
            {
              "batter": "HH Gibbs",
              "bowler": "JJ Krejza",
              "non_striker": "MJ North",
              "runs": {
                "batter": 1,
                "extras": 0,
                "total": 1
              }
            },
            {
              "batter": "MJ North",
              "bowler": "JJ Krejza",
              "non_striker": "HH Gibbs",
              "runs": {
                "batter": 0,
                "extras": 0,
                "total": 0
              }
            },
            {
              "batter": "MJ North",
              "bowler": "JJ Krejza",
              "non_striker": "HH Gibbs",
              "runs": {
                "batter": 1,
                "extras": 0,
                "total": 1
              }
            },
            {
              "batter": "HH Gibbs",
              "bowler": "JJ Krejza",
              "non_striker": "MJ North",
              "runs": {
                "batter": 1,
                "extras": 0,
                "total": 1
              }
            },
            {
              "batter": "MJ North",
              "bowler": "JJ Krejza",
              "non_striker": "HH Gibbs",
              "runs": {
                "batter": 0,
                "extras": 0,
                "total": 0
              }
            },
            {
              "batter": "MJ North",
              "bowler": "JJ Krejza",
              "non_striker": "HH Gibbs",
              "runs": {
                "batter": 1,
                "extras": 0,
                "total": 1
              }
            }
          ]
        },
        {
          "over": 1,
          "deliveries": [
            {
              "batter": "MJ North",
              "bowler": "BW Hilfenhaus",
              "non_striker": "HH Gibbs",
              "runs": {
                "batter": 2,
                "extras": 0,
                "total": 2
              }
            },
            {
              "batter": "MJ North",
              "bowler": "BW Hilfenhaus",
              "non_striker": "HH Gibbs",
              "runs": {
                "batter": 1,
                "extras": 0,
                "total": 1
              }
            },
            {
              "batter": "HH Gibbs",
              "bowler": "BW Hilfenhaus",
              "non_striker": "MJ North",
              "runs": {
                "batter": 0,
                "extras": 0,
                "total": 0
              }
            },
            {
              "batter": "HH Gibbs",
              "bowler": "BW Hilfenhaus",
              "non_striker": "MJ North",
              "runs": {
                "batter": 0,
                "extras": 0,
                "total": 0
              }
            },
            {
              "batter": "HH Gibbs",
              "bowler": "BW Hilfenhaus",
              "non_striker": "MJ North",
              "runs": {
                "batter": 0,
                "extras": 0,
                "total": 0
              },
              "wickets": [
                {
                  "kind": "caught",
                  "player_out": "HH Gibbs",
                  "fielders": [
                    {
                      "name": "TIF Triffitt"
                    }
                  ]
                }
              ]
            },
            {
              "batter": "SM Katich",
              "bowler": "BW Hilfenhaus",
              "non_striker": "MJ North",
              "runs": {
                "batter": 1,
                "extras": 0,
                "total": 1
              }
            }
          ]
        },
        {
          "over": 2,
          "deliveries": [
            {
              "batter": "SM Katich",
              "bowler": "JJ Krejza",
              "non_striker": "MJ North",
              "runs": {
                "batter": 1,
                "extras": 0,
                "total": 1
              }
            },
            {
              "batter": "MJ North",
              "bowler": "JJ Krejza",
              "non_striker": "SM Katich",
              "runs": {
                "batter": 3,
                "extras": 0,
                "total": 3
              }
            },
            {
              "batter": "SM Katich",
              "bowler": "JJ Krejza",
              "non_striker": "MJ North",
              "runs": {
                "batter": 2,
                "extras": 0,
                "total": 2
              }
            },
            {
              "batter": "SM Katich",
              "bowler": "JJ Krejza",
              "non_striker": "MJ North",
              "runs": {
                "batter": 4,
                "extras": 0,
                "total": 4
              }
            },
            {
              "batter": "SM Katich",
              "bowler": "JJ Krejza",
              "non_striker": "MJ North",
              "runs": {
                "batter": 0,
                "extras": 0,
                "total": 0
              }
            },
            {
              "batter": "SM Katich",
              "bowler": "JJ Krejza",
              "non_striker": "MJ North",
              "runs": {
                "batter": 0,
                "extras": 0,
                "total": 0
              }
            }
          ]
        },
        {
          "over": 3,
          "deliveries": [
            {
              "batter": "MJ North",
              "bowler": "BW Hilfenhaus",
              "non_striker": "SM Katich",
              "runs": {
                "batter": 0,
                "extras": 0,
                "total": 0
              }
            },
            {
              "batter": "MJ North",
              "bowler": "BW Hilfenhaus",
              "extras": {
                "legbyes": 1
              },
              "non_striker": "SM Katich",
              "runs": {
                "batter": 0,
                "extras": 1,
                "total": 1
              }
            },
            {
              "batter": "SM Katich",
              "bowler": "BW Hilfenhaus",
              "extras": {
                "wides": 1
              },
              "non_striker": "MJ North",
              "runs": {
                "batter": 0,
                "extras": 1,
                "total": 1
              }
            },
            {
              "batter": "SM Katich",
              "bowler": "BW Hilfenhaus",
              "non_striker": "MJ North",
              "runs": {
                "batter": 0,
                "extras": 0,
                "total": 0
              }
            },
            {
              "batter": "SM Katich",
              "bowler": "BW Hilfenhaus",
              "non_striker": "MJ North",
              "runs": {
                "batter": 0,
                "extras": 0,
                "total": 0
              },
              "wickets": [
                {
                  "kind": "caught",
                  "player_out": "SM Katich",
                  "fielders": [
                    {
                      "name": "TIF Triffitt"
                    }
                  ]
                }
              ]
            },
            {
              "batter": "MEK Hussey",
              "bowler": "BW Hilfenhaus",
              "non_striker": "MJ North",
              "runs": {
                "batter": 0,
                "extras": 0,
                "total": 0
              }
            },
            {
              "batter": "MEK Hussey",
              "bowler": "BW Hilfenhaus",
              "non_striker": "MJ North",
              "runs": {
                "batter": 0,
                "extras": 0,
                "total": 0
              }
            }
          ]
        },
        {
          "over": 4,
          "deliveries": [
            {
              "batter": "MJ North",
              "bowler": "RJG Lockyear",
              "non_striker": "MEK Hussey",
              "runs": {
                "batter": 0,
                "extras": 0,
                "total": 0
              }
            },
            {
              "batter": "MJ North",
              "bowler": "RJG Lockyear",
              "non_striker": "MEK Hussey",
              "runs": {
                "batter": 1,
                "extras": 0,
                "total": 1
              }
            },
            {
              "batter": "MEK Hussey",
              "bowler": "RJG Lockyear",
              "non_striker": "MJ North",
              "runs": {
                "batter": 0,
                "extras": 0,
                "total": 0
              }
            },
            {
              "batter": "MEK Hussey",
              "bowler": "RJG Lockyear",
              "non_striker": "MJ North",
              "runs": {
                "batter": 0,
                "extras": 0,
                "total": 0
              }
            },
            {
              "batter": "MEK Hussey",
              "bowler": "RJG Lockyear",
              "non_striker": "MJ North",
              "runs": {
                "batter": 0,
                "extras": 0,
                "total": 0
              }
            },
            {
              "batter": "MEK Hussey",
              "bowler": "RJG Lockyear",
              "non_striker": "MJ North",
              "runs": {
                "batter": 0,
                "extras": 0,
                "total": 0
              },
              "wickets": [
                {
                  "kind": "caught",
                  "player_out": "MEK Hussey",
                  "fielders": [
                    {
                      "name": "B Laughlin"
                    }
                  ]
                }
              ]
            }
          ]
        },
        {
          "over": 5,
          "deliveries": [
            {
              "batter": "PD Collingwood",
              "bowler": "BW Hilfenhaus",
              "non_striker": "MJ North",
              "runs": {
                "batter": 0,
                "extras": 0,
                "total": 0
              }
            },
            {
              "batter": "PD Collingwood",
              "bowler": "BW Hilfenhaus",
              "non_striker": "MJ North",
              "runs": {
                "batter": 0,
                "extras": 0,
                "total": 0
              }
            },
            {
              "batter": "PD Collingwood",
              "bowler": "BW Hilfenhaus",
              "non_striker": "MJ North",
              "runs": {
                "batter": 0,
                "extras": 0,
                "total": 0
              }
            },
            {
              "batter": "PD Collingwood",
              "bowler": "BW Hilfenhaus",
              "non_striker": "MJ North",
              "runs": {
                "batter": 0,
                "extras": 0,
                "total": 0
              }
            },
            {
              "batter": "PD Collingwood",
              "bowler": "BW Hilfenhaus",
              "non_striker": "MJ North",
              "runs": {
                "batter": 0,
                "extras": 0,
                "total": 0
              }
            },
            {
              "batter": "PD Collingwood",
              "bowler": "BW Hilfenhaus",
              "non_striker": "MJ North",
              "runs": {
                "batter": 0,
                "extras": 0,
                "total": 0
              }
            }
          ]
        },
        {
          "over": 6,
          "deliveries": [
            {
              "batter": "MJ North",
              "bowler": "XJ Doherty",
              "non_striker": "PD Collingwood",
              "runs": {
                "batter": 1,
                "extras": 0,
                "total": 1
              }
            },
            {
              "batter": "PD Collingwood",
              "bowler": "XJ Doherty",
              "non_striker": "MJ North",
              "runs": {
                "batter": 1,
                "extras": 0,
                "total": 1
              }
            },
            {
              "batter": "MJ North",
              "bowler": "XJ Doherty",
              "non_striker": "PD Collingwood",
              "runs": {
                "batter": 1,
                "extras": 0,
                "total": 1
              }
            },
            {
              "batter": "PD Collingwood",
              "bowler": "XJ Doherty",
              "non_striker": "MJ North",
              "runs": {
                "batter": 0,
                "extras": 0,
                "total": 0
              }
            },
            {
              "batter": "PD Collingwood",
              "bowler": "XJ Doherty",
              "non_striker": "MJ North",
              "runs": {
                "batter": 0,
                "extras": 0,
                "total": 0
              }
            },
            {
              "batter": "PD Collingwood",
              "bowler": "XJ Doherty",
              "non_striker": "MJ North",
              "runs": {
                "batter": 1,
                "extras": 0,
                "total": 1
              }
            }
          ]
        },
        {
          "over": 7,
          "deliveries": [
            {
              "batter": "PD Collingwood",
              "bowler": "B Laughlin",
              "non_striker": "MJ North",
              "runs": {
                "batter": 0,
                "extras": 0,
                "total": 0
              }
            },
            {
              "batter": "PD Collingwood",
              "bowler": "B Laughlin",
              "non_striker": "MJ North",
              "runs": {
                "batter": 2,
                "extras": 0,
                "total": 2
              }
            },
            {
              "batter": "PD Collingwood",
              "bowler": "B Laughlin",
              "extras": {
                "wides": 1
              },
              "non_striker": "MJ North",
              "runs": {
                "batter": 0,
                "extras": 1,
                "total": 1
              }
            },
            {
              "batter": "PD Collingwood",
              "bowler": "B Laughlin",
              "non_striker": "MJ North",
              "runs": {
                "batter": 0,
                "extras": 0,
                "total": 0
              },
              "wickets": [
                {
                  "kind": "lbw",
                  "player_out": "PD Collingwood"
                }
              ]
            },
            {
              "batter": "MR Marsh",
              "bowler": "B Laughlin",
              "non_striker": "MJ North",
              "runs": {
                "batter": 0,
                "extras": 0,
                "total": 0
              }
            },
            {
              "batter": "MR Marsh",
              "bowler": "B Laughlin",
              "non_striker": "MJ North",
              "runs": {
                "batter": 4,
                "extras": 0,
                "total": 4
              }
            },
            {
              "batter": "MR Marsh",
              "bowler": "B Laughlin",
              "non_striker": "MJ North",
              "runs": {
                "batter": 1,
                "extras": 0,
                "total": 1
              }
            }
          ]
        },
        {
          "over": 8,
          "deliveries": [
            {
              "batter": "MR Marsh",
              "bowler": "XJ Doherty",
              "non_striker": "MJ North",
              "runs": {
                "batter": 0,
                "extras": 0,
                "total": 0
              }
            },
            {
              "batter": "MR Marsh",
              "bowler": "XJ Doherty",
              "non_striker": "MJ North",
              "runs": {
                "batter": 0,
                "extras": 0,
                "total": 0
              }
            },
            {
              "batter": "MR Marsh",
              "bowler": "XJ Doherty",
              "non_striker": "MJ North",
              "runs": {
                "batter": 0,
                "extras": 0,
                "total": 0
              }
            },
            {
              "batter": "MR Marsh",
              "bowler": "XJ Doherty",
              "non_striker": "MJ North",
              "runs": {
                "batter": 1,
                "extras": 0,
                "total": 1
              }
            },
            {
              "batter": "MJ North",
              "bowler": "XJ Doherty",
              "non_striker": "MR Marsh",
              "runs": {
                "batter": 1,
                "extras": 0,
                "total": 1
              }
            },
            {
              "batter": "MR Marsh",
              "bowler": "XJ Doherty",
              "non_striker": "MJ North",
              "runs": {
                "batter": 2,
                "extras": 0,
                "total": 2
              }
            }
          ]
        },
        {
          "over": 9,
          "deliveries": [
            {
              "batter": "MJ North",
              "bowler": "B Laughlin",
              "non_striker": "MR Marsh",
              "runs": {
                "batter": 0,
                "extras": 0,
                "total": 0
              }
            },
            {
              "batter": "MJ North",
              "bowler": "B Laughlin",
              "non_striker": "MR Marsh",
              "runs": {
                "batter": 4,
                "extras": 0,
                "total": 4
              }
            },
            {
              "batter": "MJ North",
              "bowler": "B Laughlin",
              "extras": {
                "legbyes": 1
              },
              "non_striker": "MR Marsh",
              "runs": {
                "batter": 0,
                "extras": 1,
                "total": 1
              }
            },
            {
              "batter": "MR Marsh",
              "bowler": "B Laughlin",
              "extras": {
                "wides": 1
              },
              "non_striker": "MJ North",
              "runs": {
                "batter": 0,
                "extras": 1,
                "total": 1
              }
            },
            {
              "batter": "MR Marsh",
              "bowler": "B Laughlin",
              "non_striker": "MJ North",
              "runs": {
                "batter": 0,
                "extras": 0,
                "total": 0
              }
            },
            {
              "batter": "MR Marsh",
              "bowler": "B Laughlin",
              "extras": {
                "wides": 1
              },
              "non_striker": "MJ North",
              "runs": {
                "batter": 0,
                "extras": 1,
                "total": 1
              }
            },
            {
              "batter": "MR Marsh",
              "bowler": "B Laughlin",
              "non_striker": "MJ North",
              "runs": {
                "batter": 0,
                "extras": 0,
                "total": 0
              }
            },
            {
              "batter": "MR Marsh",
              "bowler": "B Laughlin",
              "non_striker": "MJ North",
              "runs": {
                "batter": 0,
                "extras": 0,
                "total": 0
              }
            }
          ]
        },
        {
          "over": 10,
          "deliveries": [
            {
              "batter": "MJ North",
              "bowler": "JJ Krejza",
              "non_striker": "MR Marsh",
              "runs": {
                "batter": 0,
                "extras": 0,
                "total": 0
              },
              "wickets": [
                {
                  "kind": "caught",
                  "player_out": "MJ North",
                  "fielders": [
                    {
                      "name": "RJG Lockyear"
                    }
                  ]
                }
              ]
            },
            {
              "batter": "L Ronchi",
              "bowler": "JJ Krejza",
              "non_striker": "MR Marsh",
              "runs": {
                "batter": 0,
                "extras": 0,
                "total": 0
              }
            },
            {
              "batter": "L Ronchi",
              "bowler": "JJ Krejza",
              "non_striker": "MR Marsh",
              "runs": {
                "batter": 0,
                "extras": 0,
                "total": 0
              }
            },
            {
              "batter": "L Ronchi",
              "bowler": "JJ Krejza",
              "non_striker": "MR Marsh",
              "runs": {
                "batter": 0,
                "extras": 0,
                "total": 0
              }
            },
            {
              "batter": "L Ronchi",
              "bowler": "JJ Krejza",
              "non_striker": "MR Marsh",
              "runs": {
                "batter": 1,
                "extras": 0,
                "total": 1
              }
            },
            {
              "batter": "MR Marsh",
              "bowler": "JJ Krejza",
              "non_striker": "L Ronchi",
              "runs": {
                "batter": 0,
                "extras": 0,
                "total": 0
              }
            }
          ]
        },
        {
          "over": 11,
          "deliveries": [
            {
              "batter": "L Ronchi",
              "bowler": "BW Hilfenhaus",
              "non_striker": "MR Marsh",
              "runs": {
                "batter": 0,
                "extras": 0,
                "total": 0
              }
            },
            {
              "batter": "L Ronchi",
              "bowler": "BW Hilfenhaus",
              "non_striker": "MR Marsh",
              "runs": {
                "batter": 2,
                "extras": 0,
                "total": 2
              }
            },
            {
              "batter": "L Ronchi",
              "bowler": "BW Hilfenhaus",
              "non_striker": "MR Marsh",
              "runs": {
                "batter": 0,
                "extras": 0,
                "total": 0
              }
            },
            {
              "batter": "L Ronchi",
              "bowler": "BW Hilfenhaus",
              "non_striker": "MR Marsh",
              "runs": {
                "batter": 0,
                "extras": 0,
                "total": 0
              }
            },
            {
              "batter": "L Ronchi",
              "bowler": "BW Hilfenhaus",
              "non_striker": "MR Marsh",
              "runs": {
                "batter": 1,
                "extras": 0,
                "total": 1
              }
            },
            {
              "batter": "MR Marsh",
              "bowler": "BW Hilfenhaus",
              "non_striker": "L Ronchi",
              "runs": {
                "batter": 2,
                "extras": 0,
                "total": 2
              }
            }
          ]
        },
        {
          "over": 12,
          "deliveries": [
            {
              "batter": "L Ronchi",
              "bowler": "Naved-ul-Hasan",
              "non_striker": "MR Marsh",
              "runs": {
                "batter": 1,
                "extras": 0,
                "total": 1
              }
            },
            {
              "batter": "MR Marsh",
              "bowler": "Naved-ul-Hasan",
              "extras": {
                "wides": 1
              },
              "non_striker": "L Ronchi",
              "runs": {
                "batter": 0,
                "extras": 1,
                "total": 1
              }
            },
            {
              "batter": "MR Marsh",
              "bowler": "Naved-ul-Hasan",
              "non_striker": "L Ronchi",
              "runs": {
                "batter": 4,
                "extras": 0,
                "total": 4
              }
            },
            {
              "batter": "MR Marsh",
              "bowler": "Naved-ul-Hasan",
              "non_striker": "L Ronchi",
              "runs": {
                "batter": 1,
                "extras": 0,
                "total": 1
              }
            },
            {
              "batter": "L Ronchi",
              "bowler": "Naved-ul-Hasan",
              "non_striker": "MR Marsh",
              "runs": {
                "batter": 1,
                "extras": 0,
                "total": 1
              }
            },
            {
              "batter": "MR Marsh",
              "bowler": "Naved-ul-Hasan",
              "non_striker": "L Ronchi",
              "runs": {
                "batter": 2,
                "extras": 0,
                "total": 2
              }
            },
            {
              "batter": "MR Marsh",
              "bowler": "Naved-ul-Hasan",
              "non_striker": "L Ronchi",
              "runs": {
                "batter": 1,
                "extras": 0,
                "total": 1
              }
            }
          ]
        },
        {
          "over": 13,
          "deliveries": [
            {
              "batter": "MR Marsh",
              "bowler": "XJ Doherty",
              "non_striker": "L Ronchi",
              "runs": {
                "batter": 1,
                "extras": 0,
                "total": 1
              }
            },
            {
              "batter": "L Ronchi",
              "bowler": "XJ Doherty",
              "non_striker": "MR Marsh",
              "runs": {
                "batter": 1,
                "extras": 0,
                "total": 1
              }
            },
            {
              "batter": "MR Marsh",
              "bowler": "XJ Doherty",
              "non_striker": "L Ronchi",
              "runs": {
                "batter": 0,
                "extras": 0,
                "total": 0
              }
            },
            {
              "batter": "MR Marsh",
              "bowler": "XJ Doherty",
              "non_striker": "L Ronchi",
              "runs": {
                "batter": 0,
                "extras": 0,
                "total": 0
              }
            },
            {
              "batter": "MR Marsh",
              "bowler": "XJ Doherty",
              "non_striker": "L Ronchi",
              "runs": {
                "batter": 1,
                "extras": 0,
                "total": 1
              }
            },
            {
              "batter": "L Ronchi",
              "bowler": "XJ Doherty",
              "non_striker": "MR Marsh",
              "runs": {
                "batter": 1,
                "extras": 0,
                "total": 1
              }
            }
          ]
        },
        {
          "over": 14,
          "deliveries": [
            {
              "batter": "L Ronchi",
              "bowler": "Naved-ul-Hasan",
              "non_striker": "MR Marsh",
              "runs": {
                "batter": 1,
                "extras": 0,
                "total": 1
              }
            },
            {
              "batter": "MR Marsh",
              "bowler": "Naved-ul-Hasan",
              "non_striker": "L Ronchi",
              "runs": {
                "batter": 1,
                "extras": 0,
                "total": 1
              }
            },
            {
              "batter": "L Ronchi",
              "bowler": "Naved-ul-Hasan",
              "non_striker": "MR Marsh",
              "runs": {
                "batter": 4,
                "extras": 0,
                "total": 4
              }
            },
            {
              "batter": "L Ronchi",
              "bowler": "Naved-ul-Hasan",
              "non_striker": "MR Marsh",
              "runs": {
                "batter": 0,
                "extras": 0,
                "total": 0
              },
              "wickets": [
                {
                  "kind": "bowled",
                  "player_out": "L Ronchi"
                }
              ]
            },
            {
              "batter": "GB Hogg",
              "bowler": "Naved-ul-Hasan",
              "non_striker": "MR Marsh",
              "runs": {
                "batter": 1,
                "extras": 0,
                "total": 1
              },
              "wickets": [
                {
                  "kind": "run out",
                  "player_out": "GB Hogg",
                  "fielders": [
                    {
                      "name": "BW Hilfenhaus"
                    },
                    {
                      "name": "TIF Triffitt"
                    }
                  ]
                }
              ]
            },
            {
              "batter": "NJ Rimmington",
              "bowler": "Naved-ul-Hasan",
              "non_striker": "MR Marsh",
              "runs": {
                "batter": 0,
                "extras": 0,
                "total": 0
              }
            }
          ]
        },
        {
          "over": 15,
          "deliveries": [
            {
              "batter": "MR Marsh",
              "bowler": "B Laughlin",
              "non_striker": "NJ Rimmington",
              "runs": {
                "batter": 2,
                "extras": 0,
                "total": 2
              }
            },
            {
              "batter": "MR Marsh",
              "bowler": "B Laughlin",
              "non_striker": "NJ Rimmington",
              "runs": {
                "batter": 6,
                "extras": 0,
                "total": 6
              }
            },
            {
              "batter": "MR Marsh",
              "bowler": "B Laughlin",
              "non_striker": "NJ Rimmington",
              "runs": {
                "batter": 1,
                "extras": 0,
                "total": 1
              }
            },
            {
              "batter": "NJ Rimmington",
              "bowler": "B Laughlin",
              "non_striker": "MR Marsh",
              "runs": {
                "batter": 0,
                "extras": 0,
                "total": 0
              }
            },
            {
              "batter": "NJ Rimmington",
              "bowler": "B Laughlin",
              "non_striker": "MR Marsh",
              "runs": {
                "batter": 1,
                "extras": 0,
                "total": 1
              }
            },
            {
              "batter": "MR Marsh",
              "bowler": "B Laughlin",
              "non_striker": "NJ Rimmington",
              "runs": {
                "batter": 1,
                "extras": 0,
                "total": 1
              }
            }
          ]
        },
        {
          "over": 16,
          "deliveries": [
            {
              "batter": "MR Marsh",
              "bowler": "Naved-ul-Hasan",
              "non_striker": "NJ Rimmington",
              "runs": {
                "batter": 1,
                "extras": 0,
                "total": 1
              }
            },
            {
              "batter": "NJ Rimmington",
              "bowler": "Naved-ul-Hasan",
              "non_striker": "MR Marsh",
              "runs": {
                "batter": 2,
                "extras": 0,
                "total": 2
              }
            },
            {
              "batter": "NJ Rimmington",
              "bowler": "Naved-ul-Hasan",
              "non_striker": "MR Marsh",
              "runs": {
                "batter": 2,
                "extras": 0,
                "total": 2
              }
            },
            {
              "batter": "NJ Rimmington",
              "bowler": "Naved-ul-Hasan",
              "non_striker": "MR Marsh",
              "runs": {
                "batter": 0,
                "extras": 0,
                "total": 0
              }
            },
            {
              "batter": "NJ Rimmington",
              "bowler": "Naved-ul-Hasan",
              "non_striker": "MR Marsh",
              "runs": {
                "batter": 2,
                "extras": 0,
                "total": 2
              }
            },
            {
              "batter": "NJ Rimmington",
              "bowler": "Naved-ul-Hasan",
              "non_striker": "MR Marsh",
              "runs": {
                "batter": 1,
                "extras": 0,
                "total": 1
              }
            }
          ]
        },
        {
          "over": 17,
          "deliveries": [
            {
              "batter": "NJ Rimmington",
              "bowler": "B Laughlin",
              "non_striker": "MR Marsh",
              "runs": {
                "batter": 1,
                "extras": 0,
                "total": 1
              }
            },
            {
              "batter": "MR Marsh",
              "bowler": "B Laughlin",
              "non_striker": "NJ Rimmington",
              "runs": {
                "batter": 0,
                "extras": 0,
                "total": 0
              }
            },
            {
              "batter": "MR Marsh",
              "bowler": "B Laughlin",
              "non_striker": "NJ Rimmington",
              "runs": {
                "batter": 1,
                "extras": 0,
                "total": 1
              }
            },
            {
              "batter": "NJ Rimmington",
              "bowler": "B Laughlin",
              "non_striker": "MR Marsh",
              "runs": {
                "batter": 6,
                "extras": 0,
                "total": 6
              }
            },
            {
              "batter": "NJ Rimmington",
              "bowler": "B Laughlin",
              "non_striker": "MR Marsh",
              "runs": {
                "batter": 6,
                "extras": 0,
                "total": 6
              }
            },
            {
              "batter": "NJ Rimmington",
              "bowler": "B Laughlin",
              "non_striker": "MR Marsh",
              "runs": {
                "batter": 0,
                "extras": 0,
                "total": 0
              }
            }
          ]
        },
        {
          "over": 18,
          "deliveries": [
            {
              "batter": "MR Marsh",
              "bowler": "XJ Doherty",
              "non_striker": "NJ Rimmington",
              "runs": {
                "batter": 0,
                "extras": 0,
                "total": 0
              }
            },
            {
              "batter": "MR Marsh",
              "bowler": "XJ Doherty",
              "non_striker": "NJ Rimmington",
              "runs": {
                "batter": 1,
                "extras": 0,
                "total": 1
              }
            },
            {
              "batter": "NJ Rimmington",
              "bowler": "XJ Doherty",
              "non_striker": "MR Marsh",
              "runs": {
                "batter": 1,
                "extras": 0,
                "total": 1
              }
            },
            {
              "batter": "MR Marsh",
              "bowler": "XJ Doherty",
              "non_striker": "NJ Rimmington",
              "runs": {
                "batter": 1,
                "extras": 0,
                "total": 1
              }
            },
            {
              "batter": "NJ Rimmington",
              "bowler": "XJ Doherty",
              "non_striker": "MR Marsh",
              "runs": {
                "batter": 0,
                "extras": 0,
                "total": 0
              },
              "wickets": [
                {
                  "kind": "caught",
                  "player_out": "NJ Rimmington",
                  "fielders": [
                    {
                      "name": "TR Birt"
                    }
                  ]
                }
              ]
            },
            {
              "batter": "MR Marsh",
              "bowler": "XJ Doherty",
              "non_striker": "MA Beer",
              "runs": {
                "batter": 0,
                "extras": 0,
                "total": 0
              }
            }
          ]
        },
        {
          "over": 19,
          "deliveries": [
            {
              "batter": "MA Beer",
              "bowler": "Naved-ul-Hasan",
              "non_striker": "MR Marsh",
              "runs": {
                "batter": 1,
                "extras": 0,
                "total": 1
              }
            },
            {
              "batter": "MR Marsh",
              "bowler": "Naved-ul-Hasan",
              "non_striker": "MA Beer",
              "runs": {
                "batter": 0,
                "extras": 0,
                "total": 0
              }
            },
            {
              "batter": "MR Marsh",
              "bowler": "Naved-ul-Hasan",
              "non_striker": "MA Beer",
              "runs": {
                "batter": 0,
                "extras": 0,
                "total": 0
              },
              "wickets": [
                {
                  "kind": "caught",
                  "player_out": "MR Marsh",
                  "fielders": [
                    {
                      "name": "B Laughlin"
                    }
                  ]
                }
              ]
            },
            {
              "batter": "MA Beer",
              "bowler": "Naved-ul-Hasan",
              "non_striker": "BM Edmondson",
              "runs": {
                "batter": 0,
                "extras": 0,
                "total": 0
              }
            },
            {
              "batter": "MA Beer",
              "bowler": "Naved-ul-Hasan",
              "non_striker": "BM Edmondson",
              "runs": {
                "batter": 0,
                "extras": 0,
                "total": 0
              },
              "wickets": [
                {
                  "kind": "run out",
                  "player_out": "MA Beer",
                  "fielders": [
                    {
                      "name": "Naved-ul-Hasan"
                    }
                  ]
                }
              ]
            }
          ]
        }
      ],
      "powerplays": [
        {
          "from": 0.1,
          "to": 5.6,
          "type": "mandatory"
        }
      ],
      "target": {
        "overs": 20,
        "runs": 141
      }
    }
  ]
}