{
  "meta": {
    "data_version": "1.0.0",
    "created": "2017-04-22",
    "revision": 1
  },
  "info": {
    "balls_per_over": 6,
    "city": "Brisbane",
    "dates": [
      "2013-01-07"
    ],
    "event": {
      "name": "Big Bash League"
    },
    "gender": "male",
    "match_type": "T20",
    "officials": {
      "match_referees": [
        "D Levens"
      ],
      "tv_umpires": [
        "GA Abood"
      ],
      "umpires": [
        "DB Mealey",
        "BNJ Oxenford"
      ]
    },
    "outcome": {
      "by": {
        "wickets": 5
      },
      "winner": "Sydney Sixers"
    },
    "overs": 20,
    "player_of_match": [
      "MJ Lumb"
    ],
    "players": {
      "Brisbane Heat": [
        "JR Hopes",
        "LA Pomersbach",
        "JA Burns",
        "DT Christian",
        "CA Lynn",
        "BCJ Cutting",
        "PJ Forrest",
        "CD Hartley",
        "NM Hauritz",
        "KAJ Roach",
        "AC McDermott"
      ],
      "Sydney Sixers": [
        "BJ Haddin",
        "MJ Lumb",
        "NJ Maddinson",
        "MC Henriques",
        "SPD Smith",
        "DP Hughes",
        "SNJ O'Keefe",
        "B Lee",
        "SMSM Senanayake",
        "JR Hazlewood",
        "LW Feldman"
      ]
    },
    "registry": {
      "people": {
        "AC McDermott": "956887b2",
        "B Lee": "dd09ff8e",
        "BCJ Cutting": "2e11c706",
        "BJ Haddin": "b0c772ee",
        "BNJ Oxenford": "c1add349",
        "CA Lynn": "45eda7c8",
        "CD Hartley": "9a06679d",
        "D Levens": "8fc718ea",
        "DB Mealey": "2199afd4",
        "DLR Smith": "0c5c3a87",
        "DP Hughes": "f3982af9",
        "DT Christian": "2a2e6343",
        "GA Abood": "a4af5528",
        "JA Burns": "7a5f232a",
        "JR Hazlewood": "03806cf8",
        "JR Hopes": "2498e163",
        "KAJ Roach": "78eb4223",
        "LA Pomersbach": "b63ab531",
        "LW Feldman": "da13a0fc",
        "MC Henriques": "32198ae0",
        "MJ Lumb": "11df3dc8",
        "NJ Maddinson": "44afbf2d",
        "NM Hauritz": "8ea6e670",
        "PJ Forrest": "56c205b7",
        "SMSM Senanayake": "4c4fa80b",
        "SNJ O'Keefe": "3540beff",
        "SPD Smith": "30a45b23"
      }
    },
    "season": "2012/13",
    "team_type": "club",
    "teams": [
      "Brisbane Heat",
      "Sydney Sixers"
    ],
    "toss": {
      "decision": "bat",
      "winner": "Brisbane Heat"
    },
    "venue": "Brisbane Cricket Ground, Woolloongabba"
  },
  "innings": [
    {
      "team": "Brisbane Heat",
      "overs": [
        {
          "over": 0,
          "deliveries": [
            {
              "batter": "JR Hopes",
              "bowler": "SMSM Senanayake",
              "non_striker": "LA Pomersbach",
              "runs": {
                "batter": 0,
                "extras": 0,
                "total": 0
              }
            },
            {
              "batter": "JR Hopes",
              "bowler": "SMSM Senanayake",
              "non_striker": "LA Pomersbach",
              "runs": {
                "batter": 0,
                "extras": 0,
                "total": 0
              }
            },
            {
              "batter": "JR Hopes",
              "bowler": "SMSM Senanayake",
              "non_striker": "LA Pomersbach",
              "runs": {
                "batter": 0,
                "extras": 0,
                "total": 0
              }
            },
            {
              "batter": "JR Hopes",
              "bowler": "SMSM Senanayake",
              "non_striker": "LA Pomersbach",
              "runs": {
                "batter": 0,
                "extras": 0,
                "total": 0
              }
            },
            {
              "batter": "JR Hopes",
              "bowler": "SMSM Senanayake",
              "non_striker": "LA Pomersbach",
              "runs": {
                "batter": 0,
                "extras": 0,
                "total": 0
              }
            },
            {
              "batter": "JR Hopes",
              "bowler": "SMSM Senanayake",
              "non_striker": "LA Pomersbach",
              "runs": {
                "batter": 0,
                "extras": 0,
                "total": 0
              }
            }
          ]
        },
        {
          "over": 1,
          "deliveries": [
            {
              "batter": "LA Pomersbach",
              "bowler": "SNJ O'Keefe",
              "non_striker": "JR Hopes",
              "runs": {
                "batter": 2,
                "extras": 0,
                "total": 2
              }
            },
            {
              "batter": "LA Pomersbach",
              "bowler": "SNJ O'Keefe",
              "non_striker": "JR Hopes",
              "runs": {
                "batter": 0,
                "extras": 0,
                "total": 0
              }
            },
            {
              "batter": "LA Pomersbach",
              "bowler": "SNJ O'Keefe",
              "non_striker": "JR Hopes",
              "runs": {
                "batter": 6,
                "extras": 0,
                "total": 6
              }
            },
            {
              "batter": "LA Pomersbach",
              "bowler": "SNJ O'Keefe",
              "non_striker": "JR Hopes",
              "runs": {
                "batter": 1,
                "extras": 0,
                "total": 1
              }
            },
            {
              "batter": "JR Hopes",
              "bowler": "SNJ O'Keefe",
              "non_striker": "LA Pomersbach",
              "runs": {
                "batter": 0,
                "extras": 0,
                "total": 0
              }
            },
            {
              "batter": "JR Hopes",
              "bowler": "SNJ O'Keefe",
              "non_striker": "LA Pomersbach",
              "runs": {
                "batter": 0,
                "extras": 0,
                "total": 0
              },
              "wickets": [
                {
                  "kind": "caught",
                  "player_out": "JR Hopes",
                  "fielders": [
                    {
                      "name": "B Lee"
                    }
                  ]
                }
              ]
            }
          ]
        },
        {
          "over": 2,
          "deliveries": [
            {
              "batter": "LA Pomersbach",
              "bowler": "SMSM Senanayake",
              "non_striker": "JA Burns",
              "runs": {
                "batter": 0,
                "extras": 0,
                "total": 0
              }
            },
            {
              "batter": "LA Pomersbach",
              "bowler": "SMSM Senanayake",
              "non_striker": "JA Burns",
              "runs": {
                "batter": 0,
                "extras": 0,
                "total": 0
              }
            },
            {
              "batter": "LA Pomersbach",
              "bowler": "SMSM Senanayake",
              "non_striker": "JA Burns",
              "runs": {
                "batter": 0,
                "extras": 0,
                "total": 0
              }
            },
            {
              "batter": "LA Pomersbach",
              "bowler": "SMSM Senanayake",
              "non_striker": "JA Burns",
              "runs": {
                "batter": 0,
                "extras": 0,
                "total": 0
              }
            },
            {
              "batter": "LA Pomersbach",
              "bowler": "SMSM Senanayake",
              "non_striker": "JA Burns",
              "runs": {
                "batter": 0,
                "extras": 0,
                "total": 0
              }
            },
            {
              "batter": "LA Pomersbach",
              "bowler": "SMSM Senanayake",
              "non_striker": "JA Burns",
              "runs": {
                "batter": 4,
                "extras": 0,
                "total": 4
              }
            }
          ]
        },
        {
          "over": 3,
          "deliveries": [
            {
              "batter": "JA Burns",
              "bowler": "B Lee",
              "non_striker": "LA Pomersbach",
              "runs": {
                "batter": 1,
                "extras": 0,
                "total": 1
              }
            },
            {
              "batter": "LA Pomersbach",
              "bowler": "B Lee",
              "non_striker": "JA Burns",
              "runs": {
                "batter": 1,
                "extras": 0,
                "total": 1
              }
            },
            {
              "batter": "JA Burns",
              "bowler": "B Lee",
              "non_striker": "LA Pomersbach",
              "runs": {
                "batter": 1,
                "extras": 0,
                "total": 1
              }
            },
            {
              "batter": "LA Pomersbach",
              "bowler": "B Lee",
              "non_striker": "JA Burns",
              "runs": {
                "batter": 0,
                "extras": 0,
                "total": 0
              }
            },
            {
              "batter": "LA Pomersbach",
              "bowler": "B Lee",
              "non_striker": "JA Burns",
              "runs": {
                "batter": 0,
                "extras": 0,
                "total": 0
              }
            },
            {
              "batter": "LA Pomersbach",
              "bowler": "B Lee",
              "non_striker": "JA Burns",
              "runs": {
                "batter": 0,
                "extras": 0,
                "total": 0
              }
            }
          ]
        },
        {
          "over": 4,
          "deliveries": [
            {
              "batter": "JA Burns",
              "bowler": "SMSM Senanayake",
              "non_striker": "LA Pomersbach",
              "runs": {
                "batter": 0,
                "extras": 0,
                "total": 0
              }
            },
            {
              "batter": "JA Burns",
              "bowler": "SMSM Senanayake",
              "non_striker": "LA Pomersbach",
              "runs": {
                "batter": 0,
                "extras": 0,
                "total": 0
              }
            },
            {
              "batter": "JA Burns",
              "bowler": "SMSM Senanayake",
              "non_striker": "LA Pomersbach",
              "runs": {
                "batter": 0,
                "extras": 0,
                "total": 0
              }
            },
            {
              "batter": "JA Burns",
              "bowler": "SMSM Senanayake",
              "non_striker": "LA Pomersbach",
              "runs": {
                "batter": 4,
                "extras": 0,
                "total": 4
              }
            },
            {
              "batter": "JA Burns",
              "bowler": "SMSM Senanayake",
              "non_striker": "LA Pomersbach",
              "runs": {
                "batter": 0,
                "extras": 0,
                "total": 0
              }
            },
            {
              "batter": "JA Burns",
              "bowler": "SMSM Senanayake",
              "non_striker": "LA Pomersbach",
              "runs": {
                "batter": 1,
                "extras": 0,
                "total": 1
              }
            }
          ]
        },
        {
          "over": 5,
          "deliveries": [
            {
              "batter": "JA Burns",
              "bowler": "B Lee",
              "non_striker": "LA Pomersbach",
              "runs": {
                "batter": 1,
                "extras": 0,
                "total": 1
              }
            },
            {
              "batter": "LA Pomersbach",
              "bowler": "B Lee",
              "non_striker": "JA Burns",
              "runs": {
                "batter": 0,
                "extras": 0,
                "total": 0
              }
            },
            {
              "batter": "LA Pomersbach",
              "bowler": "B Lee",
              "non_striker": "JA Burns",
              "runs": {
                "batter": 0,
                "extras": 0,
                "total": 0
              }
            },
            {
              "batter": "LA Pomersbach",
              "bowler": "B Lee",
              "non_striker": "JA Burns",
              "runs": {
                "batter": 0,
                "extras": 0,
                "total": 0
              }
            },
            {
              "batter": "LA Pomersbach",
              "bowler": "B Lee",
              "non_striker": "JA Burns",
              "runs": {
                "batter": 4,
                "extras": 0,
                "total": 4
              }
            },
            {
              "batter": "LA Pomersbach",
              "bowler": "B Lee",
              "non_striker": "JA Burns",
              "runs": {
                "batter": 4,
                "extras": 0,
                "total": 4
              }
            }
          ]
        },
        {
          "over": 6,
          "deliveries": [
            {
              "batter": "JA Burns",
              "bowler": "LW Feldman",
              "non_striker": "LA Pomersbach",
              "runs": {
                "batter": 0,
                "extras": 0,
                "total": 0
              }
            },
            {
              "batter": "JA Burns",
              "bowler": "LW Feldman",
              "non_striker": "LA Pomersbach",
              "runs": {
                "batter": 0,
                "extras": 0,
                "total": 0
              }
            },
            {
              "batter": "JA Burns",
              "bowler": "LW Feldman",
              "non_striker": "LA Pomersbach",
              "runs": {
                "batter": 0,
                "extras": 0,
                "total": 0
              }
            },
            {
              "batter": "JA Burns",
              "bowler": "LW Feldman",
              "non_striker": "LA Pomersbach",
              "runs": {
                "batter": 2,
                "extras": 0,
                "total": 2
              }
            },
            {
              "batter": "JA Burns",
              "bowler": "LW Feldman",
              "non_striker": "LA Pomersbach",
              "runs": {
                "batter": 0,
                "extras": 0,
                "total": 0
              }
            },
            {
              "batter": "JA Burns",
              "bowler": "LW Feldman",
              "non_striker": "LA Pomersbach",
              "runs": {
                "batter": 4,
                "extras": 0,
                "total": 4
              }
            }
          ]
        },
        {
          "over": 7,
          "deliveries": [
            {
              "batter": "LA Pomersbach",
              "bowler": "JR Hazlewood",
              "non_striker": "JA Burns",
              "runs": {
                "batter": 0,
                "extras": 0,
                "total": 0
              }
            },
            {
              "batter": "LA Pomersbach",
              "bowler": "JR Hazlewood",
              "non_striker": "JA Burns",
              "runs": {
                "batter": 0,
                "extras": 0,
                "total": 0
              }
            },
            {
              "batter": "LA Pomersbach",
              "bowler": "JR Hazlewood",
              "non_striker": "JA Burns",
              "runs": {
                "batter": 2,
                "extras": 0,
                "total": 2
              }
            },
            {
              "batter": "LA Pomersbach",
              "bowler": "JR Hazlewood",
              "non_striker": "JA Burns",
              "runs": {
                "batter": 1,
                "extras": 0,
                "total": 1
              }
            },
            {
              "batter": "JA Burns",
              "bowler": "JR Hazlewood",
              "non_striker": "LA Pomersbach",
              "runs": {
                "batter": 2,
                "extras": 0,
                "total": 2
              }
            },
            {
              "batter": "JA Burns",
              "bowler": "JR Hazlewood",
              "non_striker": "LA Pomersbach",
              "runs": {
                "batter": 6,
                "extras": 0,
                "total": 6
              }
            }
          ]
        },
        {
          "over": 8,
          "deliveries": [
            {
              "batter": "LA Pomersbach",
              "bowler": "SMSM Senanayake",
              "non_striker": "JA Burns",
              "runs": {
                "batter": 0,
                "extras": 0,
                "total": 0
              }
            },
            {
              "batter": "LA Pomersbach",
              "bowler": "SMSM Senanayake",
              "non_striker": "JA Burns",
              "runs": {
                "batter": 1,
                "extras": 0,
                "total": 1
              }
            },
            {
              "batter": "JA Burns",
              "bowler": "SMSM Senanayake",
              "non_striker": "LA Pomersbach",
              "runs": {
                "batter": 4,
                "extras": 0,
                "total": 4
              }
            },
            {
              "batter": "JA Burns",
              "bowler": "SMSM Senanayake",
              "non_striker": "LA Pomersbach",
              "runs": {
                "batter": 1,
                "extras": 0,
                "total": 1
              }
            },
            {
              "batter": "LA Pomersbach",
              "bowler": "SMSM Senanayake",
              "non_striker": "JA Burns",
              "runs": {
                "batter": 4,
                "extras": 0,
                "total": 4
              }
            },
            {
              "batter": "LA Pomersbach",
              "bowler": "SMSM Senanayake",
              "non_striker": "JA Burns",
              "runs": {
                "batter": 0,
                "extras": 0,
                "total": 0
              }
            }
          ]
        },
        {
          "over": 9,
          "deliveries": [
            {
              "batter": "JA Burns",
              "bowler": "JR Hazlewood",
              "non_striker": "LA Pomersbach",
              "runs": {
                "batter": 0,
                "extras": 0,
                "total": 0
              },
              "wickets": [
                {
                  "kind": "caught",
                  "player_out": "JA Burns",
                  "fielders": [
                    {
                      "name": "SPD Smith"
                    }
                  ]
                }
              ]
            },
            {
              "batter": "LA Pomersbach",
              "bowler": "JR Hazlewood",
              "non_striker": "DT Christian",
              "runs": {
                "batter": 0,
                "extras": 0,
                "total": 0
              }
            },
            {
              "batter": "LA Pomersbach",
              "bowler": "JR Hazlewood",
              "non_striker": "DT Christian",
              "runs": {
                "batter": 0,
                "extras": 0,
                "total": 0
              }
            },
            {
              "batter": "LA Pomersbach",
              "bowler": "JR Hazlewood",
              "non_striker": "DT Christian",
              "runs": {
                "batter": 1,
                "extras": 0,
                "total": 1
              }
            },
            {
              "batter": "DT Christian",
              "bowler": "JR Hazlewood",
              "non_striker": "LA Pomersbach",
              "runs": {
                "batter": 1,
                "extras": 0,
                "total": 1
              }
            },
            {
              "batter": "LA Pomersbach",
              "bowler": "JR Hazlewood",
              "non_striker": "DT Christian",
              "runs": {
                "batter": 0,
                "extras": 0,
                "total": 0
              }
            }
          ]
        },
        {
          "over": 10,
          "deliveries": [
            {
              "batter": "DT Christian",
              "bowler": "LW Feldman",
              "non_striker": "LA Pomersbach",
              "runs": {
                "batter": 0,
                "extras": 0,
                "total": 0
              }
            },
            {
              "batter": "DT Christian",
              "bowler": "LW Feldman",
              "non_striker": "LA Pomersbach",
              "runs": {
                "batter": 1,
                "extras": 0,
                "total": 1
              }
            },
            {
              "batter": "LA Pomersbach",
              "bowler": "LW Feldman",
              "non_striker": "DT Christian",
              "runs": {
                "batter": 4,
                "extras": 0,
                "total": 4
              }
            },
            {
              "batter": "LA Pomersbach",
              "bowler": "LW Feldman",
              "non_striker": "DT Christian",
              "runs": {
                "batter": 2,
                "extras": 0,
                "total": 2
              }
            },
            {
              "batter": "LA Pomersbach",
              "bowler": "LW Feldman",
              "non_striker": "DT Christian",
              "runs": {
                "batter": 0,
                "extras": 0,
                "total": 0
              },
              "wickets": [
                {
                  "kind": "caught",
                  "player_out": "LA Pomersbach",
                  "fielders": [
                    {
                      "name": "DLR Smith",
                      "substitute": true
                    }
                  ]
                }
              ]
            },
            {
              "batter": "DT Christian",
              "bowler": "LW Feldman",
              "non_striker": "CA Lynn",
              "runs": {
                "batter": 0,
                "extras": 0,
                "total": 0
              }
            }
          ]
        },
        {
          "over": 11,
          "deliveries": [
            {
              "batter": "CA Lynn",
              "bowler": "SNJ O'Keefe",
              "non_striker": "DT Christian",
              "runs": {
                "batter": 0,
                "extras": 0,
                "total": 0
              }
            },
            {
              "batter": "CA Lynn",
              "bowler": "SNJ O'Keefe",
              "non_striker": "DT Christian",
              "runs": {
                "batter": 1,
                "extras": 0,
                "total": 1
              }
            },
            {
              "batter": "DT Christian",
              "bowler": "SNJ O'Keefe",
              "non_striker": "CA Lynn",
              "runs": {
                "batter": 0,
                "extras": 0,
                "total": 0
              },
              "wickets": [
                {
                  "kind": "caught",
                  "player_out": "DT Christian",
                  "fielders": [
                    {
                      "name": "SPD Smith"
                    }
                  ]
                }
              ]
            },
            {
              "batter": "CA Lynn",
              "bowler": "SNJ O'Keefe",
              "non_striker": "BCJ Cutting",
              "runs": {
                "batter": 1,
                "extras": 0,
                "total": 1
              }
            },
            {
              "batter": "BCJ Cutting",
              "bowler": "SNJ O'Keefe",
              "non_striker": "CA Lynn",
              "runs": {
                "batter": 1,
                "extras": 0,
                "total": 1
              }
            },
            {
              "batter": "CA Lynn",
              "bowler": "SNJ O'Keefe",
              "non_striker": "BCJ Cutting",
              "runs": {
                "batter": 1,
                "extras": 0,
                "total": 1
              }
            }
          ]
        },
        {
          "over": 12,
          "deliveries": [
            {
              "batter": "CA Lynn",
              "bowler": "LW Feldman",
              "non_striker": "BCJ Cutting",
              "runs": {
                "batter": 0,
                "extras": 0,
                "total": 0
              },
              "wickets": [
                {
                  "kind": "bowled",
                  "player_out": "CA Lynn"
                }
              ]
            },
            {
              "batter": "PJ Forrest",
              "bowler": "LW Feldman",
              "non_striker": "BCJ Cutting",
              "runs": {
                "batter": 0,
                "extras": 0,
                "total": 0
              }
            },
            {
              "batter": "PJ Forrest",
              "bowler": "LW Feldman",
              "non_striker": "BCJ Cutting",
              "runs": {
                "batter": 0,
                "extras": 0,
                "total": 0
              }
            },
            {
              "batter": "PJ Forrest",
              "bowler": "LW Feldman",
              "non_striker": "BCJ Cutting",
              "runs": {
                "batter": 0,
                "extras": 0,
                "total": 0
              }
            },
            {
              "batter": "PJ Forrest",
              "bowler": "LW Feldman",
              "non_striker": "BCJ Cutting",
              "runs": {
                "batter": 0,
                "extras": 0,
                "total": 0
              }
            },
            {
              "batter": "PJ Forrest",
              "bowler": "LW Feldman",
              "non_striker": "BCJ Cutting",
              "runs": {
                "batter": 4,
                "extras": 0,
                "total": 4
              }
            }
          ]
        },
        {
          "over": 13,
          "deliveries": [
            {
              "batter": "BCJ Cutting",
              "bowler": "SNJ O'Keefe",
              "non_striker": "PJ Forrest",
              "runs": {
                "batter": 0,
                "extras": 0,
                "total": 0
              }
            },
            {
              "batter": "BCJ Cutting",
              "bowler": "SNJ O'Keefe",
              "non_striker": "PJ Forrest",
              "runs": {
                "batter": 2,
                "extras": 0,
                "total": 2
              }
            },
            {
              "batter": "BCJ Cutting",
              "bowler": "SNJ O'Keefe",
              "non_striker": "PJ Forrest",
              "runs": {
                "batter": 1,
                "extras": 0,
                "total": 1
              }
            },
            {
              "batter": "PJ Forrest",
              "bowler": "SNJ O'Keefe",
              "non_striker": "BCJ Cutting",
              "runs": {
                "batter": 0,
                "extras": 0,
                "total": 0
              }
            },
            {
              "batter": "PJ Forrest",
              "bowler": "SNJ O'Keefe",
              "non_striker": "BCJ Cutting",
              "runs": {
                "batter": 0,
                "extras": 0,
                "total": 0
              }
            },
            {
              "batter": "PJ Forrest",
              "bowler": "SNJ O'Keefe",
              "non_striker": "BCJ Cutting",
              "runs": {
                "batter": 0,
                "extras": 0,
                "total": 0
              }
            }
          ]
        },
        {
          "over": 14,
          "deliveries": [
            {
              "batter": "BCJ Cutting",
              "bowler": "LW Feldman",
              "non_striker": "PJ Forrest",
              "runs": {
                "batter": 1,
                "extras": 0,
                "total": 1
              }
            },
            {
              "batter": "PJ Forrest",
              "bowler": "LW Feldman",
              "non_striker": "BCJ Cutting",
              "runs": {
                "batter": 0,
                "extras": 0,
                "total": 0
              }
            },
            {
              "batter": "PJ Forrest",
              "bowler": "LW Feldman",
              "non_striker": "BCJ Cutting",
              "runs": {
                "batter": 3,
                "extras": 0,
                "total": 3
              }
            },
            {
              "batter": "BCJ Cutting",
              "bowler": "LW Feldman",
              "non_striker": "PJ Forrest",
              "runs": {
                "batter": 1,
                "extras": 0,
                "total": 1
              }
            },
            {
              "batter": "PJ Forrest",
              "bowler": "LW Feldman",
              "non_striker": "BCJ Cutting",
              "runs": {
                "batter": 2,
                "extras": 0,
                "total": 2
              }
            },
            {
              "batter": "PJ Forrest",
              "bowler": "LW Feldman",
              "non_striker": "BCJ Cutting",
              "runs": {
                "batter": 2,
                "extras": 0,
                "total": 2
              }
            }
          ]
        },
        {
          "over": 15,
          "deliveries": [
            {
              "batter": "BCJ Cutting",
              "bowler": "SNJ O'Keefe",
              "non_striker": "PJ Forrest",
              "runs": {
                "batter": 0,
                "extras": 0,
                "total": 0
              }
            },
            {
              "batter": "BCJ Cutting",
              "bowler": "SNJ O'Keefe",
              "non_striker": "PJ Forrest",
              "runs": {
                "batter": 0,
                "extras": 0,
                "total": 0
              }
            },
            {
              "batter": "BCJ Cutting",
              "bowler": "SNJ O'Keefe",
              "non_striker": "PJ Forrest",
              "runs": {
                "batter": 4,
                "extras": 0,
                "total": 4
              }
            },
            {
              "batter": "BCJ Cutting",
              "bowler": "SNJ O'Keefe",
              "non_striker": "PJ Forrest",
              "runs": {
                "batter": 0,
                "extras": 0,
                "total": 0
              },
              "wickets": [
                {
                  "kind": "stumped",
                  "player_out": "BCJ Cutting",
                  "fielders": [
                    {
                      "name": "BJ Haddin"
                    }
                  ]
                }
              ]
            },
            {
              "batter": "CD Hartley",
              "bowler": "SNJ O'Keefe",
              "non_striker": "PJ Forrest",
              "runs": {
                "batter": 1,
                "extras": 0,
                "total": 1
              }
            },
            {
              "batter": "PJ Forrest",
              "bowler": "SNJ O'Keefe",
              "non_striker": "CD Hartley",
              "runs": {
                "batter": 0,
                "extras": 0,
                "total": 0
              }
            }
          ]
        },
        {
          "over": 16,
          "deliveries": [
            {
              "batter": "CD Hartley",
              "bowler": "B Lee",
              "non_striker": "PJ Forrest",
              "runs": {
                "batter": 0,
                "extras": 0,
                "total": 0
              }
            },
            {
              "batter": "CD Hartley",
              "bowler": "B Lee",
              "non_striker": "PJ Forrest",
              "runs": {
                "batter": 2,
                "extras": 0,
                "total": 2
              }
            },
            {
              "batter": "CD Hartley",
              "bowler": "B Lee",
              "non_striker": "PJ Forrest",
              "runs": {
                "batter": 1,
                "extras": 0,
                "total": 1
              }
            },
            {
              "batter": "PJ Forrest",
              "bowler": "B Lee",
              "non_striker": "CD Hartley",
              "runs": {
                "batter": 1,
                "extras": 0,
                "total": 1
              }
            },
            {
              "batter": "CD Hartley",
              "bowler": "B Lee",
              "non_striker": "PJ Forrest",
              "runs": {
                "batter": 0,
                "extras": 0,
                "total": 0
              }
            },
            {
              "batter": "CD Hartley",
              "bowler": "B Lee",
              "non_striker": "PJ Forrest",
              "runs": {
                "batter": 4,
                "extras": 0,
                "total": 4
              }
            }
          ]
        },
        {
          "over": 17,
          "deliveries": [
            {
              "batter": "PJ Forrest",
              "bowler": "JR Hazlewood",
              "non_striker": "CD Hartley",
              "runs": {
                "batter": 1,
                "extras": 0,
                "total": 1
              }
            },
            {
              "batter": "CD Hartley",
              "bowler": "JR Hazlewood",
              "non_striker": "PJ Forrest",
              "runs": {
                "batter": 1,
                "extras": 0,
                "total": 1
              }
            },
            {
              "batter": "PJ Forrest",
              "bowler": "JR Hazlewood",
              "non_striker": "CD Hartley",
              "runs": {
                "batter": 2,
                "extras": 0,
                "total": 2
              }
            },
            {
              "batter": "PJ Forrest",
              "bowler": "JR Hazlewood",
              "non_striker": "CD Hartley",
              "runs": {
                "batter": 4,
                "extras": 0,
                "total": 4
              }
            },
            {
              "batter": "PJ Forrest",
              "bowler": "JR Hazlewood",
              "non_striker": "CD Hartley",
              "runs": {
                "batter": 1,
                "extras": 0,
                "total": 1
              }
            },
            {
              "batter": "CD Hartley",
              "bowler": "JR Hazlewood",
              "non_striker": "PJ Forrest",
              "runs": {
                "batter": 1,
                "extras": 0,
                "total": 1
              }
            }
          ]
        },
        {
          "over": 18,
          "deliveries": [
            {
              "batter": "CD Hartley",
              "bowler": "B Lee",
              "non_striker": "PJ Forrest",
              "runs": {
                "batter": 0,
                "extras": 0,
                "total": 0
              },
              "wickets": [
                {
                  "kind": "caught",
                  "player_out": "CD Hartley",
                  "fielders": [
                    {
                      "name": "MC Henriques"
                    }
                  ]
                }
              ]
            },
            {
              "batter": "NM Hauritz",
              "bowler": "B Lee",
              "non_striker": "PJ Forrest",
              "runs": {
                "batter": 4,
                "extras": 0,
                "total": 4
              }
            },
            {
              "batter": "NM Hauritz",
              "bowler": "B Lee",
              "non_striker": "PJ Forrest",
              "runs": {
                "batter": 1,
                "extras": 0,
                "total": 1
              }
            },
            {
              "batter": "PJ Forrest",
              "bowler": "B Lee",
              "extras": {
                "wides": 1
              },
              "non_striker": "NM Hauritz",
              "runs": {
                "batter": 0,
                "extras": 1,
                "total": 1
              }
            },
            {
              "batter": "PJ Forrest",
              "bowler": "B Lee",
              "non_striker": "NM Hauritz",
              "runs": {
                "batter": 0,
                "extras": 0,
                "total": 0
              }
            },
            {
              "batter": "PJ Forrest",
              "bowler": "B Lee",
              "non_striker": "NM Hauritz",
              "runs": {
                "batter": 1,
                "extras": 0,
                "total": 1
              }
            },
            {
              "batter": "NM Hauritz",
              "bowler": "B Lee",
              "non_striker": "PJ Forrest",
              "runs": {
                "batter": 2,
                "extras": 0,
                "total": 2
              }
            }
          ]
        },
        {
          "over": 19,
          "deliveries": [
            {
              "batter": "PJ Forrest",
              "bowler": "JR Hazlewood",
              "non_striker": "NM Hauritz",
              "runs": {
                "batter": 0,
                "extras": 0,
                "total": 0
              },
              "wickets": [
                {
                  "kind": "caught",
                  "player_out": "PJ Forrest",
                  "fielders": [
                    {
                      "name": "DP Hughes"
                    }
                  ]
                }
              ]
            },
            {
              "batter": "NM Hauritz",
              "bowler": "JR Hazlewood",
              "non_striker": "KAJ Roach",
              "runs": {
                "batter": 2,
                "extras": 0,
                "total": 2
              }
            },
            {
              "batter": "NM Hauritz",
              "bowler": "JR Hazlewood",
              "non_striker": "KAJ Roach",
              "runs": {
                "batter": 4,
                "extras": 0,
                "total": 4
              }
            },
            {
              "batter": "NM Hauritz",
              "bowler": "JR Hazlewood",
              "non_striker": "KAJ Roach",
              "runs": {
                "batter": 2,
                "extras": 0,
                "total": 2
              }
            },
            {
              "batter": "NM Hauritz",
              "bowler": "JR Hazlewood",
              "non_striker": "KAJ Roach",
              "runs": {
                "batter": 1,
                "extras": 0,
                "total": 1
              }
            },
            {
              "batter": "KAJ Roach",
              "bowler": "JR Hazlewood",
              "non_striker": "NM Hauritz",
              "runs": {
                "batter": 0,
                "extras": 0,
                "total": 0
              },
              "wickets": [
                {
                  "kind": "caught",
                  "player_out": "KAJ Roach",
                  "fielders": [
                    {
                      "name": "MJ Lumb"
                    }
                  ]
                }
              ]
            }
          ]
        }
      ],
      "powerplays": [
        {
          "from": 0.1,
          "to": 5.6,
          "type": "mandatory"
        }
      ]
    },
    {
      "team": "Sydney Sixers",
      "overs": [
        {
          "over": 0,
          "deliveries": [
            {
              "batter": "BJ Haddin",
              "bowler": "NM Hauritz",
              "non_striker": "MJ Lumb",
              "runs": {
                "batter": 1,
                "extras": 0,
                "total": 1
              }
            },
            {
              "batter": "MJ Lumb",
              "bowler": "NM Hauritz",
              "non_striker": "BJ Haddin",
              "runs": {
                "batter": 0,
                "extras": 0,
                "total": 0
              }
            },
            {
              "batter": "MJ Lumb",
              "bowler": "NM Hauritz",
              "non_striker": "BJ Haddin",
              "runs": {
                "batter": 1,
                "extras": 0,
                "total": 1
              }
            },
            {
              "batter": "BJ Haddin",
              "bowler": "NM Hauritz",
              "non_striker": "MJ Lumb",
              "runs": {
                "batter": 4,
                "extras": 0,
                "total": 4
              }
            },
            {
              "batter": "BJ Haddin",
              "bowler": "NM Hauritz",
              "non_striker": "MJ Lumb",
              "runs": {
                "batter": 0,
                "extras": 0,
                "total": 0
              }
            },
            {
              "batter": "BJ Haddin",
              "bowler": "NM Hauritz",
              "non_striker": "MJ Lumb",
              "runs": {
                "batter": 6,
                "extras": 0,
                "total": 6
              }
            }
          ]
        },
        {
          "over": 1,
          "deliveries": [
            {
              "batter": "MJ Lumb",
              "bowler": "KAJ Roach",
              "non_striker": "BJ Haddin",
              "runs": {
                "batter": 1,
                "extras": 0,
                "total": 1
              }
            },
            {
              "batter": "BJ Haddin",
              "bowler": "KAJ Roach",
              "non_striker": "MJ Lumb",
              "runs": {
                "batter": 0,
                "extras": 0,
                "total": 0
              }
            },
            {
              "batter": "BJ Haddin",
              "bowler": "KAJ Roach",
              "non_striker": "MJ Lumb",
              "runs": {
                "batter": 0,
                "extras": 0,
                "total": 0
              }
            },
            {
              "batter": "BJ Haddin",
              "bowler": "KAJ Roach",
              "non_striker": "MJ Lumb",
              "runs": {
                "batter": 1,
                "extras": 0,
                "total": 1
              }
            },
            {
              "batter": "MJ Lumb",
              "bowler": "KAJ Roach",
              "non_striker": "BJ Haddin",
              "runs": {
                "batter": 1,
                "extras": 0,
                "total": 1
              }
            },
            {
              "batter": "BJ Haddin",
              "bowler": "KAJ Roach",
              "non_striker": "MJ Lumb",
              "runs": {
                "batter": 0,
                "extras": 0,
                "total": 0
              }
            }
          ]
        },
        {
          "over": 2,
          "deliveries": [
            {
              "batter": "MJ Lumb",
              "bowler": "AC McDermott",
              "non_striker": "BJ Haddin",
              "runs": {
                "batter": 0,
                "extras": 0,
                "total": 0
              }
            },
            {
              "batter": "MJ Lumb",
              "bowler": "AC McDermott",
              "non_striker": "BJ Haddin",
              "runs": {
                "batter": 1,
                "extras": 0,
                "total": 1
              }
            },
            {
              "batter": "BJ Haddin",
              "bowler": "AC McDermott",
              "non_striker": "MJ Lumb",
              "runs": {
                "batter": 0,
                "extras": 0,
                "total": 0
              }
            },
            {
              "batter": "BJ Haddin",
              "bowler": "AC McDermott",
              "non_striker": "MJ Lumb",
              "runs": {
                "batter": 4,
                "extras": 0,
                "total": 4
              }
            },
            {
              "batter": "BJ Haddin",
              "bowler": "AC McDermott",
              "non_striker": "MJ Lumb",
              "runs": {
                "batter": 0,
                "extras": 0,
                "total": 0
              },
              "wickets": [
                {
                  "kind": "bowled",
                  "player_out": "BJ Haddin"
                }
              ]
            },
            {
              "batter": "NJ Maddinson",
              "bowler": "AC McDermott",
              "non_striker": "MJ Lumb",
              "runs": {
                "batter": 0,
                "extras": 0,
                "total": 0
              }
            }
          ]
        },
        {
          "over": 3,
          "deliveries": [
            {
              "batter": "MJ Lumb",
              "bowler": "KAJ Roach",
              "non_striker": "NJ Maddinson",
              "runs": {
                "batter": 0,
                "extras": 0,
                "total": 0
              }
            },
            {
              "batter": "MJ Lumb",
              "bowler": "KAJ Roach",
              "non_striker": "NJ Maddinson",
              "runs": {
                "batter": 4,
                "extras": 0,
                "total": 4
              }
            },
            {
              "batter": "MJ Lumb",
              "bowler": "KAJ Roach",
              "non_striker": "NJ Maddinson",
              "runs": {
                "batter": 1,
                "extras": 0,
                "total": 1
              }
            },
            {
              "batter": "NJ Maddinson",
              "bowler": "KAJ Roach",
              "non_striker": "MJ Lumb",
              "runs": {
                "batter": 4,
                "extras": 0,
                "total": 4
              }
            },
            {
              "batter": "NJ Maddinson",
              "bowler": "KAJ Roach",
              "non_striker": "MJ Lumb",
              "runs": {
                "batter": 0,
                "extras": 0,
                "total": 0
              }
            },
            {
              "batter": "NJ Maddinson",
              "bowler": "KAJ Roach",
              "non_striker": "MJ Lumb",
              "runs": {
                "batter": 0,
                "extras": 0,
                "total": 0
              }
            }
          ]
        },
        {
          "over": 4,
          "deliveries": [
            {
              "batter": "MJ Lumb",
              "bowler": "NM Hauritz",
              "non_striker": "NJ Maddinson",
              "runs": {
                "batter": 2,
                "extras": 0,
                "total": 2
              }
            },
            {
              "batter": "MJ Lumb",
              "bowler": "NM Hauritz",
              "non_striker": "NJ Maddinson",
              "runs": {
                "batter": 4,
                "extras": 0,
                "total": 4
              }
            },
            {
              "batter": "MJ Lumb",
              "bowler": "NM Hauritz",
              "non_striker": "NJ Maddinson",
              "runs": {
                "batter": 0,
                "extras": 0,
                "total": 0
              }
            },
            {
              "batter": "MJ Lumb",
              "bowler": "NM Hauritz",
              "non_striker": "NJ Maddinson",
              "runs": {
                "batter": 0,
                "extras": 0,
                "total": 0
              }
            },
            {
              "batter": "MJ Lumb",
              "bowler": "NM Hauritz",
              "non_striker": "NJ Maddinson",
              "runs": {
                "batter": 2,
                "extras": 0,
                "total": 2
              }
            },
            {
              "batter": "MJ Lumb",
              "bowler": "NM Hauritz",
              "non_striker": "NJ Maddinson",
              "runs": {
                "batter": 0,
                "extras": 0,
                "total": 0
              }
            }
          ]
        },
        {
          "over": 5,
          "deliveries": [
            {
              "batter": "NJ Maddinson",
              "bowler": "AC McDermott",
              "non_striker": "MJ Lumb",
              "runs": {
                "batter": 0,
                "extras": 0,
                "total": 0
              }
            },
            {
              "batter": "NJ Maddinson",
              "bowler": "AC McDermott",
              "non_striker": "MJ Lumb",
              "runs": {
                "batter": 4,
                "extras": 0,
                "total": 4
              }
            },
            {
              "batter": "NJ Maddinson",
              "bowler": "AC McDermott",
              "non_striker": "MJ Lumb",
              "runs": {
                "batter": 4,
                "extras": 0,
                "total": 4
              }
            },
            {
              "batter": "NJ Maddinson",
              "bowler": "AC McDermott",
              "non_striker": "MJ Lumb",
              "runs": {
                "batter": 0,
                "extras": 0,
                "total": 0
              }
            },
            {
              "batter": "NJ Maddinson",
              "bowler": "AC McDermott",
              "non_striker": "MJ Lumb",
              "runs": {
                "batter": 0,
                "extras": 0,
                "total": 0
              }
            },
            {
              "batter": "NJ Maddinson",
              "bowler": "AC McDermott",
              "non_striker": "MJ Lumb",
              "runs": {
                "batter": 4,
                "extras": 0,
                "total": 4
              }
            }
          ]
        },
        {
          "over": 6,
          "deliveries": [
            {
              "batter": "MJ Lumb",
              "bowler": "NM Hauritz",
              "non_striker": "NJ Maddinson",
              "runs": {
                "batter": 4,
                "extras": 0,
                "total": 4
              }
            },
            {
              "batter": "MJ Lumb",
              "bowler": "NM Hauritz",
              "non_striker": "NJ Maddinson",
              "runs": {
                "batter": 0,
                "extras": 0,
                "total": 0
              }
            },
            {
              "batter": "MJ Lumb",
              "bowler": "NM Hauritz",
              "non_striker": "NJ Maddinson",
              "runs": {
                "batter": 0,
                "extras": 0,
                "total": 0
              }
            },
            {
              "batter": "MJ Lumb",
              "bowler": "NM Hauritz",
              "non_striker": "NJ Maddinson",
              "runs": {
                "batter": 1,
                "extras": 0,
                "total": 1
              }
            },
            {
              "batter": "NJ Maddinson",
              "bowler": "NM Hauritz",
              "non_striker": "MJ Lumb",
              "runs": {
                "batter": 1,
                "extras": 0,
                "total": 1
              }
            },
            {
              "batter": "MJ Lumb",
              "bowler": "NM Hauritz",
              "non_striker": "NJ Maddinson",
              "runs": {
                "batter": 1,
                "extras": 0,
                "total": 1
              }
            }
          ]
        },
        {
          "over": 7,
          "deliveries": [
            {
              "batter": "MJ Lumb",
              "bowler": "DT Christian",
              "non_striker": "NJ Maddinson",
              "runs": {
                "batter": 1,
                "extras": 0,
                "total": 1
              }
            },
            {
              "batter": "NJ Maddinson",
              "bowler": "DT Christian",
              "non_striker": "MJ Lumb",
              "runs": {
                "batter": 0,
                "extras": 0,
                "total": 0
              }
            },
            {
              "batter": "NJ Maddinson",
              "bowler": "DT Christian",
              "extras": {
                "wides": 1
              },
              "non_striker": "MJ Lumb",
              "runs": {
                "batter": 0,
                "extras": 1,
                "total": 1
              }
            },
            {
              "batter": "NJ Maddinson",
              "bowler": "DT Christian",
              "non_striker": "MJ Lumb",
              "runs": {
                "batter": 0,
                "extras": 0,
                "total": 0
              },
              "wickets": [
                {
                  "kind": "caught",
                  "player_out": "NJ Maddinson",
                  "fielders": [
                    {
                      "name": "AC McDermott"
                    }
                  ]
                }
              ]
            },
            {
              "batter": "MJ Lumb",
              "bowler": "DT Christian",
              "non_striker": "MC Henriques",
              "runs": {
                "batter": 0,
                "extras": 0,
                "total": 0
              }
            },
            {
              "batter": "MJ Lumb",
              "bowler": "DT Christian",
              "non_striker": "MC Henriques",
              "runs": {
                "batter": 0,
                "extras": 0,
                "total": 0
              }
            },
            {
              "batter": "MJ Lumb",
              "bowler": "DT Christian",
              "non_striker": "MC Henriques",
              "runs": {
                "batter": 0,
                "extras": 0,
                "total": 0
              }
            }
          ]
        },
        {
          "over": 8,
          "deliveries": [
            {
              "batter": "MC Henriques",
              "bowler": "JR Hopes",
              "non_striker": "MJ Lumb",
              "runs": {
                "batter": 1,
                "extras": 0,
                "total": 1
              }
            },
            {
              "batter": "MJ Lumb",
              "bowler": "JR Hopes",
              "non_striker": "MC Henriques",
              "runs": {
                "batter": 2,
                "extras": 0,
                "total": 2
              }
            },
            {
              "batter": "MJ Lumb",
              "bowler": "JR Hopes",
              "non_striker": "MC Henriques",
              "runs": {
                "batter": 0,
                "extras": 0,
                "total": 0
              }
            },
            {
              "batter": "MJ Lumb",
              "bowler": "JR Hopes",
              "non_striker": "MC Henriques",
              "runs": {
                "batter": 1,
                "extras": 0,
                "total": 1
              }
            },
            {
              "batter": "MC Henriques",
              "bowler": "JR Hopes",
              "non_striker": "MJ Lumb",
              "runs": {
                "batter": 0,
                "extras": 0,
                "total": 0
              }
            },
            {
              "batter": "MC Henriques",
              "bowler": "JR Hopes",
              "non_striker": "MJ Lumb",
              "runs": {
                "batter": 0,
                "extras": 0,
                "total": 0
              }
            }
          ]
        },
        {
          "over": 9,
          "deliveries": [
            {
              "batter": "MJ Lumb",
              "bowler": "DT Christian",
              "non_striker": "MC Henriques",
              "runs": {
                "batter": 1,
                "extras": 0,
                "total": 1
              }
            },
            {
              "batter": "MC Henriques",
              "bowler": "DT Christian",
              "non_striker": "MJ Lumb",
              "runs": {
                "batter": 4,
                "extras": 0,
                "total": 4
              }
            },
            {
              "batter": "MC Henriques",
              "bowler": "DT Christian",
              "non_striker": "MJ Lumb",
              "runs": {
                "batter": 0,
                "extras": 0,
                "total": 0
              }
            },
            {
              "batter": "MC Henriques",
              "bowler": "DT Christian",
              "non_striker": "MJ Lumb",
              "runs": {
                "batter": 1,
                "extras": 0,
                "total": 1
              }
            },
            {
              "batter": "MJ Lumb",
              "bowler": "DT Christian",
              "non_striker": "MC Henriques",
              "runs": {
                "batter": 1,
                "extras": 0,
                "total": 1
              }
            },
            {
              "batter": "MC Henriques",
              "bowler": "DT Christian",
              "non_striker": "MJ Lumb",
              "runs": {
                "batter": 1,
                "extras": 0,
                "total": 1
              }
            }
          ]
        },
        {
          "over": 10,
          "deliveries": [
            {
              "batter": "MC Henriques",
              "bowler": "JR Hopes",
              "non_striker": "MJ Lumb",
              "runs": {
                "batter": 0,
                "extras": 0,
                "total": 0
              }
            },
            {
              "batter": "MC Henriques",
              "bowler": "JR Hopes",
              "non_striker": "MJ Lumb",
              "runs": {
                "batter": 0,
                "extras": 0,
                "total": 0
              }
            },
            {
              "batter": "MC Henriques",
              "bowler": "JR Hopes",
              "non_striker": "MJ Lumb",
              "runs": {
                "batter": 1,
                "extras": 0,
                "total": 1
              }
            },
            {
              "batter": "MJ Lumb",
              "bowler": "JR Hopes",
              "extras": {
                "legbyes": 1
              },
              "non_striker": "MC Henriques",
              "runs": {
                "batter": 0,
                "extras": 1,
                "total": 1
              }
            },
            {
              "batter": "MC Henriques",
              "bowler": "JR Hopes",
              "non_striker": "MJ Lumb",
              "runs": {
                "batter": 1,
                "extras": 0,
                "total": 1
              }
            },
            {
              "batter": "MJ Lumb",
              "bowler": "JR Hopes",
              "non_striker": "MC Henriques",
              "runs": {
                "batter": 1,
                "extras": 0,
                "total": 1
              }
            }
          ]
        },
        {
          "over": 11,
          "deliveries": [
            {
              "batter": "MJ Lumb",
              "bowler": "BCJ Cutting",
              "non_striker": "MC Henriques",
              "runs": {
                "batter": 0,
                "extras": 0,
                "total": 0
              }
            },
            {
              "batter": "MJ Lumb",
              "bowler": "BCJ Cutting",
              "non_striker": "MC Henriques",
              "runs": {
                "batter": 1,
                "extras": 0,
                "total": 1
              }
            },
            {
              "batter": "MC Henriques",
              "bowler": "BCJ Cutting",
              "non_striker": "MJ Lumb",
              "runs": {
                "batter": 0,
                "extras": 0,
                "total": 0
              }
            },
            {
              "batter": "MC Henriques",
              "bowler": "BCJ Cutting",
              "non_striker": "MJ Lumb",
              "runs": {
                "batter": 0,
                "extras": 0,
                "total": 0
              }
            },
            {
              "batter": "MC Henriques",
              "bowler": "BCJ Cutting",
              "non_striker": "MJ Lumb",
              "runs": {
                "batter": 1,
                "extras": 0,
                "total": 1
              }
            },
            {
              "batter": "MJ Lumb",
              "bowler": "BCJ Cutting",
              "non_striker": "MC Henriques",
              "runs": {
                "batter": 0,
                "extras": 0,
                "total": 0
              }
            }
          ]
        },
        {
          "over": 12,
          "deliveries": [
            {
              "batter": "MC Henriques",
              "bowler": "JR Hopes",
              "non_striker": "MJ Lumb",
              "runs": {
                "batter": 1,
                "extras": 0,
                "total": 1
              }
            },
            {
              "batter": "MJ Lumb",
              "bowler": "JR Hopes",
              "non_striker": "MC Henriques",
              "runs": {
                "batter": 2,
                "extras": 0,
                "total": 2
              }
            },
            {
              "batter": "MJ Lumb",
              "bowler": "JR Hopes",
              "non_striker": "MC Henriques",
              "runs": {
                "batter": 1,
                "extras": 0,
                "total": 1
              }
            },
            {
              "batter": "MC Henriques",
              "bowler": "JR Hopes",
              "non_striker": "MJ Lumb",
              "runs": {
                "batter": 1,
                "extras": 0,
                "total": 1
              }
            },
            {
              "batter": "MJ Lumb",
              "bowler": "JR Hopes",
              "non_striker": "MC Henriques",
              "runs": {
                "batter": 0,
                "extras": 0,
                "total": 0
              }
            },
            {
              "batter": "MJ Lumb",
              "bowler": "JR Hopes",
              "non_striker": "MC Henriques",
              "runs": {
                "batter": 2,
                "extras": 0,
                "total": 2
              }
            }
          ]
        },
        {
          "over": 13,
          "deliveries": [
            {
              "batter": "MC Henriques",
              "bowler": "BCJ Cutting",
              "non_striker": "MJ Lumb",
              "runs": {
                "batter": 0,
                "extras": 0,
                "total": 0
              },
              "wickets": [
                {
                  "kind": "caught",
                  "player_out": "MC Henriques",
                  "fielders": [
                    {
                      "name": "PJ Forrest"
                    }
                  ]
                }
              ]
            },
            {
              "batter": "MJ Lumb",
              "bowler": "BCJ Cutting",
              "non_striker": "SPD Smith",
              "runs": {
                "batter": 0,
                "extras": 0,
                "total": 0
              }
            },
            {
              "batter": "MJ Lumb",
              "bowler": "BCJ Cutting",
              "non_striker": "SPD Smith",
              "runs": {
                "batter": 0,
                "extras": 0,
                "total": 0
              }
            },
            {
              "batter": "MJ Lumb",
              "bowler": "BCJ Cutting",
              "non_striker": "SPD Smith",
              "runs": {
                "batter": 1,
                "extras": 0,
                "total": 1
              }
            },
            {
              "batter": "SPD Smith",
              "bowler": "BCJ Cutting",
              "non_striker": "MJ Lumb",
              "runs": {
                "batter": 0,
                "extras": 0,
                "total": 0
              }
            },
            {
              "batter": "SPD Smith",
              "bowler": "BCJ Cutting",
              "non_striker": "MJ Lumb",
              "runs": {
                "batter": 1,
                "extras": 0,
                "total": 1
              }
            }
          ]
        },
        {
          "over": 14,
          "deliveries": [
            {
              "batter": "SPD Smith",
              "bowler": "JR Hopes",
              "extras": {
                "wides": 1
              },
              "non_striker": "MJ Lumb",
              "runs": {
                "batter": 0,
                "extras": 1,
                "total": 1
              }
            },
            {
              "batter": "SPD Smith",
              "bowler": "JR Hopes",
              "non_striker": "MJ Lumb",
              "runs": {
                "batter": 1,
                "extras": 0,
                "total": 1
              }
            },
            {
              "batter": "MJ Lumb",
              "bowler": "JR Hopes",
              "non_striker": "SPD Smith",
              "runs": {
                "batter": 1,
                "extras": 0,
                "total": 1
              }
            },
            {
              "batter": "SPD Smith",
              "bowler": "JR Hopes",
              "non_striker": "MJ Lumb",
              "runs": {
                "batter": 4,
                "extras": 0,
                "total": 4
              }
            },
            {
              "batter": "SPD Smith",
              "bowler": "JR Hopes",
              "non_striker": "MJ Lumb",
              "runs": {
                "batter": 2,
                "extras": 0,
                "total": 2
              }
            },
            {
              "batter": "SPD Smith",
              "bowler": "JR Hopes",
              "non_striker": "MJ Lumb",
              "runs": {
                "batter": 1,
                "extras": 0,
                "total": 1
              }
            },
            {
              "batter": "MJ Lumb",
              "bowler": "JR Hopes",
              "non_striker": "SPD Smith",
              "runs": {
                "batter": 4,
                "extras": 0,
                "total": 4
              }
            }
          ]
        },
        {
          "over": 15,
          "deliveries": [
            {
              "batter": "SPD Smith",
              "bowler": "BCJ Cutting",
              "non_striker": "MJ Lumb",
              "runs": {
                "batter": 0,
                "extras": 0,
                "total": 0
              },
              "wickets": [
                {
                  "kind": "caught",
                  "player_out": "SPD Smith",
                  "fielders": [
                    {
                      "name": "PJ Forrest"
                    }
                  ]
                }
              ]
            },
            {
              "batter": "DP Hughes",
              "bowler": "BCJ Cutting",
              "extras": {
                "legbyes": 1
              },
              "non_striker": "MJ Lumb",
              "runs": {
                "batter": 0,
                "extras": 1,
                "total": 1
              }
            },
            {
              "batter": "MJ Lumb",
              "bowler": "BCJ Cutting",
              "non_striker": "DP Hughes",
              "runs": {
                "batter": 0,
                "extras": 0,
                "total": 0
              }
            },
            {
              "batter": "MJ Lumb",
              "bowler": "BCJ Cutting",
              "extras": {
                "legbyes": 1
              },
              "non_striker": "DP Hughes",
              "runs": {
                "batter": 0,
                "extras": 1,
                "total": 1
              }
            },
            {
              "batter": "DP Hughes",
              "bowler": "BCJ Cutting",
              "non_striker": "MJ Lumb",
              "runs": {
                "batter": 4,
                "extras": 0,
                "total": 4
              }
            },
            {
              "batter": "DP Hughes",
              "bowler": "BCJ Cutting",
              "non_striker": "MJ Lumb",
              "runs": {
                "batter": 1,
                "extras": 0,
                "total": 1
              }
            }
          ]
        },
        {
          "over": 16,
          "deliveries": [
            {
              "batter": "DP Hughes",
              "bowler": "KAJ Roach",
              "non_striker": "MJ Lumb",
              "runs": {
                "batter": 0,
                "extras": 0,
                "total": 0
              }
            },
            {
              "batter": "DP Hughes",
              "bowler": "KAJ Roach",
              "non_striker": "MJ Lumb",
              "runs": {
                "batter": 0,
                "extras": 0,
                "total": 0
              }
            },
            {
              "batter": "DP Hughes",
              "bowler": "KAJ Roach",
              "non_striker": "MJ Lumb",
              "runs": {
                "batter": 1,
                "extras": 0,
                "total": 1
              }
            },
            {
              "batter": "MJ Lumb",
              "bowler": "KAJ Roach",
              "non_striker": "DP Hughes",
              "runs": {
                "batter": 1,
                "extras": 0,
                "total": 1
              }
            },
            {
              "batter": "DP Hughes",
              "bowler": "KAJ Roach",
              "non_striker": "MJ Lumb",
              "runs": {
                "batter": 0,
                "extras": 0,
                "total": 0
              }
            },
            {
              "batter": "DP Hughes",
              "bowler": "KAJ Roach",
              "non_striker": "MJ Lumb",
              "runs": {
                "batter": 0,
                "extras": 0,
                "total": 0
              }
            }
          ]
        },
        {
          "over": 17,
          "deliveries": [
            {
              "batter": "MJ Lumb",
              "bowler": "DT Christian",
              "non_striker": "DP Hughes",
              "runs": {
                "batter": 1,
                "extras": 0,
                "total": 1
              }
            },
            {
              "batter": "DP Hughes",
              "bowler": "DT Christian",
              "non_striker": "MJ Lumb",
              "runs": {
                "batter": 1,
                "extras": 0,
                "total": 1
              }
            },
            {
              "batter": "MJ Lumb",
              "bowler": "DT Christian",
              "non_striker": "DP Hughes",
              "runs": {
                "batter": 1,
                "extras": 0,
                "total": 1
              }
            },
            {
              "batter": "DP Hughes",
              "bowler": "DT Christian",
              "non_striker": "MJ Lumb",
              "runs": {
                "batter": 0,
                "extras": 0,
                "total": 0
              },
              "wickets": [
                {
                  "kind": "caught",
                  "player_out": "DP Hughes",
                  "fielders": [
                    {
                      "name": "BCJ Cutting"
                    }
                  ]
                }
              ]
            },
            {
              "batter": "MJ Lumb",
              "bowler": "DT Christian",
              "non_striker": "SNJ O'Keefe",
              "runs": {
                "batter": 2,
                "extras": 0,
                "total": 2
              }
            },
            {
              "batter": "MJ Lumb",
              "bowler": "DT Christian",
              "non_striker": "SNJ O'Keefe",
              "runs": {
                "batter": 6,
                "extras": 0,
                "total": 6
              }
            }
          ]
        },
        {
          "over": 18,
          "deliveries": [
            {
              "batter": "SNJ O'Keefe",
              "bowler": "KAJ Roach",
              "non_striker": "MJ Lumb",
              "runs": {
                "batter": 1,
                "extras": 0,
                "total": 1
              }
            },
            {
              "batter": "MJ Lumb",
              "bowler": "KAJ Roach",
              "non_striker": "SNJ O'Keefe",
              "runs": {
                "batter": 2,
                "extras": 0,
                "total": 2
              }
            },
            {
              "batter": "MJ Lumb",
              "bowler": "KAJ Roach",
              "non_striker": "SNJ O'Keefe",
              "runs": {
                "batter": 0,
                "extras": 0,
                "total": 0
              }
            },
            {
              "batter": "MJ Lumb",
              "bowler": "KAJ Roach",
              "non_striker": "SNJ O'Keefe",
              "runs": {
                "batter": 2,
                "extras": 0,
                "total": 2
              }
            },
            {
              "batter": "MJ Lumb",
              "bowler": "KAJ Roach",
              "non_striker": "SNJ O'Keefe",
              "runs": {
                "batter": 0,
                "extras": 0,
                "total": 0
              }
            },
            {
              "batter": "MJ Lumb",
              "bowler": "KAJ Roach",
              "non_striker": "SNJ O'Keefe",
              "runs": {
                "batter": 4,
                "extras": 0,
                "total": 4
              }
            }
          ]
        }
      ],
      "powerplays": [
        {
          "from": 0.1,
          "to": 5.6,
          "type": "mandatory"
        }
      ],
      "target": {
        "overs": 20,
        "runs": 128
      }
    }
  ]
}