{
  "meta": {
    "data_version": "1.0.0",
    "created": "2017-04-20",
    "revision": 1
  },
  "info": {
    "balls_per_over": 6,
    "city": "Perth",
    "dates": [
      "2014-02-07"
    ],
    "event": {
      "name": "Big Bash League",
      "stage": "Final"
    },
    "gender": "male",
    "match_type": "T20",
    "officials": {
      "match_referees": [
        "RW Stratford"
      ],
      "reserve_umpires": [
        "SJ Nogajski"
      ],
      "tv_umpires": [
        "P Wilson"
      ],
      "umpires": [
        "MD Martell",
        "JD Ward"
      ]
    },
    "outcome": {
      "by": {
        "runs": 39
      },
      "winner": "Perth Scorchers"
    },
    "overs": 20,
    "player_of_match": [
      "GB Hogg"
    ],
    "players": {
      "Hobart Hurricanes": [
        "BR Dunk",
        "TD Paine",
        "JW Wells",
        "GJ Bailey",
        "TR Birt",
        "EP Gulbis",
        "BW Hilfenhaus",
        "AD Mascarenhas",
        "CJ Boyce",
        "XJ Doherty",
        "DE Bollinger"
      ],
      "Perth Scorchers": [
        "CJ Simmons",
        "SM Katich",
        "SE Marsh",
        "AC Voges",
        "MR Marsh",
        "NM Coulter-Nile",
        "SM Whiteman",
        "PJ Cummins",
        "JP Behrendorff",
        "AC Thomas",
        "GB Hogg"
      ]
    },
    "registry": {
      "people": {
        "AC Thomas": "b552a935",
        "AC Voges": "864c199e",
        "AD Mascarenhas": "3edb58fc",
        "BR Dunk": "272d796e",
        "BW Hilfenhaus": "f3171936",
        "CJ Boyce": "51a60c16",
        "CJ Simmons": "0095ce38",
        "DE Bollinger": "45c2196c",
        "EP Gulbis": "bbce4647",
        "GB Hogg": "f708a0bc",
        "GJ Bailey": "5056011d",
        "JD Ward": "511299c1",
        "JP Behrendorff": "4933f499",
        "JW Wells": "8bdac857",
        "MD Martell": "487c072e",
        "MR Marsh": "3d8feaf8",
        "NM Coulter-Nile": "56ab442f",
        "P Wilson": "68304a36",
        "PJ Cummins": "ded9240e",
        "RW Stratford": "85489579",
        "SE Marsh": "508a1ea7",
        "SJ Nogajski": "9b3f9323",
        "SM Katich": "fdedb37c",
        "SM Whiteman": "f4427cc6",
        "TD Paine": "5748e866",
        "TR Birt": "d2d4bb0a",
        "XJ Doherty": "502b2c81"
      }
    },
    "season": "2013/14",
    "team_type": "club",
    "teams": [
      "Perth Scorchers",
      "Hobart Hurricanes"
    ],
    "toss": {
      "decision": "bat",
      "winner": "Perth Scorchers"
    },
    "venue": "Western Australia Cricket Association Ground"
  },
  "innings": [
    {
      "team": "Perth Scorchers",
      "overs": [
        {
          "over": 0,
          "deliveries": [
            {
              "batter": "CJ Simmons",
              "bowler": "BW Hilfenhaus",
              "extras": {
                "wides": 2
              },
              "non_striker": "SM Katich",
              "runs": {
                "batter": 0,
                "extras": 2,
                "total": 2
              }
            },
            {
              "batter": "SM Katich",
              "bowler": "BW Hilfenhaus",
              "non_striker": "CJ Simmons",
              "runs": {
                "batter": 0,
                "extras": 0,
                "total": 0
              }
            },
            {
              "batter": "SM Katich",
              "bowler": "BW Hilfenhaus",
              "non_striker": "CJ Simmons",
              "runs": {
                "batter": 0,
                "extras": 0,
                "total": 0
              }
            },
            {
              "batter": "SM Katich",
              "bowler": "BW Hilfenhaus",
              "non_striker": "CJ Simmons",
              "runs": {
                "batter": 1,
                "extras": 0,
                "total": 1
              }
            },
            {
              "batter": "CJ Simmons",
              "bowler": "BW Hilfenhaus",
              "non_striker": "SM Katich",
              "runs": {
                "batter": 0,
                "extras": 0,
                "total": 0
              }
            },
            {
              "batter": "CJ Simmons",
              "bowler": "BW Hilfenhaus",
              "non_striker": "SM Katich",
              "runs": {
                "batter": 0,
                "extras": 0,
                "total": 0
              }
            },
            {
              "batter": "CJ Simmons",
              "bowler": "BW Hilfenhaus",
              "non_striker": "SM Katich",
              "runs": {
                "batter": 0,
                "extras": 0,
                "total": 0
              }
            }
          ]
        },
        {
          "over": 1,
          "deliveries": [
            {
              "batter": "SM Katich",
              "bowler": "AD Mascarenhas",
              "non_striker": "CJ Simmons",
              "runs": {
                "batter": 3,
                "extras": 0,
                "total": 3
              }
            },
            {
              "batter": "CJ Simmons",
              "bowler": "AD Mascarenhas",
              "extras": {
                "legbyes": 1
              },
              "non_striker": "SM Katich",
              "runs": {
                "batter": 0,
                "extras": 1,
                "total": 1
              }
            },
            {
              "batter": "SM Katich",
              "bowler": "AD Mascarenhas",
              "non_striker": "CJ Simmons",
              "runs": {
                "batter": 0,
                "extras": 0,
                "total": 0
              }
            },
            {
              "batter": "SM Katich",
              "bowler": "AD Mascarenhas",
              "non_striker": "CJ Simmons",
              "runs": {
                "batter": 1,
                "extras": 0,
                "total": 1
              }
            },
            {
              "batter": "CJ Simmons",
              "bowler": "AD Mascarenhas",
              "non_striker": "SM Katich",
              "runs": {
                "batter": 1,
                "extras": 0,
                "total": 1
              }
            },
            {
              "batter": "SM Katich",
              "bowler": "AD Mascarenhas",
              "non_striker": "CJ Simmons",
              "runs": {
                "batter": 0,
                "extras": 0,
                "total": 0
              }
            }
          ]
        },
        {
          "over": 2,
          "deliveries": [
            {
              "batter": "CJ Simmons",
              "bowler": "BW Hilfenhaus",
              "non_striker": "SM Katich",
              "runs": {
                "batter": 0,
                "extras": 0,
                "total": 0
              }
            },
            {
              "batter": "CJ Simmons",
              "bowler": "BW Hilfenhaus",
              "non_striker": "SM Katich",
              "runs": {
                "batter": 0,
                "extras": 0,
                "total": 0
              }
            },
            {
              "batter": "CJ Simmons",
              "bowler": "BW Hilfenhaus",
              "non_striker": "SM Katich",
              "runs": {
                "batter": 0,
                "extras": 0,
                "total": 0
              }
            },
            {
              "batter": "CJ Simmons",
              "bowler": "BW Hilfenhaus",
              "non_striker": "SM Katich",
              "runs": {
                "batter": 0,
                "extras": 0,
                "total": 0
              }
            },
            {
              "batter": "CJ Simmons",
              "bowler": "BW Hilfenhaus",
              "non_striker": "SM Katich",
              "runs": {
                "batter": 1,
                "extras": 0,
                "total": 1
              }
            },
            {
              "batter": "SM Katich",
              "bowler": "BW Hilfenhaus",
              "non_striker": "CJ Simmons",
              "runs": {
                "batter": 1,
                "extras": 0,
                "total": 1
              }
            }
          ]
        },
        {
          "over": 3,
          "deliveries": [
            {
              "batter": "SM Katich",
              "bowler": "AD Mascarenhas",
              "non_striker": "CJ Simmons",
              "runs": {
                "batter": 0,
                "extras": 0,
                "total": 0
              },
              "wickets": [
                {
                  "kind": "caught",
                  "player_out": "SM Katich",
                  "fielders": [
                    {
                      "name": "BR Dunk"
                    }
                  ]
                }
              ]
            },
            {
              "batter": "SE Marsh",
              "bowler": "AD Mascarenhas",
              "non_striker": "CJ Simmons",
              "runs": {
                "batter": 1,
                "extras": 0,
                "total": 1
              }
            },
            {
              "batter": "CJ Simmons",
              "bowler": "AD Mascarenhas",
              "non_striker": "SE Marsh",
              "runs": {
                "batter": 2,
                "extras": 0,
                "total": 2
              }
            },
            {
              "batter": "CJ Simmons",
              "bowler": "AD Mascarenhas",
              "non_striker": "SE Marsh",
              "runs": {
                "batter": 0,
                "extras": 0,
                "total": 0
              }
            },
            {
              "batter": "CJ Simmons",
              "bowler": "AD Mascarenhas",
              "non_striker": "SE Marsh",
              "runs": {
                "batter": 1,
                "extras": 0,
                "total": 1
              }
            },
            {
              "batter": "SE Marsh",
              "bowler": "AD Mascarenhas",
              "non_striker": "CJ Simmons",
              "runs": {
                "batter": 0,
                "extras": 0,
                "total": 0
              }
            }
          ]
        },
        {
          "over": 4,
          "deliveries": [
            {
              "batter": "CJ Simmons",
              "bowler": "BW Hilfenhaus",
              "non_striker": "SE Marsh",
              "runs": {
                "batter": 1,
                "extras": 0,
                "total": 1
              }
            },
            {
              "batter": "SE Marsh",
              "bowler": "BW Hilfenhaus",
              "non_striker": "CJ Simmons",
              "runs": {
                "batter": 0,
                "extras": 0,
                "total": 0
              }
            },
            {
              "batter": "SE Marsh",
              "bowler": "BW Hilfenhaus",
              "non_striker": "CJ Simmons",
              "runs": {
                "batter": 1,
                "extras": 0,
                "total": 1
              }
            },
            {
              "batter": "CJ Simmons",
              "bowler": "BW Hilfenhaus",
              "non_striker": "SE Marsh",
              "runs": {
                "batter": 4,
                "extras": 0,
                "total": 4
              }
            },
            {
              "batter": "CJ Simmons",
              "bowler": "BW Hilfenhaus",
              "non_striker": "SE Marsh",
              "runs": {
                "batter": 4,
                "extras": 0,
                "total": 4
              }
            },
            {
              "batter": "CJ Simmons",
              "bowler": "BW Hilfenhaus",
              "non_striker": "SE Marsh",
              "runs": {
                "batter": 0,
                "extras": 0,
                "total": 0
              }
            }
          ]
        },
        {
          "over": 5,
          "deliveries": [
            {
              "batter": "SE Marsh",
              "bowler": "AD Mascarenhas",
              "non_striker": "CJ Simmons",
              "runs": {
                "batter": 1,
                "extras": 0,
                "total": 1
              }
            },
            {
              "batter": "CJ Simmons",
              "bowler": "AD Mascarenhas",
              "non_striker": "SE Marsh",
              "runs": {
                "batter": 4,
                "extras": 0,
                "total": 4
              }
            },
            {
              "batter": "CJ Simmons",
              "bowler": "AD Mascarenhas",
              "non_striker": "SE Marsh",
              "runs": {
                "batter": 0,
                "extras": 0,
                "total": 0
              }
            },
            {
              "batter": "CJ Simmons",
              "bowler": "AD Mascarenhas",
              "non_striker": "SE Marsh",
              "runs": {
                "batter": 6,
                "extras": 0,
                "total": 6
              }
            },
            {
              "batter": "CJ Simmons",
              "bowler": "AD Mascarenhas",
              "non_striker": "SE Marsh",
              "runs": {
                "batter": 2,
                "extras": 0,
                "total": 2
              }
            },
            {
              "batter": "CJ Simmons",
              "bowler": "AD Mascarenhas",
              "non_striker": "SE Marsh",
              "runs": {
                "batter": 0,
                "extras": 0,
                "total": 0
              }
            }
          ]
        },
        {
          "over": 6,
          "deliveries": [
            {
              "batter": "SE Marsh",
              "bowler": "DE Bollinger",
              "extras": {
                "wides": 1
              },
              "non_striker": "CJ Simmons",
              "runs": {
                "batter": 0,
                "extras": 1,
                "total": 1
              }
            },
            {
              "batter": "SE Marsh",
              "bowler": "DE Bollinger",
              "non_striker": "CJ Simmons",
              "runs": {
                "batter": 0,
                "extras": 0,
                "total": 0
              }
            },
            {
              "batter": "SE Marsh",
              "bowler": "DE Bollinger",
              "extras": {
                "legbyes": 1
              },
              "non_striker": "CJ Simmons",
              "runs": {
                "batter": 0,
                "extras": 1,
                "total": 1
              }
            },
            {
              "batter": "CJ Simmons",
              "bowler": "DE Bollinger",
              "non_striker": "SE Marsh",
              "runs": {
                "batter": 0,
                "extras": 0,
                "total": 0
              }
            },
            {
              "batter": "CJ Simmons",
              "bowler": "DE Bollinger",
              "non_striker": "SE Marsh",
              "runs": {
                "batter": 6,
                "extras": 0,
                "total": 6
              }
            },
            {
              "batter": "CJ Simmons",
              "bowler": "DE Bollinger",
              "non_striker": "SE Marsh",
              "runs": {
                "batter": 1,
                "extras": 0,
                "total": 1
              }
            },
            {
              "batter": "SE Marsh",
              "bowler": "DE Bollinger",
              "non_striker": "CJ Simmons",
              "runs": {
                "batter": 2,
                "extras": 0,
                "total": 2
              }
            }
          ]
        },
        {
          "over": 7,
          "deliveries": [
            {
              "batter": "CJ Simmons",
              "bowler": "CJ Boyce",
              "non_striker": "SE Marsh",
              "runs": {
                "batter": 0,
                "extras": 0,
                "total": 0
              }
            },
            {
              "batter": "CJ Simmons",
              "bowler": "CJ Boyce",
              "non_striker": "SE Marsh",
              "runs": {
                "batter": 1,
                "extras": 0,
                "total": 1
              }
            },
            {
              "batter": "SE Marsh",
              "bowler": "CJ Boyce",
              "non_striker": "CJ Simmons",
              "runs": {
                "batter": 1,
                "extras": 0,
                "total": 1
              }
            },
            {
              "batter": "CJ Simmons",
              "bowler": "CJ Boyce",
              "non_striker": "SE Marsh",
              "runs": {
                "batter": 1,
                "extras": 0,
                "total": 1
              }
            },
            {
              "batter": "SE Marsh",
              "bowler": "CJ Boyce",
              "non_striker": "CJ Simmons",
              "runs": {
                "batter": 2,
                "extras": 0,
                "total": 2
              }
            },
            {
              "batter": "SE Marsh",
              "bowler": "CJ Boyce",
              "non_striker": "CJ Simmons",
              "runs": {
                "batter": 1,
                "extras": 0,
                "total": 1
              }
            }
          ]
        },
        {
          "over": 8,
          "deliveries": [
            {
              "batter": "SE Marsh",
              "bowler": "DE Bollinger",
              "non_striker": "CJ Simmons",
              "runs": {
                "batter": 6,
                "extras": 0,
                "total": 6
              }
            },
            {
              "batter": "SE Marsh",
              "bowler": "DE Bollinger",
              "non_striker": "CJ Simmons",
              "runs": {
                "batter": 0,
                "extras": 0,
                "total": 0
              }
            },
            {
              "batter": "SE Marsh",
              "bowler": "DE Bollinger",
              "non_striker": "CJ Simmons",
              "runs": {
                "batter": 1,
                "extras": 0,
                "total": 1
              }
            },
            {
              "batter": "CJ Simmons",
              "bowler": "DE Bollinger",
              "non_striker": "SE Marsh",
              "runs": {
                "batter": 1,
                "extras": 0,
                "total": 1
              }
            },
            {
              "batter": "SE Marsh",
              "bowler": "DE Bollinger",
              "non_striker": "CJ Simmons",
              "runs": {
                "batter": 1,
                "extras": 0,
                "total": 1
              }
            },
            {
              "batter": "CJ Simmons",
              "bowler": "DE Bollinger",
              "non_striker": "SE Marsh",
              "runs": {
                "batter": 0,
                "extras": 0,
                "total": 0
              }
            }
          ]
        },
        {
          "over": 9,
          "deliveries": [
            {
              "batter": "SE Marsh",
              "bowler": "CJ Boyce",
              "non_striker": "CJ Simmons",
              "runs": {
                "batter": 1,
                "extras": 0,
                "total": 1
              }
            },
            {
              "batter": "CJ Simmons",
              "bowler": "CJ Boyce",
              "non_striker": "SE Marsh",
              "runs": {
                "batter": 0,
                "extras": 0,
                "total": 0
              }
            },
            {
              "batter": "CJ Simmons",
              "bowler": "CJ Boyce",
              "non_striker": "SE Marsh",
              "runs": {
                "batter": 4,
                "extras": 0,
                "total": 4
              }
            },
            {
              "batter": "CJ Simmons",
              "bowler": "CJ Boyce",
              "non_striker": "SE Marsh",
              "runs": {
                "batter": 0,
                "extras": 0,
                "total": 0
              }
            },
            {
              "batter": "CJ Simmons",
              "bowler": "CJ Boyce",
              "non_striker": "SE Marsh",
              "runs": {
                "batter": 1,
                "extras": 0,
                "total": 1
              }
            },
            {
              "batter": "SE Marsh",
              "bowler": "CJ Boyce",
              "non_striker": "CJ Simmons",
              "runs": {
                "batter": 2,
                "extras": 0,
                "total": 2
              }
            }
          ]
        },
        {
          "over": 10,
          "deliveries": [
            {
              "batter": "CJ Simmons",
              "bowler": "EP Gulbis",
              "extras": {
                "wides": 1
              },
              "non_striker": "SE Marsh",
              "runs": {
                "batter": 0,
                "extras": 1,
                "total": 1
              }
            },
            {
              "batter": "CJ Simmons",
              "bowler": "EP Gulbis",
              "non_striker": "SE Marsh",
              "runs": {
                "batter": 4,
                "extras": 0,
                "total": 4
              }
            },
            {
              "batter": "CJ Simmons",
              "bowler": "EP Gulbis",
              "non_striker": "SE Marsh",
              "runs": {
                "batter": 0,
                "extras": 0,
                "total": 0
              },
              "wickets": [
                {
                  "kind": "caught",
                  "player_out": "CJ Simmons",
                  "fielders": [
                    {
                      "name": "AD Mascarenhas"
                    }
                  ]
                }
              ]
            },
            {
              "batter": "SE Marsh",
              "bowler": "EP Gulbis",
              "extras": {
                "wides": 1
              },
              "non_striker": "AC Voges",
              "runs": {
                "batter": 0,
                "extras": 1,
                "total": 1
              }
            },
            {
              "batter": "SE Marsh",
              "bowler": "EP Gulbis",
              "non_striker": "AC Voges",
              "runs": {
                "batter": 1,
                "extras": 0,
                "total": 1
              }
            },
            {
              "batter": "AC Voges",
              "bowler": "EP Gulbis",
              "non_striker": "SE Marsh",
              "runs": {
                "batter": 4,
                "extras": 0,
                "total": 4
              }
            },
            {
              "batter": "AC Voges",
              "bowler": "EP Gulbis",
              "non_striker": "SE Marsh",
              "runs": {
                "batter": 1,
                "extras": 0,
                "total": 1
              }
            },
            {
              "batter": "SE Marsh",
              "bowler": "EP Gulbis",
              "non_striker": "AC Voges",
              "runs": {
                "batter": 2,
                "extras": 0,
                "total": 2
              }
            }
          ]
        },
        {
          "over": 11,
          "deliveries": [
            {
              "batter": "AC Voges",
              "bowler": "XJ Doherty",
              "non_striker": "SE Marsh",
              "runs": {
                "batter": 1,
                "extras": 0,
                "total": 1
              }
            },
            {
              "batter": "SE Marsh",
              "bowler": "XJ Doherty",
              "non_striker": "AC Voges",
              "runs": {
                "batter": 2,
                "extras": 0,
                "total": 2
              }
            },
            {
              "batter": "SE Marsh",
              "bowler": "XJ Doherty",
              "non_striker": "AC Voges",
              "runs": {
                "batter": 1,
                "extras": 0,
                "total": 1
              }
            },
            {
              "batter": "AC Voges",
              "bowler": "XJ Doherty",
              "non_striker": "SE Marsh",
              "runs": {
                "batter": 1,
                "extras": 0,
                "total": 1
              }
            },
            {
              "batter": "SE Marsh",
              "bowler": "XJ Doherty",
              "non_striker": "AC Voges",
              "runs": {
                "batter": 0,
                "extras": 0,
                "total": 0
              }
            },
            {
              "batter": "SE Marsh",
              "bowler": "XJ Doherty",
              "non_striker": "AC Voges",
              "runs": {
                "batter": 1,
                "extras": 0,
                "total": 1
              }
            }
          ]
        },
        {
          "over": 12,
          "deliveries": [
            {
              "batter": "SE Marsh",
              "bowler": "CJ Boyce",
              "non_striker": "AC Voges",
              "runs": {
                "batter": 6,
                "extras": 0,
                "total": 6
              }
            },
            {
              "batter": "SE Marsh",
              "bowler": "CJ Boyce",
              "non_striker": "AC Voges",
              "runs": {
                "batter": 2,
                "extras": 0,
                "total": 2
              }
            },
            {
              "batter": "SE Marsh",
              "bowler": "CJ Boyce",
              "non_striker": "AC Voges",
              "runs": {
                "batter": 6,
                "extras": 0,
                "total": 6
              }
            },
            {
              "batter": "SE Marsh",
              "bowler": "CJ Boyce",
              "non_striker": "AC Voges",
              "runs": {
                "batter": 0,
                "extras": 0,
                "total": 0
              }
            },
            {
              "batter": "SE Marsh",
              "bowler": "CJ Boyce",
              "non_striker": "AC Voges",
              "runs": {
                "batter": 1,
                "extras": 0,
                "total": 1
              }
            },
            {
              "batter": "AC Voges",
              "bowler": "CJ Boyce",
              "non_striker": "SE Marsh",
              "runs": {
                "batter": 0,
                "extras": 0,
                "total": 0
              }
            }
          ]
        },
        {
          "over": 13,
          "deliveries": [
            {
              "batter": "SE Marsh",
              "bowler": "XJ Doherty",
              "non_striker": "AC Voges",
              "runs": {
                "batter": 1,
                "extras": 0,
                "total": 1
              }
            },
            {
              "batter": "AC Voges",
              "bowler": "XJ Doherty",
              "non_striker": "SE Marsh",
              "runs": {
                "batter": 0,
                "extras": 0,
                "total": 0
              }
            },
            {
              "batter": "AC Voges",
              "bowler": "XJ Doherty",
              "non_striker": "SE Marsh",
              "runs": {
                "batter": 1,
                "extras": 0,
                "total": 1
              }
            },
            {
              "batter": "SE Marsh",
              "bowler": "XJ Doherty",
              "non_striker": "AC Voges",
              "runs": {
                "batter": 1,
                "extras": 0,
                "total": 1
              }
            },
            {
              "batter": "AC Voges",
              "bowler": "XJ Doherty",
              "non_striker": "SE Marsh",
              "runs": {
                "batter": 6,
                "extras": 0,
                "total": 6
              }
            },
            {
              "batter": "AC Voges",
              "bowler": "XJ Doherty",
              "non_striker": "SE Marsh",
              "runs": {
                "batter": 1,
                "extras": 0,
                "total": 1
              }
            }
          ]
        },
        {
          "over": 14,
          "deliveries": [
            {
              "batter": "AC Voges",
              "bowler": "DE Bollinger",
              "non_striker": "SE Marsh",
              "runs": {
                "batter": 1,
                "extras": 0,
                "total": 1
              }
            },
            {
              "batter": "SE Marsh",
              "bowler": "DE Bollinger",
              "extras": {
                "wides": 1
              },
              "non_striker": "AC Voges",
              "runs": {
                "batter": 0,
                "extras": 1,
                "total": 1
              }
            },
            {
              "batter": "SE Marsh",
              "bowler": "DE Bollinger",
              "non_striker": "AC Voges",
              "runs": {
                "batter": 1,
                "extras": 0,
                "total": 1
              }
            },
            {
              "batter": "AC Voges",
              "bowler": "DE Bollinger",
              "non_striker": "SE Marsh",
              "runs": {
                "batter": 2,
                "extras": 0,
                "total": 2
              }
            },
            {
              "batter": "AC Voges",
              "bowler": "DE Bollinger",
              "non_striker": "SE Marsh",
              "runs": {
                "batter": 1,
                "extras": 0,
                "total": 1
              }
            },
            {
              "batter": "SE Marsh",
              "bowler": "DE Bollinger",
              "non_striker": "AC Voges",
              "runs": {
                "batter": 1,
                "extras": 0,
                "total": 1
              }
            },
            {
              "batter": "AC Voges",
              "bowler": "DE Bollinger",
              "non_striker": "SE Marsh",
              "runs": {
                "batter": 2,
                "extras": 0,
                "total": 2
              }
            }
          ]
        },
        {
          "over": 15,
          "deliveries": [
            {
              "batter": "SE Marsh",
              "bowler": "CJ Boyce",
              "non_striker": "AC Voges",
              "runs": {
                "batter": 2,
                "extras": 0,
                "total": 2
              }
            },
            {
              "batter": "SE Marsh",
              "bowler": "CJ Boyce",
              "non_striker": "AC Voges",
              "runs": {
                "batter": 4,
                "extras": 0,
                "total": 4
              }
            },
            {
              "batter": "SE Marsh",
              "bowler": "CJ Boyce",
              "non_striker": "AC Voges",
              "runs": {
                "batter": 1,
                "extras": 0,
                "total": 1
              }
            },
            {
              "batter": "AC Voges",
              "bowler": "CJ Boyce",
              "non_striker": "SE Marsh",
              "runs": {
                "batter": 1,
                "extras": 0,
                "total": 1
              }
            },
            {
              "batter": "SE Marsh",
              "bowler": "CJ Boyce",
              "non_striker": "AC Voges",
              "runs": {
                "batter": 1,
                "extras": 0,
                "total": 1
              }
            },
            {
              "batter": "AC Voges",
              "bowler": "CJ Boyce",
              "non_striker": "SE Marsh",
              "runs": {
                "batter": 1,
                "extras": 0,
                "total": 1
              }
            }
          ]
        },
        {
          "over": 16,
          "deliveries": [
            {
              "batter": "AC Voges",
              "bowler": "BW Hilfenhaus",
              "non_striker": "SE Marsh",
              "runs": {
                "batter": 4,
                "extras": 0,
                "total": 4
              }
            },
            {
              "batter": "AC Voges",
              "bowler": "BW Hilfenhaus",
              "non_striker": "SE Marsh",
              "runs": {
                "batter": 0,
                "extras": 0,
                "total": 0
              },
              "wickets": [
                {
                  "kind": "caught",
                  "player_out": "AC Voges",
                  "fielders": [
                    {
                      "name": "AD Mascarenhas"
                    }
                  ]
                }
              ]
            },
            {
              "batter": "SE Marsh",
              "bowler": "BW Hilfenhaus",
              "non_striker": "MR Marsh",
              "runs": {
                "batter": 2,
                "extras": 0,
                "total": 2
              }
            },
            {
              "batter": "SE Marsh",
              "bowler": "BW Hilfenhaus",
              "non_striker": "MR Marsh",
              "runs": {
                "batter": 1,
                "extras": 0,
                "total": 1
              }
            },
            {
              "batter": "MR Marsh",
              "bowler": "BW Hilfenhaus",
              "non_striker": "SE Marsh",
              "runs": {
                "batter": 0,
                "extras": 0,
                "total": 0
              }
            },
            {
              "batter": "MR Marsh",
              "bowler": "BW Hilfenhaus",
              "non_striker": "SE Marsh",
              "runs": {
                "batter": 1,
                "extras": 0,
                "total": 1
              }
            }
          ]
        },
        {
          "over": 17,
          "deliveries": [
            {
              "batter": "MR Marsh",
              "bowler": "AD Mascarenhas",
              "non_striker": "SE Marsh",
              "runs": {
                "batter": 6,
                "extras": 0,
                "total": 6
              }
            },
            {
              "batter": "MR Marsh",
              "bowler": "AD Mascarenhas",
              "non_striker": "SE Marsh",
              "runs": {
                "batter": 6,
                "extras": 0,
                "total": 6
              }
            },
            {
              "batter": "MR Marsh",
              "bowler": "AD Mascarenhas",
              "non_striker": "SE Marsh",
              "runs": {
                "batter": 6,
                "extras": 0,
                "total": 6
              }
            },
            {
              "batter": "MR Marsh",
              "bowler": "AD Mascarenhas",
              "non_striker": "SE Marsh",
              "runs": {
                "batter": 1,
                "extras": 0,
                "total": 1
              }
            },
            {
              "batter": "SE Marsh",
              "bowler": "AD Mascarenhas",
              "non_striker": "MR Marsh",
              "runs": {
                "batter": 4,
                "extras": 0,
                "total": 4
              }
            },
            {
              "batter": "SE Marsh",
              "bowler": "AD Mascarenhas",
              "non_striker": "MR Marsh",
              "runs": {
                "batter": 1,
                "extras": 0,
                "total": 1
              }
            }
          ]
        },
        {
          "over": 18,
          "deliveries": [
            {
              "batter": "SE Marsh",
              "bowler": "DE Bollinger",
              "non_striker": "MR Marsh",
              "runs": {
                "batter": 0,
                "extras": 0,
                "total": 0
              }
            },
            {
              "batter": "SE Marsh",
              "bowler": "DE Bollinger",
              "non_striker": "MR Marsh",
              "runs": {
                "batter": 0,
                "extras": 0,
                "total": 0
              }
            },
            {
              "batter": "SE Marsh",
              "bowler": "DE Bollinger",
              "non_striker": "MR Marsh",
              "runs": {
                "batter": 1,
                "extras": 0,
                "total": 1
              }
            },
            {
              "batter": "MR Marsh",
              "bowler": "DE Bollinger",
              "non_striker": "SE Marsh",
              "runs": {
                "batter": 4,
                "extras": 0,
                "total": 4
              }
            },
            {
              "batter": "MR Marsh",
              "bowler": "DE Bollinger",
              "non_striker": "SE Marsh",
              "runs": {
                "batter": 4,
                "extras": 0,
                "total": 4
              }
            },
            {
              "batter": "MR Marsh",
              "bowler": "DE Bollinger",
              "non_striker": "SE Marsh",
              "runs": {
                "batter": 1,
                "extras": 0,
                "total": 1
              }
            }
          ]
        },
        {
          "over": 19,
          "deliveries": [
            {
              "batter": "MR Marsh",
              "bowler": "XJ Doherty",
              "non_striker": "SE Marsh",
              "runs": {
                "batter": 6,
                "extras": 0,
                "total": 6
              }
            },
            {
              "batter": "MR Marsh",
              "bowler": "XJ Doherty",
              "extras": {
                "wides": 1
              },
              "non_striker": "SE Marsh",
              "runs": {
                "batter": 0,
                "extras": 1,
                "total": 1
              }
            },
            {
              "batter": "MR Marsh",
              "bowler": "XJ Doherty",
              "non_striker": "SE Marsh",
              "runs": {
                "batter": 2,
                "extras": 0,
                "total": 2
              }
            },
            {
              "batter": "MR Marsh",
              "bowler": "XJ Doherty",
              "non_striker": "SE Marsh",
              "runs": {
                "batter": 0,
                "extras": 0,
                "total": 0
              },
              "wickets": [
                {
                  "kind": "bowled",
                  "player_out": "MR Marsh"
                }
              ]
            },
            {
              "batter": "NM Coulter-Nile",
              "bowler": "XJ Doherty",
              "non_striker": "SE Marsh",
              "runs": {
                "batter": 2,
                "extras": 0,
                "total": 2
              }
            },
            {
              "batter": "NM Coulter-Nile",
              "bowler": "XJ Doherty",
              "non_striker": "SE Marsh",
              "runs": {
                "batter": 0,
                "extras": 0,
                "total": 0
              }
            },
            {
              "batter": "NM Coulter-Nile",
              "bowler": "XJ Doherty",
              "non_striker": "SE Marsh",
              "runs": {
                "batter": 2,
                "extras": 0,
                "total": 2
              }
            }
          ]
        }
      ],
      "powerplays": [
        {
          "from": 0.1,
          "to": 5.6,
          "type": "mandatory"
        }
      ]
    },
    {
      "team": "Hobart Hurricanes",
      "overs": [
        {
          "over": 0,
          "deliveries": [
            {
              "batter": "BR Dunk",
              "bowler": "NM Coulter-Nile",
              "non_striker": "TD Paine",
              "runs": {
                "batter": 0,
                "extras": 0,
                "total": 0
              }
            },
            {
              "batter": "BR Dunk",
              "bowler": "NM Coulter-Nile",
              "non_striker": "TD Paine",
              "runs": {
                "batter": 1,
                "extras": 0,
                "total": 1
              }
            },
            {
              "batter": "TD Paine",
              "bowler": "NM Coulter-Nile",
              "non_striker": "BR Dunk",
              "runs": {
                "batter": 0,
                "extras": 0,
                "total": 0
              }
            },
            {
              "batter": "TD Paine",
              "bowler": "NM Coulter-Nile",
              "non_striker": "BR Dunk",
              "runs": {
                "batter": 1,
                "extras": 0,
                "total": 1
              }
            },
            {
              "batter": "BR Dunk",
              "bowler": "NM Coulter-Nile",
              "non_striker": "TD Paine",
              "runs": {
                "batter": 0,
                "extras": 0,
                "total": 0
              }
            },
            {
              "batter": "BR Dunk",
              "bowler": "NM Coulter-Nile",
              "non_striker": "TD Paine",
              "runs": {
                "batter": 6,
                "extras": 0,
                "total": 6
              }
            }
          ]
        },
        {
          "over": 1,
          "deliveries": [
            {
              "batter": "TD Paine",
              "bowler": "JP Behrendorff",
              "non_striker": "BR Dunk",
              "runs": {
                "batter": 0,
                "extras": 0,
                "total": 0
              }
            },
            {
              "batter": "TD Paine",
              "bowler": "JP Behrendorff",
              "non_striker": "BR Dunk",
              "runs": {
                "batter": 1,
                "extras": 0,
                "total": 1
              }
            },
            {
              "batter": "BR Dunk",
              "bowler": "JP Behrendorff",
              "non_striker": "TD Paine",
              "runs": {
                "batter": 1,
                "extras": 0,
                "total": 1
              }
            },
            {
              "batter": "TD Paine",
              "bowler": "JP Behrendorff",
              "extras": {
                "legbyes": 1
              },
              "non_striker": "BR Dunk",
              "runs": {
                "batter": 0,
                "extras": 1,
                "total": 1
              }
            },
            {
              "batter": "BR Dunk",
              "bowler": "JP Behrendorff",
              "non_striker": "TD Paine",
              "runs": {
                "batter": 0,
                "extras": 0,
                "total": 0
              }
            },
            {
              "batter": "BR Dunk",
              "bowler": "JP Behrendorff",
              "non_striker": "TD Paine",
              "runs": {
                "batter": 0,
                "extras": 0,
                "total": 0
              }
            }
          ]
        },
        {
          "over": 2,
          "deliveries": [
            {
              "batter": "TD Paine",
              "bowler": "AC Thomas",
              "non_striker": "BR Dunk",
              "runs": {
                "batter": 1,
                "extras": 0,
                "total": 1
              }
            },
            {
              "batter": "BR Dunk",
              "bowler": "AC Thomas",
              "non_striker": "TD Paine",
              "runs": {
                "batter": 4,
                "extras": 0,
                "total": 4
              }
            },
            {
              "batter": "BR Dunk",
              "bowler": "AC Thomas",
              "non_striker": "TD Paine",
              "runs": {
                "batter": 1,
                "extras": 0,
                "total": 1
              }
            },
            {
              "batter": "TD Paine",
              "bowler": "AC Thomas",
              "non_striker": "BR Dunk",
              "runs": {
                "batter": 2,
                "extras": 0,
                "total": 2
              }
            },
            {
              "batter": "TD Paine",
              "bowler": "AC Thomas",
              "non_striker": "BR Dunk",
              "runs": {
                "batter": 1,
                "extras": 0,
                "total": 1
              }
            },
            {
              "batter": "BR Dunk",
              "bowler": "AC Thomas",
              "non_striker": "TD Paine",
              "runs": {
                "batter": 1,
                "extras": 0,
                "total": 1
              }
            }
          ]
        },
        {
          "over": 3,
          "deliveries": [
            {
              "batter": "BR Dunk",
              "bowler": "JP Behrendorff",
              "non_striker": "TD Paine",
              "runs": {
                "batter": 1,
                "extras": 0,
                "total": 1
              }
            },
            {
              "batter": "TD Paine",
              "bowler": "JP Behrendorff",
              "non_striker": "BR Dunk",
              "runs": {
                "batter": 1,
                "extras": 0,
                "total": 1
              }
            },
            {
              "batter": "BR Dunk",
              "bowler": "JP Behrendorff",
              "non_striker": "TD Paine",
              "runs": {
                "batter": 1,
                "extras": 0,
                "total": 1
              }
            },
            {
              "batter": "TD Paine",
              "bowler": "JP Behrendorff",
              "non_striker": "BR Dunk",
              "runs": {
                "batter": 0,
                "extras": 0,
                "total": 0
              },
              "wickets": [
                {
                  "kind": "bowled",
                  "player_out": "TD Paine"
                }
              ]
            },
            {
              "batter": "JW Wells",
              "bowler": "JP Behrendorff",
              "non_striker": "BR Dunk",
              "runs": {
                "batter": 0,
                "extras": 0,
                "total": 0
              }
            },
            {
              "batter": "JW Wells",
              "bowler": "JP Behrendorff",
              "non_striker": "BR Dunk",
              "runs": {
                "batter": 1,
                "extras": 0,
                "total": 1
              }
            }
          ]
        },
        {
          "over": 4,
          "deliveries": [
            {
              "batter": "JW Wells",
              "bowler": "AC Thomas",
              "non_striker": "BR Dunk",
              "runs": {
                "batter": 1,
                "extras": 0,
                "total": 1
              }
            },
            {
              "batter": "BR Dunk",
              "bowler": "AC Thomas",
              "non_striker": "JW Wells",
              "runs": {
                "batter": 1,
                "extras": 0,
                "total": 1
              }
            },
            {
              "batter": "JW Wells",
              "bowler": "AC Thomas",
              "non_striker": "BR Dunk",
              "runs": {
                "batter": 0,
                "extras": 0,
                "total": 0
              }
            },
            {
              "batter": "JW Wells",
              "bowler": "AC Thomas",
              "non_striker": "BR Dunk",
              "runs": {
                "batter": 0,
                "extras": 0,
                "total": 0
              }
            },
            {
              "batter": "JW Wells",
              "bowler": "AC Thomas",
              "non_striker": "BR Dunk",
              "runs": {
                "batter": 4,
                "extras": 0,
                "total": 4
              }
            },
            {
              "batter": "JW Wells",
              "bowler": "AC Thomas",
              "non_striker": "BR Dunk",
              "runs": {
                "batter": 1,
                "extras": 0,
                "total": 1
              }
            }
          ]
        },
        {
          "over": 5,
          "deliveries": [
            {
              "batter": "JW Wells",
              "bowler": "JP Behrendorff",
              "non_striker": "BR Dunk",
              "runs": {
                "batter": 4,
                "extras": 0,
                "total": 4
              }
            },
            {
              "batter": "JW Wells",
              "bowler": "JP Behrendorff",
              "non_striker": "BR Dunk",
              "runs": {
                "batter": 3,
                "extras": 0,
                "total": 3
              }
            },
            {
              "batter": "BR Dunk",
              "bowler": "JP Behrendorff",
              "non_striker": "JW Wells",
              "runs": {
                "batter": 0,
                "extras": 0,
                "total": 0
              },
              "wickets": [
                {
                  "kind": "caught",
                  "player_out": "BR Dunk",
                  "fielders": [
                    {
                      "name": "PJ Cummins"
                    }
                  ]
                }
              ]
            },
            {
              "batter": "JW Wells",
              "bowler": "JP Behrendorff",
              "non_striker": "GJ Bailey",
              "runs": {
                "batter": 1,
                "extras": 0,
                "total": 1
              }
            },
            {
              "batter": "GJ Bailey",
              "bowler": "JP Behrendorff",
              "non_striker": "JW Wells",
              "runs": {
                "batter": 1,
                "extras": 0,
                "total": 1
              }
            },
            {
              "batter": "JW Wells",
              "bowler": "JP Behrendorff",
              "non_striker": "GJ Bailey",
              "runs": {
                "batter": 1,
                "extras": 0,
                "total": 1
              }
            }
          ]
        },
        {
          "over": 6,
          "deliveries": [
            {
              "batter": "JW Wells",
              "bowler": "GB Hogg",
              "non_striker": "GJ Bailey",
              "runs": {
                "batter": 1,
                "extras": 0,
                "total": 1
              }
            },
            {
              "batter": "GJ Bailey",
              "bowler": "GB Hogg",
              "non_striker": "JW Wells",
              "runs": {
                "batter": 0,
                "extras": 0,
                "total": 0
              }
            },
            {
              "batter": "GJ Bailey",
              "bowler": "GB Hogg",
              "non_striker": "JW Wells",
              "runs": {
                "batter": 0,
                "extras": 0,
                "total": 0
              }
            },
            {
              "batter": "GJ Bailey",
              "bowler": "GB Hogg",
              "non_striker": "JW Wells",
              "runs": {
                "batter": 2,
                "extras": 0,
                "total": 2
              }
            },
            {
              "batter": "GJ Bailey",
              "bowler": "GB Hogg",
              "non_striker": "JW Wells",
              "runs": {
                "batter": 2,
                "extras": 0,
                "total": 2
              }
            },
            {
              "batter": "GJ Bailey",
              "bowler": "GB Hogg",
              "non_striker": "JW Wells",
              "runs": {
                "batter": 0,
                "extras": 0,
                "total": 0
              }
            }
          ]
        },
        {
          "over": 7,
          "deliveries": [
            {
              "batter": "JW Wells",
              "bowler": "PJ Cummins",
              "non_striker": "GJ Bailey",
              "runs": {
                "batter": 1,
                "extras": 0,
                "total": 1
              }
            },
            {
              "batter": "GJ Bailey",
              "bowler": "PJ Cummins",
              "non_striker": "JW Wells",
              "runs": {
                "batter": 0,
                "extras": 0,
                "total": 0
              }
            },
            {
              "batter": "GJ Bailey",
              "bowler": "PJ Cummins",
              "non_striker": "JW Wells",
              "runs": {
                "batter": 4,
                "extras": 0,
                "total": 4
              }
            },
            {
              "batter": "GJ Bailey",
              "bowler": "PJ Cummins",
              "extras": {
                "wides": 1
              },
              "non_striker": "JW Wells",
              "runs": {
                "batter": 0,
                "extras": 1,
                "total": 1
              }
            },
            {
              "batter": "GJ Bailey",
              "bowler": "PJ Cummins",
              "non_striker": "JW Wells",
              "runs": {
                "batter": 1,
                "extras": 0,
                "total": 1
              }
            },
            {
              "batter": "JW Wells",
              "bowler": "PJ Cummins",
              "non_striker": "GJ Bailey",
              "runs": {
                "batter": 1,
                "extras": 0,
                "total": 1
              }
            },
            {
              "batter": "GJ Bailey",
              "bowler": "PJ Cummins",
              "non_striker": "JW Wells",
              "runs": {
                "batter": 4,
                "extras": 0,
                "total": 4
              }
            }
          ]
        },
        {
          "over": 8,
          "deliveries": [
            {
              "batter": "JW Wells",
              "bowler": "GB Hogg",
              "non_striker": "GJ Bailey",
              "runs": {
                "batter": 1,
                "extras": 0,
                "total": 1
              }
            },
            {
              "batter": "GJ Bailey",
              "bowler": "GB Hogg",
              "non_striker": "JW Wells",
              "runs": {
                "batter": 1,
                "extras": 0,
                "total": 1
              }
            },
            {
              "batter": "JW Wells",
              "bowler": "GB Hogg",
              "non_striker": "GJ Bailey",
              "runs": {
                "batter": 0,
                "extras": 0,
                "total": 0
              }
            },
            {
              "batter": "JW Wells",
              "bowler": "GB Hogg",
              "non_striker": "GJ Bailey",
              "runs": {
                "batter": 0,
                "extras": 0,
                "total": 0
              }
            },
            {
              "batter": "JW Wells",
              "bowler": "GB Hogg",
              "non_striker": "GJ Bailey",
              "runs": {
                "batter": 1,
                "extras": 0,
                "total": 1
              }
            },
            {
              "batter": "GJ Bailey",
              "bowler": "GB Hogg",
              "non_striker": "JW Wells",
              "runs": {
                "batter": 2,
                "extras": 0,
                "total": 2
              }
            }
          ]
        },
        {
          "over": 9,
          "deliveries": [
            {
              "batter": "JW Wells",
              "bowler": "PJ Cummins",
              "non_striker": "GJ Bailey",
              "runs": {
                "batter": 1,
                "extras": 0,
                "total": 1
              }
            },
            {
              "batter": "GJ Bailey",
              "bowler": "PJ Cummins",
              "non_striker": "JW Wells",
              "runs": {
                "batter": 6,
                "extras": 0,
                "total": 6
              }
            },
            {
              "batter": "GJ Bailey",
              "bowler": "PJ Cummins",
              "non_striker": "JW Wells",
              "runs": {
                "batter": 1,
                "extras": 0,
                "total": 1
              }
            },
            {
              "batter": "JW Wells",
              "bowler": "PJ Cummins",
              "non_striker": "GJ Bailey",
              "runs": {
                "batter": 1,
                "extras": 0,
                "total": 1
              }
            },
            {
              "batter": "GJ Bailey",
              "bowler": "PJ Cummins",
              "non_striker": "JW Wells",
              "runs": {
                "batter": 1,
                "extras": 0,
                "total": 1
              }
            },
            {
              "batter": "JW Wells",
              "bowler": "PJ Cummins",
              "non_striker": "GJ Bailey",
              "runs": {
                "batter": 1,
                "extras": 0,
                "total": 1
              }
            }
          ]
        },
        {
          "over": 10,
          "deliveries": [
            {
              "batter": "JW Wells",
              "bowler": "GB Hogg",
              "non_striker": "GJ Bailey",
              "runs": {
                "batter": 0,
                "extras": 0,
                "total": 0
              }
            },
            {
              "batter": "JW Wells",
              "bowler": "GB Hogg",
              "non_striker": "GJ Bailey",
              "runs": {
                "batter": 0,
                "extras": 0,
                "total": 0
              },
              "wickets": [
                {
                  "kind": "stumped",
                  "player_out": "JW Wells",
                  "fielders": [
                    {
                      "name": "SM Whiteman"
                    }
                  ]
                }
              ]
            },
            {
              "batter": "TR Birt",
              "bowler": "GB Hogg",
              "non_striker": "GJ Bailey",
              "runs": {
                "batter": 0,
                "extras": 0,
                "total": 0
              }
            },
            {
              "batter": "TR Birt",
              "bowler": "GB Hogg",
              "non_striker": "GJ Bailey",
              "runs": {
                "batter": 1,
                "extras": 0,
                "total": 1
              }
            },
            {
              "batter": "GJ Bailey",
              "bowler": "GB Hogg",
              "non_striker": "TR Birt",
              "runs": {
                "batter": 1,
                "extras": 0,
                "total": 1
              }
            },
            {
              "batter": "TR Birt",
              "bowler": "GB Hogg",
              "non_striker": "GJ Bailey",
              "runs": {
                "batter": 0,
                "extras": 0,
                "total": 0
              }
            }
          ]
        },
        {
          "over": 11,
          "deliveries": [
            {
              "batter": "GJ Bailey",
              "bowler": "NM Coulter-Nile",
              "non_striker": "TR Birt",
              "runs": {
                "batter": 1,
                "extras": 0,
                "total": 1
              }
            },
            {
              "batter": "TR Birt",
              "bowler": "NM Coulter-Nile",
              "extras": {
                "legbyes": 1
              },
              "non_striker": "GJ Bailey",
              "runs": {
                "batter": 0,
                "extras": 1,
                "total": 1
              }
            },
            {
              "batter": "GJ Bailey",
              "bowler": "NM Coulter-Nile",
              "non_striker": "TR Birt",
              "runs": {
                "batter": 1,
                "extras": 0,
                "total": 1
              }
            },
            {
              "batter": "TR Birt",
              "bowler": "NM Coulter-Nile",
              "non_striker": "GJ Bailey",
              "runs": {
                "batter": 1,
                "extras": 0,
                "total": 1
              }
            },
            {
              "batter": "GJ Bailey",
              "bowler": "NM Coulter-Nile",
              "non_striker": "TR Birt",
              "runs": {
                "batter": 4,
                "extras": 0,
                "total": 4
              }
            },
            {
              "batter": "GJ Bailey",
              "bowler": "NM Coulter-Nile",
              "non_striker": "TR Birt",
              "runs": {
                "batter": 6,
                "extras": 0,
                "total": 6
              }
            }
          ]
        },
        {
          "over": 12,
          "deliveries": [
            {
              "batter": "TR Birt",
              "bowler": "GB Hogg",
              "non_striker": "GJ Bailey",
              "runs": {
                "batter": 0,
                "extras": 0,
                "total": 0
              },
              "wickets": [
                {
                  "kind": "caught",
                  "player_out": "TR Birt",
                  "fielders": [
                    {
                      "name": "AC Voges"
                    }
                  ]
                }
              ]
            },
            {
              "batter": "GJ Bailey",
              "bowler": "GB Hogg",
              "non_striker": "EP Gulbis",
              "runs": {
                "batter": 0,
                "extras": 0,
                "total": 0
              }
            },
            {
              "batter": "GJ Bailey",
              "bowler": "GB Hogg",
              "non_striker": "EP Gulbis",
              "runs": {
                "batter": 2,
                "extras": 0,
                "total": 2
              }
            },
            {
              "batter": "GJ Bailey",
              "bowler": "GB Hogg",
              "non_striker": "EP Gulbis",
              "runs": {
                "batter": 2,
                "extras": 0,
                "total": 2
              }
            },
            {
              "batter": "GJ Bailey",
              "bowler": "GB Hogg",
              "non_striker": "EP Gulbis",
              "runs": {
                "batter": 1,
                "extras": 0,
                "total": 1
              }
            },
            {
              "batter": "EP Gulbis",
              "bowler": "GB Hogg",
              "non_striker": "GJ Bailey",
              "runs": {
                "batter": 0,
                "extras": 0,
                "total": 0
              }
            }
          ]
        },
        {
          "over": 13,
          "deliveries": [
            {
              "batter": "GJ Bailey",
              "bowler": "JP Behrendorff",
              "non_striker": "EP Gulbis",
              "runs": {
                "batter": 4,
                "extras": 0,
                "total": 4
              }
            },
            {
              "batter": "GJ Bailey",
              "bowler": "JP Behrendorff",
              "extras": {
                "legbyes": 1
              },
              "non_striker": "EP Gulbis",
              "runs": {
                "batter": 0,
                "extras": 1,
                "total": 1
              }
            },
            {
              "batter": "EP Gulbis",
              "bowler": "JP Behrendorff",
              "non_striker": "GJ Bailey",
              "runs": {
                "batter": 1,
                "extras": 0,
                "total": 1
              }
            },
            {
              "batter": "GJ Bailey",
              "bowler": "JP Behrendorff",
              "non_striker": "EP Gulbis",
              "runs": {
                "batter": 1,
                "extras": 0,
                "total": 1
              }
            },
            {
              "batter": "EP Gulbis",
              "bowler": "JP Behrendorff",
              "non_striker": "GJ Bailey",
              "runs": {
                "batter": 1,
                "extras": 0,
                "total": 1
              }
            },
            {
              "batter": "GJ Bailey",
              "bowler": "JP Behrendorff",
              "non_striker": "EP Gulbis",
              "runs": {
                "batter": 1,
                "extras": 0,
                "total": 1
              }
            }
          ]
        },
        {
          "over": 14,
          "deliveries": [
            {
              "batter": "GJ Bailey",
              "bowler": "PJ Cummins",
              "non_striker": "EP Gulbis",
              "runs": {
                "batter": 1,
                "extras": 0,
                "total": 1
              }
            },
            {
              "batter": "EP Gulbis",
              "bowler": "PJ Cummins",
              "extras": {
                "legbyes": 1
              },
              "non_striker": "GJ Bailey",
              "runs": {
                "batter": 0,
                "extras": 1,
                "total": 1
              }
            },
            {
              "batter": "GJ Bailey",
              "bowler": "PJ Cummins",
              "non_striker": "EP Gulbis",
              "runs": {
                "batter": 4,
                "extras": 0,
                "total": 4
              }
            },
            {
              "batter": "GJ Bailey",
              "bowler": "PJ Cummins",
              "non_striker": "EP Gulbis",
              "runs": {
                "batter": 4,
                "extras": 0,
                "total": 4
              }
            },
            {
              "batter": "GJ Bailey",
              "bowler": "PJ Cummins",
              "non_striker": "EP Gulbis",
              "runs": {
                "batter": 0,
                "extras": 0,
                "total": 0
              },
              "wickets": [
                {
                  "kind": "caught",
                  "player_out": "GJ Bailey",
                  "fielders": [
                    {
                      "name": "AC Thomas"
                    }
                  ]
                }
              ]
            },
            {
              "batter": "EP Gulbis",
              "bowler": "PJ Cummins",
              "non_striker": "BW Hilfenhaus",
              "runs": {
                "batter": 4,
                "extras": 0,
                "total": 4
              }
            }
          ]
        },
        {
          "over": 15,
          "deliveries": [
            {
              "batter": "BW Hilfenhaus",
              "bowler": "AC Thomas",
              "non_striker": "EP Gulbis",
              "runs": {
                "batter": 1,
                "extras": 0,
                "total": 1
              }
            },
            {
              "batter": "EP Gulbis",
              "bowler": "AC Thomas",
              "non_striker": "BW Hilfenhaus",
              "runs": {
                "batter": 0,
                "extras": 0,
                "total": 0
              },
              "wickets": [
                {
                  "kind": "caught",
                  "player_out": "EP Gulbis",
                  "fielders": [
                    {
                      "name": "SM Katich"
                    }
                  ]
                }
              ]
            },
            {
              "batter": "AD Mascarenhas",
              "bowler": "AC Thomas",
              "non_striker": "BW Hilfenhaus",
              "runs": {
                "batter": 1,
                "extras": 0,
                "total": 1
              }
            },
            {
              "batter": "BW Hilfenhaus",
              "bowler": "AC Thomas",
              "non_striker": "AD Mascarenhas",
              "runs": {
                "batter": 0,
                "extras": 0,
                "total": 0
              }
            },
            {
              "batter": "BW Hilfenhaus",
              "bowler": "AC Thomas",
              "non_striker": "AD Mascarenhas",
              "runs": {
                "batter": 1,
                "extras": 0,
                "total": 1
              }
            },
            {
              "batter": "AD Mascarenhas",
              "bowler": "AC Thomas",
              "non_striker": "BW Hilfenhaus",
              "runs": {
                "batter": 0,
                "extras": 0,
                "total": 0
              }
            }
          ]
        },
        {
          "over": 16,
          "deliveries": [
            {
              "batter": "BW Hilfenhaus",
              "bowler": "PJ Cummins",
              "extras": {
                "wides": 1
              },
              "non_striker": "AD Mascarenhas",
              "runs": {
                "batter": 0,
                "extras": 1,
                "total": 1
              }
            },
            {
              "batter": "BW Hilfenhaus",
              "bowler": "PJ Cummins",
              "non_striker": "AD Mascarenhas",
              "runs": {
                "batter": 1,
                "extras": 0,
                "total": 1
              }
            },
            {
              "batter": "AD Mascarenhas",
              "bowler": "PJ Cummins",
              "non_striker": "BW Hilfenhaus",
              "runs": {
                "batter": 6,
                "extras": 0,
                "total": 6
              }
            },
            {
              "batter": "AD Mascarenhas",
              "bowler": "PJ Cummins",
              "non_striker": "BW Hilfenhaus",
              "runs": {
                "batter": 0,
                "extras": 0,
                "total": 0
              }
            },
            {
              "batter": "AD Mascarenhas",
              "bowler": "PJ Cummins",
              "non_striker": "BW Hilfenhaus",
              "runs": {
                "batter": 1,
                "extras": 0,
                "total": 1
              }
            },
            {
              "batter": "BW Hilfenhaus",
              "bowler": "PJ Cummins",
              "non_striker": "AD Mascarenhas",
              "runs": {
                "batter": 1,
                "extras": 0,
                "total": 1
              }
            },
            {
              "batter": "AD Mascarenhas",
              "bowler": "PJ Cummins",
              "non_striker": "BW Hilfenhaus",
              "runs": {
                "batter": 1,
                "extras": 0,
                "total": 1
              }
            }
          ]
        },
        {
          "over": 17,
          "deliveries": [
            {
              "batter": "AD Mascarenhas",
              "bowler": "NM Coulter-Nile",
              "non_striker": "BW Hilfenhaus",
              "runs": {
                "batter": 1,
                "extras": 0,
                "total": 1
              }
            },
            {
              "batter": "BW Hilfenhaus",
              "bowler": "NM Coulter-Nile",
              "non_striker": "AD Mascarenhas",
              "runs": {
                "batter": 1,
                "extras": 0,
                "total": 1
              }
            },
            {
              "batter": "AD Mascarenhas",
              "bowler": "NM Coulter-Nile",
              "non_striker": "BW Hilfenhaus",
              "runs": {
                "batter": 2,
                "extras": 0,
                "total": 2
              }
            },
            {
              "batter": "AD Mascarenhas",
              "bowler": "NM Coulter-Nile",
              "non_striker": "BW Hilfenhaus",
              "runs": {
                "batter": 1,
                "extras": 0,
                "total": 1
              }
            },
            {
              "batter": "BW Hilfenhaus",
              "bowler": "NM Coulter-Nile",
              "non_striker": "AD Mascarenhas",
              "runs": {
                "batter": 1,
                "extras": 0,
                "total": 1
              }
            },
            {
              "batter": "AD Mascarenhas",
              "bowler": "NM Coulter-Nile",
              "non_striker": "BW Hilfenhaus",
              "runs": {
                "batter": 1,
                "extras": 0,
                "total": 1
              }
            }
          ]
        },
        {
          "over": 18,
          "deliveries": [
            {
              "batter": "AD Mascarenhas",
              "bowler": "AC Thomas",
              "non_striker": "BW Hilfenhaus",
              "runs": {
                "batter": 1,
                "extras": 0,
                "total": 1
              }
            },
            {
              "batter": "BW Hilfenhaus",
              "bowler": "AC Thomas",
              "non_striker": "AD Mascarenhas",
              "runs": {
                "batter": 1,
                "extras": 0,
                "total": 1
              }
            },
            {
              "batter": "AD Mascarenhas",
              "bowler": "AC Thomas",
              "non_striker": "BW Hilfenhaus",
              "runs": {
                "batter": 1,
                "extras": 0,
                "total": 1
              }
            },
            {
              "batter": "BW Hilfenhaus",
              "bowler": "AC Thomas",
              "non_striker": "AD Mascarenhas",
              "runs": {
                "batter": 0,
                "extras": 0,
                "total": 0
              }
            },
            {
              "batter": "BW Hilfenhaus",
              "bowler": "AC Thomas",
              "extras": {
                "byes": 1
              },
              "non_striker": "AD Mascarenhas",
              "runs": {
                "batter": 0,
                "extras": 1,
                "total": 1
              }
            },
            {
              "batter": "AD Mascarenhas",
              "bowler": "AC Thomas",
              "non_striker": "BW Hilfenhaus",
              "runs": {
                "batter": 0,
                "extras": 0,
                "total": 0
              },
              "wickets": [
                {
                  "kind": "caught",
                  "player_out": "AD Mascarenhas",
                  "fielders": [
                    {
                      "name": "SM Katich"
                    }
                  ]
                }
              ]
            }
          ]
        },
        {
          "over": 19,
          "deliveries": [
            {
              "batter": "BW Hilfenhaus",
              "bowler": "NM Coulter-Nile",
              "non_striker": "CJ Boyce",
              "runs": {
                "batter": 1,
                "extras": 0,
                "total": 1
              }
            },
            {
              "batter": "CJ Boyce",
              "bowler": "NM Coulter-Nile",
              "extras": {
                "legbyes": 1
              },
              "non_striker": "BW Hilfenhaus",
              "runs": {
                "batter": 0,
                "extras": 1,
                "total": 1
              }
            },
            {
              "batter": "BW Hilfenhaus",
              "bowler": "NM Coulter-Nile",
              "non_striker": "CJ Boyce",
              "runs": {
                "batter": 1,
                "extras": 0,
                "total": 1
              }
            },
            {
              "batter": "CJ Boyce",
              "bowler": "NM Coulter-Nile",
              "non_striker": "BW Hilfenhaus",
              "runs": {
                "batter": 0,
                "extras": 0,
                "total": 0
              }
            },
            {
              "batter": "CJ Boyce",
              "bowler": "NM Coulter-Nile",
              "non_striker": "BW Hilfenhaus",
              "runs": {
                "batter": 1,
                "extras": 0,
                "total": 1
              }
            },
            {
              "batter": "BW Hilfenhaus",
              "bowler": "NM Coulter-Nile",
              "non_striker": "CJ Boyce",
              "runs": {
                "batter": 4,
                "extras": 0,
                "total": 4
              }
            }
          ]
        }
      ],
      "powerplays": [
        {
          "from": 0.1,
          "to": 5.6,
          "type": "mandatory"
        }
      ],
      "target": {
        "overs": 20,
        "runs": 192
      }
    }
  ]
}