{
  "meta": {
    "data_version": "1.0.0",
    "created": "2017-04-20",
    "revision": 1
  },
  "info": {
    "balls_per_over": 6,
    "dates": [
      "2015-01-24"
    ],
    "event": {
      "name": "Big Bash League",
      "stage": "Semi Final"
    },
    "gender": "male",
    "match_type": "T20",
    "officials": {
      "match_referees": [
        "DJ Harper"
      ],
      "reserve_umpires": [
        "L Uthenwoldt"
      ],
      "tv_umpires": [
        "SAJ Craig"
      ],
      "umpires": [
        "GA Abood",
        "MD Martell"
      ]
    },
    "outcome": {
      "by": {
        "runs": 87
      },
      "winner": "Sydney Sixers"
    },
    "overs": 20,
    "player_of_match": [
      "NJ Maddinson"
    ],
    "players": {
      "Adelaide Strikers": [
        "CJ Simmons",
        "TP Ludeman",
        "TM Head",
        "BJ Hodge",
        "RN ten Doeschate",
        "J Botha",
        "AI Ross",
        "KW Richardson",
        "A Zampa",
        "B Laughlin",
        "SW Tait"
      ],
      "Sydney Sixers": [
        "MH Wessels",
        "MJ Lumb",
        "NJ Maddinson",
        "MC Henriques",
        "JC Silk",
        "RGL Carters",
        "SA Abbott",
        "SNJ O'Keefe",
        "B Lee",
        "NM Lyon",
        "DE Bollinger"
      ]
    },
    "registry": {
      "people": {
        "A Zampa": "14f96089",
        "AI Ross": "fb0d68b4",
        "B Laughlin": "b2a79f17",
        "B Lee": "dd09ff8e",
        "BJ Hodge": "b57f8a9a",
        "CJ Simmons": "0095ce38",
        "DE Bollinger": "45c2196c",
        "DJ Harper": "0ec08b27",
        "GA Abood": "a4af5528",
        "J Botha": "7c503806",
        "JC Silk": "7a6dc294",
        "KW Richardson": "dfc4d8b5",
        "L Uthenwoldt": "021223ce",
        "MC Henriques": "32198ae0",
        "MD Martell": "487c072e",
        "MH Wessels": "90f47cf2",
        "MJ Lumb": "11df3dc8",
        "NJ Maddinson": "44afbf2d",
        "NM Lyon": "96a6a7ad",
        "RGL Carters": "f54c8804",
        "RN ten Doeschate": "4ec07775",
        "SA Abbott": "1a2676c5",
        "SAJ Craig": "689f2eed",
        "SNJ O'Keefe": "3540beff",
        "SW Tait": "addfb70e",
        "TM Head": "12b610c2",
        "TP Ludeman": "c3f7898b"
      }
    },
    "season": "2014/15",
    "team_type": "club",
    "teams": [
      "Adelaide Strikers",
      "Sydney Sixers"
    ],
    "toss": {
      "decision": "bat",
      "winner": "Sydney Sixers"
    },
    "venue": "Adelaide Oval"
  },
  "innings": [
    {
      "team": "Sydney Sixers",
      "overs": [
        {
          "over": 0,
          "deliveries": [
            {
              "batter": "MH Wessels",
              "bowler": "J Botha",
              "non_striker": "MJ Lumb",
              "runs": {
                "batter": 1,
                "extras": 0,
                "total": 1
              }
            },
            {
              "batter": "MJ Lumb",
              "bowler": "J Botha",
              "non_striker": "MH Wessels",
              "runs": {
                "batter": 4,
                "extras": 0,
                "total": 4
              }
            },
            {
              "batter": "MJ Lumb",
              "bowler": "J Botha",
              "non_striker": "MH Wessels",
              "runs": {
                "batter": 0,
                "extras": 0,
                "total": 0
              }
            },
            {
              "batter": "MJ Lumb",
              "bowler": "J Botha",
              "non_striker": "MH Wessels",
              "runs": {
                "batter": 0,
                "extras": 0,
                "total": 0
              }
            },
            {
              "batter": "MJ Lumb",
              "bowler": "J Botha",
              "non_striker": "MH Wessels",
              "runs": {
                "batter": 0,
                "extras": 0,
                "total": 0
              }
            },
            {
              "batter": "MJ Lumb",
              "bowler": "J Botha",
              "non_striker": "MH Wessels",
              "runs": {
                "batter": 1,
                "extras": 0,
                "total": 1
              }
            }
          ]
        },
        {
          "over": 1,
          "deliveries": [
            {
              "batter": "MJ Lumb",
              "bowler": "KW Richardson",
              "non_striker": "MH Wessels",
              "runs": {
                "batter": 0,
                "extras": 0,
                "total": 0
              }
            },
            {
              "batter": "MJ Lumb",
              "bowler": "KW Richardson",
              "non_striker": "MH Wessels",
              "runs": {
                "batter": 0,
                "extras": 0,
                "total": 0
              }
            },
            {
              "batter": "MJ Lumb",
              "bowler": "KW Richardson",
              "non_striker": "MH Wessels",
              "runs": {
                "batter": 4,
                "extras": 0,
                "total": 4
              }
            },
            {
              "batter": "MJ Lumb",
              "bowler": "KW Richardson",
              "non_striker": "MH Wessels",
              "runs": {
                "batter": 0,
                "extras": 0,
                "total": 0
              }
            },
            {
              "batter": "MJ Lumb",
              "bowler": "KW Richardson",
              "non_striker": "MH Wessels",
              "runs": {
                "batter": 0,
                "extras": 0,
                "total": 0
              }
            },
            {
              "batter": "MJ Lumb",
              "bowler": "KW Richardson",
              "non_striker": "MH Wessels",
              "runs": {
                "batter": 4,
                "extras": 0,
                "total": 4
              }
            }
          ]
        },
        {
          "over": 2,
          "deliveries": [
            {
              "batter": "MH Wessels",
              "bowler": "J Botha",
              "non_striker": "MJ Lumb",
              "runs": {
                "batter": 0,
                "extras": 0,
                "total": 0
              }
            },
            {
              "batter": "MH Wessels",
              "bowler": "J Botha",
              "non_striker": "MJ Lumb",
              "runs": {
                "batter": 2,
                "extras": 0,
                "total": 2
              }
            },
            {
              "batter": "MH Wessels",
              "bowler": "J Botha",
              "non_striker": "MJ Lumb",
              "runs": {
                "batter": 0,
                "extras": 0,
                "total": 0
              }
            },
            {
              "batter": "MH Wessels",
              "bowler": "J Botha",
              "non_striker": "MJ Lumb",
              "runs": {
                "batter": 4,
                "extras": 0,
                "total": 4
              }
            },
            {
              "batter": "MH Wessels",
              "bowler": "J Botha",
              "non_striker": "MJ Lumb",
              "runs": {
                "batter": 1,
                "extras": 0,
                "total": 1
              }
            },
            {
              "batter": "MJ Lumb",
              "bowler": "J Botha",
              "non_striker": "MH Wessels",
              "runs": {
                "batter": 0,
                "extras": 0,
                "total": 0
              }
            }
          ]
        },
        {
          "over": 3,
          "deliveries": [
            {
              "batter": "MH Wessels",
              "bowler": "KW Richardson",
              "non_striker": "MJ Lumb",
              "runs": {
                "batter": 1,
                "extras": 0,
                "total": 1
              }
            },
            {
              "batter": "MJ Lumb",
              "bowler": "KW Richardson",
              "non_striker": "MH Wessels",
              "runs": {
                "batter": 6,
                "extras": 0,
                "total": 6
              }
            },
            {
              "batter": "MJ Lumb",
              "bowler": "KW Richardson",
              "non_striker": "MH Wessels",
              "runs": {
                "batter": 4,
                "extras": 0,
                "total": 4
              }
            },
            {
              "batter": "MJ Lumb",
              "bowler": "KW Richardson",
              "non_striker": "MH Wessels",
              "runs": {
                "batter": 1,
                "extras": 0,
                "total": 1
              }
            },
            {
              "batter": "MH Wessels",
              "bowler": "KW Richardson",
              "non_striker": "MJ Lumb",
              "runs": {
                "batter": 0,
                "extras": 0,
                "total": 0
              }
            },
            {
              "batter": "MH Wessels",
              "bowler": "KW Richardson",
              "non_striker": "MJ Lumb",
              "runs": {
                "batter": 0,
                "extras": 0,
                "total": 0
              }
            }
          ]
        },
        {
          "over": 4,
          "deliveries": [
            {
              "batter": "MJ Lumb",
              "bowler": "B Laughlin",
              "non_striker": "MH Wessels",
              "runs": {
                "batter": 4,
                "extras": 0,
                "total": 4
              }
            },
            {
              "batter": "MJ Lumb",
              "bowler": "B Laughlin",
              "non_striker": "MH Wessels",
              "runs": {
                "batter": 0,
                "extras": 0,
                "total": 0
              }
            },
            {
              "batter": "MJ Lumb",
              "bowler": "B Laughlin",
              "non_striker": "MH Wessels",
              "runs": {
                "batter": 4,
                "extras": 0,
                "total": 4
              }
            },
            {
              "batter": "MJ Lumb",
              "bowler": "B Laughlin",
              "non_striker": "MH Wessels",
              "runs": {
                "batter": 0,
                "extras": 0,
                "total": 0
              },
              "wickets": [
                {
                  "kind": "run out",
                  "player_out": "MJ Lumb",
                  "fielders": [
                    {
                      "name": "TM Head"
                    },
                    {
                      "name": "TP Ludeman"
                    }
                  ]
                }
              ]
            },
            {
              "batter": "NJ Maddinson",
              "bowler": "B Laughlin",
              "non_striker": "MH Wessels",
              "runs": {
                "batter": 1,
                "extras": 0,
                "total": 1
              }
            },
            {
              "batter": "MH Wessels",
              "bowler": "B Laughlin",
              "non_striker": "NJ Maddinson",
              "runs": {
                "batter": 4,
                "extras": 0,
                "total": 4
              }
            }
          ]
        },
        {
          "over": 5,
          "deliveries": [
            {
              "batter": "NJ Maddinson",
              "bowler": "SW Tait",
              "non_striker": "MH Wessels",
              "runs": {
                "batter": 1,
                "extras": 0,
                "total": 1
              }
            },
            {
              "batter": "MH Wessels",
              "bowler": "SW Tait",
              "non_striker": "NJ Maddinson",
              "runs": {
                "batter": 4,
                "extras": 0,
                "total": 4
              }
            },
            {
              "batter": "MH Wessels",
              "bowler": "SW Tait",
              "non_striker": "NJ Maddinson",
              "runs": {
                "batter": 1,
                "extras": 0,
                "total": 1
              }
            },
            {
              "batter": "NJ Maddinson",
              "bowler": "SW Tait",
              "non_striker": "MH Wessels",
              "runs": {
                "batter": 0,
                "extras": 0,
                "total": 0
              }
            },
            {
              "batter": "NJ Maddinson",
              "bowler": "SW Tait",
              "non_striker": "MH Wessels",
              "runs": {
                "batter": 0,
                "extras": 0,
                "total": 0
              }
            },
            {
              "batter": "NJ Maddinson",
              "bowler": "SW Tait",
              "non_striker": "MH Wessels",
              "runs": {
                "batter": 0,
                "extras": 0,
                "total": 0
              }
            }
          ]
        },
        {
          "over": 6,
          "deliveries": [
            {
              "batter": "MH Wessels",
              "bowler": "A Zampa",
              "non_striker": "NJ Maddinson",
              "runs": {
                "batter": 1,
                "extras": 0,
                "total": 1
              }
            },
            {
              "batter": "NJ Maddinson",
              "bowler": "A Zampa",
              "non_striker": "MH Wessels",
              "runs": {
                "batter": 0,
                "extras": 0,
                "total": 0
              }
            },
            {
              "batter": "NJ Maddinson",
              "bowler": "A Zampa",
              "non_striker": "MH Wessels",
              "runs": {
                "batter": 1,
                "extras": 0,
                "total": 1
              }
            },
            {
              "batter": "MH Wessels",
              "bowler": "A Zampa",
              "non_striker": "NJ Maddinson",
              "runs": {
                "batter": 1,
                "extras": 0,
                "total": 1
              }
            },
            {
              "batter": "NJ Maddinson",
              "bowler": "A Zampa",
              "non_striker": "MH Wessels",
              "runs": {
                "batter": 1,
                "extras": 0,
                "total": 1
              }
            },
            {
              "batter": "MH Wessels",
              "bowler": "A Zampa",
              "non_striker": "NJ Maddinson",
              "runs": {
                "batter": 0,
                "extras": 0,
                "total": 0
              }
            }
          ]
        },
        {
          "over": 7,
          "deliveries": [
            {
              "batter": "NJ Maddinson",
              "bowler": "SW Tait",
              "non_striker": "MH Wessels",
              "runs": {
                "batter": 1,
                "extras": 0,
                "total": 1
              }
            },
            {
              "batter": "MH Wessels",
              "bowler": "SW Tait",
              "non_striker": "NJ Maddinson",
              "runs": {
                "batter": 0,
                "extras": 0,
                "total": 0
              }
            },
            {
              "batter": "MH Wessels",
              "bowler": "SW Tait",
              "non_striker": "NJ Maddinson",
              "runs": {
                "batter": 0,
                "extras": 0,
                "total": 0
              }
            },
            {
              "batter": "MH Wessels",
              "bowler": "SW Tait",
              "non_striker": "NJ Maddinson",
              "runs": {
                "batter": 0,
                "extras": 0,
                "total": 0
              }
            },
            {
              "batter": "MH Wessels",
              "bowler": "SW Tait",
              "non_striker": "NJ Maddinson",
              "runs": {
                "batter": 0,
                "extras": 0,
                "total": 0
              }
            },
            {
              "batter": "MH Wessels",
              "bowler": "SW Tait",
              "non_striker": "NJ Maddinson",
              "runs": {
                "batter": 0,
                "extras": 0,
                "total": 0
              }
            }
          ]
        },
        {
          "over": 8,
          "deliveries": [
            {
              "batter": "NJ Maddinson",
              "bowler": "A Zampa",
              "non_striker": "MH Wessels",
              "runs": {
                "batter": 1,
                "extras": 0,
                "total": 1
              }
            },
            {
              "batter": "MH Wessels",
              "bowler": "A Zampa",
              "non_striker": "NJ Maddinson",
              "runs": {
                "batter": 1,
                "extras": 0,
                "total": 1
              }
            },
            {
              "batter": "NJ Maddinson",
              "bowler": "A Zampa",
              "non_striker": "MH Wessels",
              "runs": {
                "batter": 1,
                "extras": 0,
                "total": 1
              }
            },
            {
              "batter": "MH Wessels",
              "bowler": "A Zampa",
              "non_striker": "NJ Maddinson",
              "runs": {
                "batter": 1,
                "extras": 0,
                "total": 1
              }
            },
            {
              "batter": "NJ Maddinson",
              "bowler": "A Zampa",
              "non_striker": "MH Wessels",
              "runs": {
                "batter": 6,
                "extras": 0,
                "total": 6
              }
            },
            {
              "batter": "NJ Maddinson",
              "bowler": "A Zampa",
              "extras": {
                "wides": 1
              },
              "non_striker": "MH Wessels",
              "runs": {
                "batter": 0,
                "extras": 1,
                "total": 1
              }
            },
            {
              "batter": "NJ Maddinson",
              "bowler": "A Zampa",
              "non_striker": "MH Wessels",
              "runs": {
                "batter": 1,
                "extras": 0,
                "total": 1
              }
            }
          ]
        },
        {
          "over": 9,
          "deliveries": [
            {
              "batter": "NJ Maddinson",
              "bowler": "SW Tait",
              "non_striker": "MH Wessels",
              "runs": {
                "batter": 1,
                "extras": 0,
                "total": 1
              }
            },
            {
              "batter": "MH Wessels",
              "bowler": "SW Tait",
              "non_striker": "NJ Maddinson",
              "runs": {
                "batter": 2,
                "extras": 0,
                "total": 2
              }
            },
            {
              "batter": "MH Wessels",
              "bowler": "SW Tait",
              "non_striker": "NJ Maddinson",
              "runs": {
                "batter": 0,
                "extras": 0,
                "total": 0
              },
              "wickets": [
                {
                  "kind": "bowled",
                  "player_out": "MH Wessels"
                }
              ]
            },
            {
              "batter": "MC Henriques",
              "bowler": "SW Tait",
              "non_striker": "NJ Maddinson",
              "runs": {
                "batter": 0,
                "extras": 0,
                "total": 0
              }
            },
            {
              "batter": "MC Henriques",
              "bowler": "SW Tait",
              "non_striker": "NJ Maddinson",
              "runs": {
                "batter": 1,
                "extras": 0,
                "total": 1
              }
            },
            {
              "batter": "NJ Maddinson",
              "bowler": "SW Tait",
              "extras": {
                "wides": 1
              },
              "non_striker": "MC Henriques",
              "runs": {
                "batter": 0,
                "extras": 1,
                "total": 1
              }
            },
            {
              "batter": "NJ Maddinson",
              "bowler": "SW Tait",
              "non_striker": "MC Henriques",
              "runs": {
                "batter": 1,
                "extras": 0,
                "total": 1
              }
            }
          ]
        },
        {
          "over": 10,
          "deliveries": [
            {
              "batter": "NJ Maddinson",
              "bowler": "A Zampa",
              "non_striker": "MC Henriques",
              "runs": {
                "batter": 0,
                "extras": 0,
                "total": 0
              }
            },
            {
              "batter": "NJ Maddinson",
              "bowler": "A Zampa",
              "non_striker": "MC Henriques",
              "runs": {
                "batter": 2,
                "extras": 0,
                "total": 2
              }
            },
            {
              "batter": "NJ Maddinson",
              "bowler": "A Zampa",
              "non_striker": "MC Henriques",
              "runs": {
                "batter": 0,
                "extras": 0,
                "total": 0
              }
            },
            {
              "batter": "NJ Maddinson",
              "bowler": "A Zampa",
              "non_striker": "MC Henriques",
              "runs": {
                "batter": 2,
                "extras": 0,
                "total": 2
              }
            },
            {
              "batter": "NJ Maddinson",
              "bowler": "A Zampa",
              "non_striker": "MC Henriques",
              "runs": {
                "batter": 1,
                "extras": 0,
                "total": 1
              }
            },
            {
              "batter": "MC Henriques",
              "bowler": "A Zampa",
              "non_striker": "NJ Maddinson",
              "runs": {
                "batter": 0,
                "extras": 0,
                "total": 0
              }
            }
          ]
        },
        {
          "over": 11,
          "deliveries": [
            {
              "batter": "NJ Maddinson",
              "bowler": "J Botha",
              "non_striker": "MC Henriques",
              "runs": {
                "batter": 1,
                "extras": 0,
                "total": 1
              }
            },
            {
              "batter": "MC Henriques",
              "bowler": "J Botha",
              "non_striker": "NJ Maddinson",
              "runs": {
                "batter": 1,
                "extras": 0,
                "total": 1
              }
            },
            {
              "batter": "NJ Maddinson",
              "bowler": "J Botha",
              "non_striker": "MC Henriques",
              "runs": {
                "batter": 0,
                "extras": 0,
                "total": 0
              }
            },
            {
              "batter": "NJ Maddinson",
              "bowler": "J Botha",
              "non_striker": "MC Henriques",
              "runs": {
                "batter": 0,
                "extras": 0,
                "total": 0
              }
            },
            {
              "batter": "NJ Maddinson",
              "bowler": "J Botha",
              "non_striker": "MC Henriques",
              "runs": {
                "batter": 0,
                "extras": 0,
                "total": 0
              }
            },
            {
              "batter": "NJ Maddinson",
              "bowler": "J Botha",
              "non_striker": "MC Henriques",
              "runs": {
                "batter": 1,
                "extras": 0,
                "total": 1
              }
            }
          ]
        },
        {
          "over": 12,
          "deliveries": [
            {
              "batter": "NJ Maddinson",
              "bowler": "B Laughlin",
              "non_striker": "MC Henriques",
              "runs": {
                "batter": 2,
                "extras": 0,
                "total": 2
              }
            },
            {
              "batter": "NJ Maddinson",
              "bowler": "B Laughlin",
              "non_striker": "MC Henriques",
              "runs": {
                "batter": 1,
                "extras": 0,
                "total": 1
              }
            },
            {
              "batter": "MC Henriques",
              "bowler": "B Laughlin",
              "non_striker": "NJ Maddinson",
              "runs": {
                "batter": 1,
                "extras": 0,
                "total": 1
              }
            },
            {
              "batter": "NJ Maddinson",
              "bowler": "B Laughlin",
              "non_striker": "MC Henriques",
              "runs": {
                "batter": 4,
                "extras": 0,
                "total": 4
              }
            },
            {
              "batter": "NJ Maddinson",
              "bowler": "B Laughlin",
              "non_striker": "MC Henriques",
              "runs": {
                "batter": 1,
                "extras": 0,
                "total": 1
              }
            },
            {
              "batter": "MC Henriques",
              "bowler": "B Laughlin",
              "non_striker": "NJ Maddinson",
              "runs": {
                "batter": 1,
                "extras": 0,
                "total": 1
              }
            }
          ]
        },
        {
          "over": 13,
          "deliveries": [
            {
              "batter": "MC Henriques",
              "bowler": "J Botha",
              "non_striker": "NJ Maddinson",
              "runs": {
                "batter": 2,
                "extras": 0,
                "total": 2
              }
            },
            {
              "batter": "MC Henriques",
              "bowler": "J Botha",
              "non_striker": "NJ Maddinson",
              "runs": {
                "batter": 1,
                "extras": 0,
                "total": 1
              }
            },
            {
              "batter": "NJ Maddinson",
              "bowler": "J Botha",
              "non_striker": "MC Henriques",
              "runs": {
                "batter": 0,
                "extras": 0,
                "total": 0
              }
            },
            {
              "batter": "NJ Maddinson",
              "bowler": "J Botha",
              "non_striker": "MC Henriques",
              "runs": {
                "batter": 6,
                "extras": 0,
                "total": 6
              }
            },
            {
              "batter": "NJ Maddinson",
              "bowler": "J Botha",
              "non_striker": "MC Henriques",
              "runs": {
                "batter": 0,
                "extras": 0,
                "total": 0
              }
            },
            {
              "batter": "NJ Maddinson",
              "bowler": "J Botha",
              "non_striker": "MC Henriques",
              "runs": {
                "batter": 0,
                "extras": 0,
                "total": 0
              }
            }
          ]
        },
        {
          "over": 14,
          "deliveries": [
            {
              "batter": "MC Henriques",
              "bowler": "A Zampa",
              "non_striker": "NJ Maddinson",
              "runs": {
                "batter": 1,
                "extras": 0,
                "total": 1
              }
            },
            {
              "batter": "NJ Maddinson",
              "bowler": "A Zampa",
              "non_striker": "MC Henriques",
              "runs": {
                "batter": 1,
                "extras": 0,
                "total": 1
              }
            },
            {
              "batter": "MC Henriques",
              "bowler": "A Zampa",
              "non_striker": "NJ Maddinson",
              "runs": {
                "batter": 1,
                "extras": 0,
                "total": 1
              }
            },
            {
              "batter": "NJ Maddinson",
              "bowler": "A Zampa",
              "non_striker": "MC Henriques",
              "runs": {
                "batter": 6,
                "extras": 0,
                "total": 6
              }
            },
            {
              "batter": "NJ Maddinson",
              "bowler": "A Zampa",
              "non_striker": "MC Henriques",
              "runs": {
                "batter": 2,
                "extras": 0,
                "total": 2
              }
            },
            {
              "batter": "NJ Maddinson",
              "bowler": "A Zampa",
              "non_striker": "MC Henriques",
              "runs": {
                "batter": 6,
                "extras": 0,
                "total": 6
              }
            }
          ]
        },
        {
          "over": 15,
          "deliveries": [
            {
              "batter": "MC Henriques",
              "bowler": "SW Tait",
              "non_striker": "NJ Maddinson",
              "runs": {
                "batter": 1,
                "extras": 0,
                "total": 1
              }
            },
            {
              "batter": "NJ Maddinson",
              "bowler": "SW Tait",
              "non_striker": "MC Henriques",
              "runs": {
                "batter": 0,
                "extras": 0,
                "total": 0
              }
            },
            {
              "batter": "NJ Maddinson",
              "bowler": "SW Tait",
              "non_striker": "MC Henriques",
              "runs": {
                "batter": 4,
                "extras": 0,
                "total": 4
              }
            },
            {
              "batter": "NJ Maddinson",
              "bowler": "SW Tait",
              "non_striker": "MC Henriques",
              "runs": {
                "batter": 4,
                "extras": 0,
                "total": 4
              }
            },
            {
              "batter": "NJ Maddinson",
              "bowler": "SW Tait",
              "non_striker": "MC Henriques",
              "runs": {
                "batter": 2,
                "extras": 0,
                "total": 2
              }
            },
            {
              "batter": "NJ Maddinson",
              "bowler": "SW Tait",
              "non_striker": "MC Henriques",
              "runs": {
                "batter": 6,
                "extras": 0,
                "total": 6
              }
            }
          ]
        },
        {
          "over": 16,
          "deliveries": [
            {
              "batter": "MC Henriques",
              "bowler": "B Laughlin",
              "non_striker": "NJ Maddinson",
              "runs": {
                "batter": 1,
                "extras": 0,
                "total": 1
              }
            },
            {
              "batter": "NJ Maddinson",
              "bowler": "B Laughlin",
              "non_striker": "MC Henriques",
              "runs": {
                "batter": 4,
                "extras": 0,
                "total": 4
              }
            },
            {
              "batter": "NJ Maddinson",
              "bowler": "B Laughlin",
              "non_striker": "MC Henriques",
              "runs": {
                "batter": 4,
                "extras": 0,
                "total": 4
              }
            },
            {
              "batter": "NJ Maddinson",
              "bowler": "B Laughlin",
              "non_striker": "MC Henriques",
              "runs": {
                "batter": 4,
                "extras": 0,
                "total": 4
              }
            },
            {
              "batter": "NJ Maddinson",
              "bowler": "B Laughlin",
              "non_striker": "MC Henriques",
              "runs": {
                "batter": 1,
                "extras": 0,
                "total": 1
              }
            },
            {
              "batter": "MC Henriques",
              "bowler": "B Laughlin",
              "non_striker": "NJ Maddinson",
              "runs": {
                "batter": 0,
                "extras": 0,
                "total": 0
              }
            }
          ]
        },
        {
          "over": 17,
          "deliveries": [
            {
              "batter": "NJ Maddinson",
              "bowler": "KW Richardson",
              "non_striker": "MC Henriques",
              "runs": {
                "batter": 4,
                "extras": 0,
                "total": 4
              }
            },
            {
              "batter": "NJ Maddinson",
              "bowler": "KW Richardson",
              "non_striker": "MC Henriques",
              "runs": {
                "batter": 0,
                "extras": 0,
                "total": 0
              },
              "wickets": [
                {
                  "kind": "bowled",
                  "player_out": "NJ Maddinson"
                }
              ]
            },
            {
              "batter": "JC Silk",
              "bowler": "KW Richardson",
              "non_striker": "MC Henriques",
              "runs": {
                "batter": 0,
                "extras": 0,
                "total": 0
              }
            },
            {
              "batter": "JC Silk",
              "bowler": "KW Richardson",
              "non_striker": "MC Henriques",
              "runs": {
                "batter": 0,
                "extras": 0,
                "total": 0
              }
            },
            {
              "batter": "JC Silk",
              "bowler": "KW Richardson",
              "non_striker": "MC Henriques",
              "runs": {
                "batter": 2,
                "extras": 0,
                "total": 2
              }
            },
            {
              "batter": "JC Silk",
              "bowler": "KW Richardson",
              "non_striker": "MC Henriques",
              "runs": {
                "batter": 1,
                "extras": 0,
                "total": 1
              }
            }
          ]
        },
        {
          "over": 18,
          "deliveries": [
            {
              "batter": "JC Silk",
              "bowler": "B Laughlin",
              "non_striker": "MC Henriques",
              "runs": {
                "batter": 0,
                "extras": 0,
                "total": 0
              },
              "wickets": [
                {
                  "kind": "lbw",
                  "player_out": "JC Silk"
                }
              ]
            },
            {
              "batter": "RGL Carters",
              "bowler": "B Laughlin",
              "non_striker": "MC Henriques",
              "runs": {
                "batter": 1,
                "extras": 0,
                "total": 1
              }
            },
            {
              "batter": "MC Henriques",
              "bowler": "B Laughlin",
              "non_striker": "RGL Carters",
              "runs": {
                "batter": 4,
                "extras": 0,
                "total": 4
              }
            },
            {
              "batter": "MC Henriques",
              "bowler": "B Laughlin",
              "non_striker": "RGL Carters",
              "runs": {
                "batter": 2,
                "extras": 0,
                "total": 2
              }
            },
            {
              "batter": "MC Henriques",
              "bowler": "B Laughlin",
              "non_striker": "RGL Carters",
              "runs": {
                "batter": 6,
                "extras": 0,
                "total": 6
              }
            },
            {
              "batter": "MC Henriques",
              "bowler": "B Laughlin",
              "non_striker": "RGL Carters",
              "runs": {
                "batter": 1,
                "extras": 0,
                "total": 1
              }
            }
          ]
        },
        {
          "over": 19,
          "deliveries": [
            {
              "batter": "MC Henriques",
              "bowler": "KW Richardson",
              "non_striker": "RGL Carters",
              "runs": {
                "batter": 1,
                "extras": 0,
                "total": 1
              }
            },
            {
              "batter": "RGL Carters",
              "bowler": "KW Richardson",
              "non_striker": "MC Henriques",
              "runs": {
                "batter": 4,
                "extras": 0,
                "total": 4
              }
            },
            {
              "batter": "RGL Carters",
              "bowler": "KW Richardson",
              "non_striker": "MC Henriques",
              "runs": {
                "batter": 2,
                "extras": 0,
                "total": 2
              }
            },
            {
              "batter": "RGL Carters",
              "bowler": "KW Richardson",
              "non_striker": "MC Henriques",
              "runs": {
                "batter": 0,
                "extras": 0,
                "total": 0
              }
            },
            {
              "batter": "RGL Carters",
              "bowler": "KW Richardson",
              "non_striker": "MC Henriques",
              "runs": {
                "batter": 1,
                "extras": 0,
                "total": 1
              }
            },
            {
              "batter": "MC Henriques",
              "bowler": "KW Richardson",
              "non_striker": "RGL Carters",
              "runs": {
                "batter": 2,
                "extras": 0,
                "total": 2
              }
            }
          ]
        }
      ],
      "powerplays": [
        {
          "from": 0.1,
          "to": 5.6,
          "type": "mandatory"
        }
      ]
    },
    {
      "team": "Adelaide Strikers",
      "overs": [
        {
          "over": 0,
          "deliveries": [
            {
              "batter": "CJ Simmons",
              "bowler": "B Lee",
              "non_striker": "TP Ludeman",
              "runs": {
                "batter": 0,
                "extras": 0,
                "total": 0
              }
            },
            {
              "batter": "CJ Simmons",
              "bowler": "B Lee",
              "non_striker": "TP Ludeman",
              "runs": {
                "batter": 1,
                "extras": 0,
                "total": 1
              }
            },
            {
              "batter": "TP Ludeman",
              "bowler": "B Lee",
              "non_striker": "CJ Simmons",
              "runs": {
                "batter": 0,
                "extras": 0,
                "total": 0
              }
            },
            {
              "batter": "TP Ludeman",
              "bowler": "B Lee",
              "non_striker": "CJ Simmons",
              "runs": {
                "batter": 1,
                "extras": 0,
                "total": 1
              }
            },
            {
              "batter": "CJ Simmons",
              "bowler": "B Lee",
              "non_striker": "TP Ludeman",
              "runs": {
                "batter": 4,
                "extras": 0,
                "total": 4
              }
            },
            {
              "batter": "CJ Simmons",
              "bowler": "B Lee",
              "non_striker": "TP Ludeman",
              "runs": {
                "batter": 0,
                "extras": 0,
                "total": 0
              }
            }
          ]
        },
        {
          "over": 1,
          "deliveries": [
            {
              "batter": "TP Ludeman",
              "bowler": "SA Abbott",
              "non_striker": "CJ Simmons",
              "runs": {
                "batter": 1,
                "extras": 0,
                "total": 1
              }
            },
            {
              "batter": "CJ Simmons",
              "bowler": "SA Abbott",
              "non_striker": "TP Ludeman",
              "runs": {
                "batter": 0,
                "extras": 0,
                "total": 0
              }
            },
            {
              "batter": "CJ Simmons",
              "bowler": "SA Abbott",
              "non_striker": "TP Ludeman",
              "runs": {
                "batter": 0,
                "extras": 0,
                "total": 0
              },
              "wickets": [
                {
                  "kind": "caught",
                  "player_out": "CJ Simmons",
                  "fielders": [
                    {
                      "name": "RGL Carters"
                    }
                  ]
                }
              ]
            },
            {
              "batter": "TM Head",
              "bowler": "SA Abbott",
              "non_striker": "TP Ludeman",
              "runs": {
                "batter": 0,
                "extras": 0,
                "total": 0
              }
            },
            {
              "batter": "TM Head",
              "bowler": "SA Abbott",
              "non_striker": "TP Ludeman",
              "runs": {
                "batter": 2,
                "extras": 0,
                "total": 2
              }
            },
            {
              "batter": "TM Head",
              "bowler": "SA Abbott",
              "non_striker": "TP Ludeman",
              "runs": {
                "batter": 4,
                "extras": 0,
                "total": 4
              }
            }
          ]
        },
        {
          "over": 2,
          "deliveries": [
            {
              "batter": "TP Ludeman",
              "bowler": "NM Lyon",
              "non_striker": "TM Head",
              "runs": {
                "batter": 0,
                "extras": 0,
                "total": 0
              }
            },
            {
              "batter": "TP Ludeman",
              "bowler": "NM Lyon",
              "non_striker": "TM Head",
              "runs": {
                "batter": 1,
                "extras": 0,
                "total": 1
              }
            },
            {
              "batter": "TM Head",
              "bowler": "NM Lyon",
              "non_striker": "TP Ludeman",
              "runs": {
                "batter": 0,
                "extras": 0,
                "total": 0
              }
            },
            {
              "batter": "TM Head",
              "bowler": "NM Lyon",
              "non_striker": "TP Ludeman",
              "runs": {
                "batter": 1,
                "extras": 0,
                "total": 1
              }
            },
            {
              "batter": "TP Ludeman",
              "bowler": "NM Lyon",
              "non_striker": "TM Head",
              "runs": {
                "batter": 1,
                "extras": 0,
                "total": 1
              }
            },
            {
              "batter": "TM Head",
              "bowler": "NM Lyon",
              "non_striker": "TP Ludeman",
              "runs": {
                "batter": 1,
                "extras": 0,
                "total": 1
              }
            }
          ]
        },
        {
          "over": 3,
          "deliveries": [
            {
              "batter": "TM Head",
              "bowler": "DE Bollinger",
              "non_striker": "TP Ludeman",
              "runs": {
                "batter": 0,
                "extras": 0,
                "total": 0
              }
            },
            {
              "batter": "TM Head",
              "bowler": "DE Bollinger",
              "non_striker": "TP Ludeman",
              "runs": {
                "batter": 0,
                "extras": 0,
                "total": 0
              },
              "wickets": [
                {
                  "kind": "caught",
                  "player_out": "TM Head",
                  "fielders": [
                    {
                      "name": "SA Abbott"
                    }
                  ]
                }
              ]
            },
            {
              "batter": "TP Ludeman",
              "bowler": "DE Bollinger",
              "non_striker": "BJ Hodge",
              "runs": {
                "batter": 0,
                "extras": 0,
                "total": 0
              }
            },
            {
              "batter": "TP Ludeman",
              "bowler": "DE Bollinger",
              "non_striker": "BJ Hodge",
              "runs": {
                "batter": 6,
                "extras": 0,
                "total": 6
              }
            },
            {
              "batter": "TP Ludeman",
              "bowler": "DE Bollinger",
              "non_striker": "BJ Hodge",
              "runs": {
                "batter": 4,
                "extras": 0,
                "total": 4
              }
            },
            {
              "batter": "TP Ludeman",
              "bowler": "DE Bollinger",
              "non_striker": "BJ Hodge",
              "runs": {
                "batter": 1,
                "extras": 0,
                "total": 1
              }
            }
          ]
        },
        {
          "over": 4,
          "deliveries": [
            {
              "batter": "TP Ludeman",
              "bowler": "SNJ O'Keefe",
              "non_striker": "BJ Hodge",
              "runs": {
                "batter": 0,
                "extras": 0,
                "total": 0
              },
              "wickets": [
                {
                  "kind": "caught",
                  "player_out": "TP Ludeman",
                  "fielders": [
                    {
                      "name": "MJ Lumb"
                    }
                  ]
                }
              ]
            },
            {
              "batter": "RN ten Doeschate",
              "bowler": "SNJ O'Keefe",
              "non_striker": "BJ Hodge",
              "runs": {
                "batter": 0,
                "extras": 0,
                "total": 0
              }
            },
            {
              "batter": "RN ten Doeschate",
              "bowler": "SNJ O'Keefe",
              "non_striker": "BJ Hodge",
              "runs": {
                "batter": 0,
                "extras": 0,
                "total": 0
              }
            },
            {
              "batter": "RN ten Doeschate",
              "bowler": "SNJ O'Keefe",
              "non_striker": "BJ Hodge",
              "runs": {
                "batter": 0,
                "extras": 0,
                "total": 0
              }
            },
            {
              "batter": "RN ten Doeschate",
              "bowler": "SNJ O'Keefe",
              "non_striker": "BJ Hodge",
              "runs": {
                "batter": 1,
                "extras": 0,
                "total": 1
              }
            },
            {
              "batter": "BJ Hodge",
              "bowler": "SNJ O'Keefe",
              "non_striker": "RN ten Doeschate",
              "runs": {
                "batter": 4,
                "extras": 0,
                "total": 4
              }
            }
          ]
        },
        {
          "over": 5,
          "deliveries": [
            {
              "batter": "RN ten Doeschate",
              "bowler": "B Lee",
              "non_striker": "BJ Hodge",
              "runs": {
                "batter": 1,
                "extras": 0,
                "total": 1
              }
            },
            {
              "batter": "BJ Hodge",
              "bowler": "B Lee",
              "non_striker": "RN ten Doeschate",
              "runs": {
                "batter": 1,
                "extras": 0,
                "total": 1
              }
            },
            {
              "batter": "RN ten Doeschate",
              "bowler": "B Lee",
              "non_striker": "BJ Hodge",
              "runs": {
                "batter": 2,
                "extras": 0,
                "total": 2
              }
            },
            {
              "batter": "RN ten Doeschate",
              "bowler": "B Lee",
              "non_striker": "BJ Hodge",
              "runs": {
                "batter": 1,
                "extras": 0,
                "total": 1
              }
            },
            {
              "batter": "BJ Hodge",
              "bowler": "B Lee",
              "non_striker": "RN ten Doeschate",
              "runs": {
                "batter": 0,
                "extras": 0,
                "total": 0
              }
            },
            {
              "batter": "BJ Hodge",
              "bowler": "B Lee",
              "non_striker": "RN ten Doeschate",
              "runs": {
                "batter": 0,
                "extras": 0,
                "total": 0
              }
            }
          ]
        },
        {
          "over": 6,
          "deliveries": [
            {
              "batter": "RN ten Doeschate",
              "bowler": "NM Lyon",
              "non_striker": "BJ Hodge",
              "runs": {
                "batter": 0,
                "extras": 0,
                "total": 0
              }
            },
            {
              "batter": "RN ten Doeschate",
              "bowler": "NM Lyon",
              "non_striker": "BJ Hodge",
              "runs": {
                "batter": 0,
                "extras": 0,
                "total": 0
              },
              "wickets": [
                {
                  "kind": "caught",
                  "player_out": "RN ten Doeschate",
                  "fielders": [
                    {
                      "name": "JC Silk"
                    }
                  ]
                }
              ]
            },
            {
              "batter": "BJ Hodge",
              "bowler": "NM Lyon",
              "non_striker": "J Botha",
              "runs": {
                "batter": 0,
                "extras": 0,
                "total": 0
              }
            },
            {
              "batter": "BJ Hodge",
              "bowler": "NM Lyon",
              "non_striker": "J Botha",
              "runs": {
                "batter": 1,
                "extras": 0,
                "total": 1
              }
            },
            {
              "batter": "J Botha",
              "bowler": "NM Lyon",
              "non_striker": "BJ Hodge",
              "runs": {
                "batter": 1,
                "extras": 0,
                "total": 1
              }
            },
            {
              "batter": "BJ Hodge",
              "bowler": "NM Lyon",
              "non_striker": "J Botha",
              "runs": {
                "batter": 1,
                "extras": 0,
                "total": 1
              }
            }
          ]
        },
        {
          "over": 7,
          "deliveries": [
            {
              "batter": "BJ Hodge",
              "bowler": "DE Bollinger",
              "non_striker": "J Botha",
              "runs": {
                "batter": 1,
                "extras": 0,
                "total": 1
              }
            },
            {
              "batter": "J Botha",
              "bowler": "DE Bollinger",
              "non_striker": "BJ Hodge",
              "runs": {
                "batter": 0,
                "extras": 0,
                "total": 0
              }
            },
            {
              "batter": "J Botha",
              "bowler": "DE Bollinger",
              "non_striker": "BJ Hodge",
              "runs": {
                "batter": 0,
                "extras": 0,
                "total": 0
              }
            },
            {
              "batter": "J Botha",
              "bowler": "DE Bollinger",
              "non_striker": "BJ Hodge",
              "runs": {
                "batter": 1,
                "extras": 0,
                "total": 1
              }
            },
            {
              "batter": "BJ Hodge",
              "bowler": "DE Bollinger",
              "non_striker": "J Botha",
              "runs": {
                "batter": 2,
                "extras": 0,
                "total": 2
              }
            },
            {
              "batter": "BJ Hodge",
              "bowler": "DE Bollinger",
              "non_striker": "J Botha",
              "runs": {
                "batter": 4,
                "extras": 0,
                "total": 4
              }
            }
          ]
        },
        {
          "over": 8,
          "deliveries": [
            {
              "batter": "J Botha",
              "bowler": "SNJ O'Keefe",
              "non_striker": "BJ Hodge",
              "runs": {
                "batter": 1,
                "extras": 0,
                "total": 1
              }
            },
            {
              "batter": "BJ Hodge",
              "bowler": "SNJ O'Keefe",
              "non_striker": "J Botha",
              "runs": {
                "batter": 1,
                "extras": 0,
                "total": 1
              }
            },
            {
              "batter": "J Botha",
              "bowler": "SNJ O'Keefe",
              "non_striker": "BJ Hodge",
              "runs": {
                "batter": 0,
                "extras": 0,
                "total": 0
              }
            },
            {
              "batter": "J Botha",
              "bowler": "SNJ O'Keefe",
              "non_striker": "BJ Hodge",
              "runs": {
                "batter": 1,
                "extras": 0,
                "total": 1
              }
            },
            {
              "batter": "BJ Hodge",
              "bowler": "SNJ O'Keefe",
              "non_striker": "J Botha",
              "runs": {
                "batter": 1,
                "extras": 0,
                "total": 1
              }
            },
            {
              "batter": "J Botha",
              "bowler": "SNJ O'Keefe",
              "non_striker": "BJ Hodge",
              "runs": {
                "batter": 0,
                "extras": 0,
                "total": 0
              }
            }
          ]
        },
        {
          "over": 9,
          "deliveries": [
            {
              "batter": "BJ Hodge",
              "bowler": "SA Abbott",
              "non_striker": "J Botha",
              "runs": {
                "batter": 4,
                "extras": 0,
                "total": 4
              }
            },
            {
              "batter": "BJ Hodge",
              "bowler": "SA Abbott",
              "non_striker": "J Botha",
              "runs": {
                "batter": 0,
                "extras": 0,
                "total": 0
              },
              "wickets": [
                {
                  "kind": "caught",
                  "player_out": "BJ Hodge",
                  "fielders": [
                    {
                      "name": "MC Henriques"
                    }
                  ]
                }
              ]
            },
            {
              "batter": "J Botha",
              "bowler": "SA Abbott",
              "non_striker": "AI Ross",
              "runs": {
                "batter": 0,
                "extras": 0,
                "total": 0
              }
            },
            {
              "batter": "J Botha",
              "bowler": "SA Abbott",
              "non_striker": "AI Ross",
              "runs": {
                "batter": 1,
                "extras": 0,
                "total": 1
              }
            },
            {
              "batter": "AI Ross",
              "bowler": "SA Abbott",
              "non_striker": "J Botha",
              "runs": {
                "batter": 1,
                "extras": 0,
                "total": 1
              }
            },
            {
              "batter": "J Botha",
              "bowler": "SA Abbott",
              "non_striker": "AI Ross",
              "runs": {
                "batter": 1,
                "extras": 0,
                "total": 1
              }
            }
          ]
        },
        {
          "over": 10,
          "deliveries": [
            {
              "batter": "J Botha",
              "bowler": "NM Lyon",
              "non_striker": "AI Ross",
              "runs": {
                "batter": 1,
                "extras": 0,
                "total": 1
              }
            },
            {
              "batter": "AI Ross",
              "bowler": "NM Lyon",
              "non_striker": "J Botha",
              "runs": {
                "batter": 0,
                "extras": 0,
                "total": 0
              }
            },
            {
              "batter": "AI Ross",
              "bowler": "NM Lyon",
              "non_striker": "J Botha",
              "runs": {
                "batter": 1,
                "extras": 0,
                "total": 1
              }
            },
            {
              "batter": "J Botha",
              "bowler": "NM Lyon",
              "non_striker": "AI Ross",
              "runs": {
                "batter": 1,
                "extras": 0,
                "total": 1
              }
            },
            {
              "batter": "AI Ross",
              "bowler": "NM Lyon",
              "non_striker": "J Botha",
              "runs": {
                "batter": 1,
                "extras": 0,
                "total": 1
              }
            },
            {
              "batter": "J Botha",
              "bowler": "NM Lyon",
              "non_striker": "AI Ross",
              "runs": {
                "batter": 1,
                "extras": 0,
                "total": 1
              }
            }
          ]
        },
        {
          "over": 11,
          "deliveries": [
            {
              "batter": "J Botha",
              "bowler": "DE Bollinger",
              "non_striker": "AI Ross",
              "runs": {
                "batter": 0,
                "extras": 0,
                "total": 0
              }
            },
            {
              "batter": "J Botha",
              "bowler": "DE Bollinger",
              "non_striker": "AI Ross",
              "runs": {
                "batter": 1,
                "extras": 0,
                "total": 1
              }
            },
            {
              "batter": "AI Ross",
              "bowler": "DE Bollinger",
              "non_striker": "J Botha",
              "runs": {
                "batter": 0,
                "extras": 0,
                "total": 0
              },
              "wickets": [
                {
                  "kind": "caught",
                  "player_out": "AI Ross",
                  "fielders": [
                    {
                      "name": "MH Wessels"
                    }
                  ]
                }
              ]
            },
            {
              "batter": "J Botha",
              "bowler": "DE Bollinger",
              "non_striker": "KW Richardson",
              "runs": {
                "batter": 0,
                "extras": 0,
                "total": 0
              }
            },
            {
              "batter": "J Botha",
              "bowler": "DE Bollinger",
              "non_striker": "KW Richardson",
              "runs": {
                "batter": 0,
                "extras": 0,
                "total": 0
              },
              "wickets": [
                {
                  "kind": "caught",
                  "player_out": "J Botha",
                  "fielders": [
                    {
                      "name": "RGL Carters"
                    }
                  ]
                }
              ]
            },
            {
              "batter": "A Zampa",
              "bowler": "DE Bollinger",
              "non_striker": "KW Richardson",
              "runs": {
                "batter": 1,
                "extras": 0,
                "total": 1
              }
            }
          ]
        },
        {
          "over": 12,
          "deliveries": [
            {
              "batter": "A Zampa",
              "bowler": "NM Lyon",
              "non_striker": "KW Richardson",
              "runs": {
                "batter": 2,
                "extras": 0,
                "total": 2
              }
            },
            {
              "batter": "A Zampa",
              "bowler": "NM Lyon",
              "non_striker": "KW Richardson",
              "runs": {
                "batter": 0,
                "extras": 0,
                "total": 0
              },
              "wickets": [
                {
                  "kind": "caught and bowled",
                  "player_out": "A Zampa"
                }
              ]
            },
            {
              "batter": "B Laughlin",
              "bowler": "NM Lyon",
              "non_striker": "KW Richardson",
              "runs": {
                "batter": 1,
                "extras": 0,
                "total": 1
              }
            },
            {
              "batter": "KW Richardson",
              "bowler": "NM Lyon",
              "non_striker": "B Laughlin",
              "runs": {
                "batter": 1,
                "extras": 0,
                "total": 1
              }
            },
            {
              "batter": "B Laughlin",
              "bowler": "NM Lyon",
              "non_striker": "KW Richardson",
              "runs": {
                "batter": 6,
                "extras": 0,
                "total": 6
              }
            },
            {
              "batter": "B Laughlin",
              "bowler": "NM Lyon",
              "non_striker": "KW Richardson",
              "runs": {
                "batter": 4,
                "extras": 0,
                "total": 4
              }
            }
          ]
        },
        {
          "over": 13,
          "deliveries": [
            {
              "batter": "KW Richardson",
              "bowler": "B Lee",
              "non_striker": "B Laughlin",
              "runs": {
                "batter": 2,
                "extras": 0,
                "total": 2
              }
            },
            {
              "batter": "KW Richardson",
              "bowler": "B Lee",
              "non_striker": "B Laughlin",
              "runs": {
                "batter": 0,
                "extras": 0,
                "total": 0
              },
              "wickets": [
                {
                  "kind": "caught",
                  "player_out": "KW Richardson",
                  "fielders": [
                    {
                      "name": "MC Henriques"
                    }
                  ]
                }
              ]
            },
            {
              "batter": "B Laughlin",
              "bowler": "B Lee",
              "non_striker": "SW Tait",
              "runs": {
                "batter": 2,
                "extras": 0,
                "total": 2
              }
            },
            {
              "batter": "B Laughlin",
              "bowler": "B Lee",
              "non_striker": "SW Tait",
              "runs": {
                "batter": 0,
                "extras": 0,
                "total": 0
              }
            },
            {
              "batter": "B Laughlin",
              "bowler": "B Lee",
              "non_striker": "SW Tait",
              "runs": {
                "batter": 0,
                "extras": 0,
                "total": 0
              }
            },
            {
              "batter": "B Laughlin",
              "bowler": "B Lee",
              "non_striker": "SW Tait",
              "runs": {
                "batter": 1,
                "extras": 0,
                "total": 1
              }
            }
          ]
        },
        {
          "over": 14,
          "deliveries": [
            {
              "batter": "B Laughlin",
              "bowler": "SNJ O'Keefe",
              "non_striker": "SW Tait",
              "runs": {
                "batter": 2,
                "extras": 0,
                "total": 2
              }
            },
            {
              "batter": "B Laughlin",
              "bowler": "SNJ O'Keefe",
              "non_striker": "SW Tait",
              "runs": {
                "batter": 6,
                "extras": 0,
                "total": 6
              }
            },
            {
              "batter": "B Laughlin",
              "bowler": "SNJ O'Keefe",
              "non_striker": "SW Tait",
              "runs": {
                "batter": 0,
                "extras": 0,
                "total": 0
              },
              "wickets": [
                {
                  "kind": "caught",
                  "player_out": "B Laughlin",
                  "fielders": [
                    {
                      "name": "JC Silk"
                    }
                  ]
                }
              ]
            }
          ]
        }
      ],
      "powerplays": [
        {
          "from": 0.1,
          "to": 5.6,
          "type": "mandatory"
        }
      ],
      "target": {
        "overs": 20,
        "runs": 182
      }
    }
  ]
}