{
  "meta": {
    "data_version": "1.0.0",
    "created": "2017-04-02",
    "revision": 1
  },
  "info": {
    "balls_per_over": 6,
    "dates": [
      "2016-01-05"
    ],
    "event": {
      "match_number": 20,
      "name": "Big Bash League"
    },
    "gender": "male",
    "match_type": "T20",
    "officials": {
      "match_referees": [
        "SR Bernard"
      ],
      "reserve_umpires": [
        "L Uthenwoldt"
      ],
      "tv_umpires": [
        "PJ Gillespie"
      ],
      "umpires": [
        "SAJ Craig",
        "GJ Davidson"
      ]
    },
    "outcome": {
      "by": {
        "runs": 36
      },
      "winner": "Adelaide Strikers"
    },
    "overs": 20,
    "player_of_match": [
      "TM Head"
    ],
    "players": {
      "Adelaide Strikers": [
        "TP Ludeman",
        "DPMD Jayawardene",
        "TM Head",
        "BJ Hodge",
        "AI Ross",
        "JS Lehmann",
        "AU Rashid",
        "KW Richardson",
        "B Laughlin",
        "JM Holland",
        "B Stanlake"
      ],
      "Perth Scorchers": [
        "SE Marsh",
        "M Klinger",
        "MS Harris",
        "CT Bancroft",
        "AC Agar",
        "AJ Turner",
        "DJ Willey",
        "JS Paris",
        "AJ Tye",
        "JP Behrendorff",
        "GB Hogg"
      ]
    },
    "registry": {
      "people": {
        "AC Agar": "a2421394",
        "AI Ross": "fb0d68b4",
        "AJ Turner": "ff1e12a0",
        "AJ Tye": "7c7d63a2",
        "AU Rashid": "249d60c9",
        "B Laughlin": "b2a79f17",
        "B Stanlake": "6834d1f2",
        "BJ Hodge": "b57f8a9a",
        "CT Bancroft": "399b0b94",
        "DJ Willey": "7f048519",
        "DPMD Jayawardene": "d18f9182",
        "GB Hogg": "f708a0bc",
        "GJ Davidson": "31ad5973",
        "JM Holland": "70c4f525",
        "JP Behrendorff": "4933f499",
        "JS Lehmann": "c96a215f",
        "JS Paris": "7c8f533d",
        "KW Richardson": "dfc4d8b5",
        "L Uthenwoldt": "021223ce",
        "M Klinger": "b970a03f",
        "MS Harris": "9e85455c",
        "PJ Gillespie": "3e253a50",
        "SAJ Craig": "689f2eed",
        "SE Marsh": "508a1ea7",
        "SR Bernard": "800187dc",
        "TM Head": "12b610c2",
        "TP Ludeman": "c3f7898b"
      }
    },
    "season": "2015/16",
    "team_type": "club",
    "teams": [
      "Adelaide Strikers",
      "Perth Scorchers"
    ],
    "toss": {
      "decision": "bat",
      "winner": "Adelaide Strikers"
    },
    "venue": "Adelaide Oval"
  },
  "innings": [
    {
      "team": "Adelaide Strikers",
      "overs": [
        {
          "over": 0,
          "deliveries": [
            {
              "batter": "TP Ludeman",
              "bowler": "JP Behrendorff",
              "non_striker": "DPMD Jayawardene",
              "runs": {
                "batter": 0,
                "extras": 0,
                "total": 0
              }
            },
            {
              "batter": "TP Ludeman",
              "bowler": "JP Behrendorff",
              "non_striker": "DPMD Jayawardene",
              "runs": {
                "batter": 0,
                "extras": 0,
                "total": 0
              }
            },
            {
              "batter": "TP Ludeman",
              "bowler": "JP Behrendorff",
              "non_striker": "DPMD Jayawardene",
              "runs": {
                "batter": 4,
                "extras": 0,
                "total": 4
              }
            },
            {
              "batter": "TP Ludeman",
              "bowler": "JP Behrendorff",
              "non_striker": "DPMD Jayawardene",
              "runs": {
                "batter": 0,
                "extras": 0,
                "total": 0
              }
            },
            {
              "batter": "TP Ludeman",
              "bowler": "JP Behrendorff",
              "non_striker": "DPMD Jayawardene",
              "runs": {
                "batter": 4,
                "extras": 0,
                "total": 4
              }
            },
            {
              "batter": "TP Ludeman",
              "bowler": "JP Behrendorff",
              "extras": {
                "wides": 1
              },
              "non_striker": "DPMD Jayawardene",
              "runs": {
                "batter": 0,
                "extras": 1,
                "total": 1
              }
            },
            {
              "batter": "TP Ludeman",
              "bowler": "JP Behrendorff",
              "non_striker": "DPMD Jayawardene",
              "runs": {
                "batter": 0,
                "extras": 0,
                "total": 0
              }
            }
          ]
        },
        {
          "over": 1,
          "deliveries": [
            {
              "batter": "DPMD Jayawardene",
              "bowler": "DJ Willey",
              "non_striker": "TP Ludeman",
              "runs": {
                "batter": 0,
                "extras": 0,
                "total": 0
              }
            },
            {
              "batter": "DPMD Jayawardene",
              "bowler": "DJ Willey",
              "non_striker": "TP Ludeman",
              "runs": {
                "batter": 4,
                "extras": 0,
                "total": 4
              }
            },
            {
              "batter": "DPMD Jayawardene",
              "bowler": "DJ Willey",
              "non_striker": "TP Ludeman",
              "runs": {
                "batter": 0,
                "extras": 0,
                "total": 0
              }
            },
            {
              "batter": "DPMD Jayawardene",
              "bowler": "DJ Willey",
              "non_striker": "TP Ludeman",
              "runs": {
                "batter": 0,
                "extras": 0,
                "total": 0
              }
            },
            {
              "batter": "DPMD Jayawardene",
              "bowler": "DJ Willey",
              "non_striker": "TP Ludeman",
              "runs": {
                "batter": 1,
                "extras": 0,
                "total": 1
              }
            },
            {
              "batter": "TP Ludeman",
              "bowler": "DJ Willey",
              "non_striker": "DPMD Jayawardene",
              "runs": {
                "batter": 0,
                "extras": 0,
                "total": 0
              }
            }
          ]
        },
        {
          "over": 2,
          "deliveries": [
            {
              "batter": "DPMD Jayawardene",
              "bowler": "JP Behrendorff",
              "non_striker": "TP Ludeman",
              "runs": {
                "batter": 0,
                "extras": 0,
                "total": 0
              }
            },
            {
              "batter": "DPMD Jayawardene",
              "bowler": "JP Behrendorff",
              "non_striker": "TP Ludeman",
              "runs": {
                "batter": 1,
                "extras": 0,
                "total": 1
              }
            },
            {
              "batter": "TP Ludeman",
              "bowler": "JP Behrendorff",
              "non_striker": "DPMD Jayawardene",
              "runs": {
                "batter": 0,
                "extras": 0,
                "total": 0
              }
            },
            {
              "batter": "TP Ludeman",
              "bowler": "JP Behrendorff",
              "non_striker": "DPMD Jayawardene",
              "runs": {
                "batter": 0,
                "extras": 0,
                "total": 0
              }
            },
            {
              "batter": "TP Ludeman",
              "bowler": "JP Behrendorff",
              "non_striker": "DPMD Jayawardene",
              "runs": {
                "batter": 0,
                "extras": 0,
                "total": 0
              }
            },
            {
              "batter": "TP Ludeman",
              "bowler": "JP Behrendorff",
              "non_striker": "DPMD Jayawardene",
              "runs": {
                "batter": 0,
                "extras": 0,
                "total": 0
              }
            }
          ]
        },
        {
          "over": 3,
          "deliveries": [
            {
              "batter": "DPMD Jayawardene",
              "bowler": "DJ Willey",
              "non_striker": "TP Ludeman",
              "runs": {
                "batter": 1,
                "extras": 0,
                "total": 1
              }
            },
            {
              "batter": "TP Ludeman",
              "bowler": "DJ Willey",
              "non_striker": "DPMD Jayawardene",
              "runs": {
                "batter": 1,
                "extras": 0,
                "total": 1
              }
            },
            {
              "batter": "DPMD Jayawardene",
              "bowler": "DJ Willey",
              "non_striker": "TP Ludeman",
              "runs": {
                "batter": 4,
                "extras": 0,
                "total": 4
              }
            },
            {
              "batter": "DPMD Jayawardene",
              "bowler": "DJ Willey",
              "non_striker": "TP Ludeman",
              "runs": {
                "batter": 0,
                "extras": 0,
                "total": 0
              }
            },
            {
              "batter": "DPMD Jayawardene",
              "bowler": "DJ Willey",
              "non_striker": "TP Ludeman",
              "runs": {
                "batter": 4,
                "extras": 0,
                "total": 4
              }
            },
            {
              "batter": "DPMD Jayawardene",
              "bowler": "DJ Willey",
              "non_striker": "TP Ludeman",
              "runs": {
                "batter": 4,
                "extras": 0,
                "total": 4
              }
            }
          ]
        },
        {
          "over": 4,
          "deliveries": [
            {
              "batter": "TP Ludeman",
              "bowler": "JP Behrendorff",
              "non_striker": "DPMD Jayawardene",
              "runs": {
                "batter": 0,
                "extras": 0,
                "total": 0
              }
            },
            {
              "batter": "TP Ludeman",
              "bowler": "JP Behrendorff",
              "non_striker": "DPMD Jayawardene",
              "runs": {
                "batter": 1,
                "extras": 0,
                "total": 1
              }
            },
            {
              "batter": "DPMD Jayawardene",
              "bowler": "JP Behrendorff",
              "non_striker": "TP Ludeman",
              "runs": {
                "batter": 0,
                "extras": 0,
                "total": 0
              }
            },
            {
              "batter": "DPMD Jayawardene",
              "bowler": "JP Behrendorff",
              "non_striker": "TP Ludeman",
              "runs": {
                "batter": 0,
                "extras": 0,
                "total": 0
              }
            },
            {
              "batter": "DPMD Jayawardene",
              "bowler": "JP Behrendorff",
              "non_striker": "TP Ludeman",
              "runs": {
                "batter": 4,
                "extras": 0,
                "total": 4
              }
            },
            {
              "batter": "DPMD Jayawardene",
              "bowler": "JP Behrendorff",
              "non_striker": "TP Ludeman",
              "runs": {
                "batter": 6,
                "extras": 0,
                "total": 6
              }
            }
          ]
        },
        {
          "over": 5,
          "deliveries": [
            {
              "batter": "TP Ludeman",
              "bowler": "AC Agar",
              "non_striker": "DPMD Jayawardene",
              "runs": {
                "batter": 1,
                "extras": 0,
                "total": 1
              }
            },
            {
              "batter": "DPMD Jayawardene",
              "bowler": "AC Agar",
              "non_striker": "TP Ludeman",
              "runs": {
                "batter": 0,
                "extras": 0,
                "total": 0
              }
            },
            {
              "batter": "DPMD Jayawardene",
              "bowler": "AC Agar",
              "non_striker": "TP Ludeman",
              "runs": {
                "batter": 1,
                "extras": 0,
                "total": 1
              }
            },
            {
              "batter": "TP Ludeman",
              "bowler": "AC Agar",
              "non_striker": "DPMD Jayawardene",
              "runs": {
                "batter": 1,
                "extras": 0,
                "total": 1
              }
            },
            {
              "batter": "DPMD Jayawardene",
              "bowler": "AC Agar",
              "non_striker": "TP Ludeman",
              "runs": {
                "batter": 1,
                "extras": 0,
                "total": 1
              }
            },
            {
              "batter": "TP Ludeman",
              "bowler": "AC Agar",
              "non_striker": "DPMD Jayawardene",
              "runs": {
                "batter": 1,
                "extras": 0,
                "total": 1
              }
            }
          ]
        },
        {
          "over": 6,
          "deliveries": [
            {
              "batter": "TP Ludeman",
              "bowler": "JS Paris",
              "non_striker": "DPMD Jayawardene",
              "runs": {
                "batter": 1,
                "extras": 0,
                "total": 1
              }
            },
            {
              "batter": "DPMD Jayawardene",
              "bowler": "JS Paris",
              "extras": {
                "wides": 1
              },
              "non_striker": "TP Ludeman",
              "runs": {
                "batter": 0,
                "extras": 1,
                "total": 1
              }
            },
            {
              "batter": "DPMD Jayawardene",
              "bowler": "JS Paris",
              "non_striker": "TP Ludeman",
              "runs": {
                "batter": 1,
                "extras": 0,
                "total": 1
              }
            },
            {
              "batter": "TP Ludeman",
              "bowler": "JS Paris",
              "non_striker": "DPMD Jayawardene",
              "runs": {
                "batter": 0,
                "extras": 0,
                "total": 0
              }
            },
            {
              "batter": "TP Ludeman",
              "bowler": "JS Paris",
              "non_striker": "DPMD Jayawardene",
              "runs": {
                "batter": 0,
                "extras": 0,
                "total": 0
              }
            },
            {
              "batter": "TP Ludeman",
              "bowler": "JS Paris",
              "non_striker": "DPMD Jayawardene",
              "runs": {
                "batter": 1,
                "extras": 0,
                "total": 1
              }
            },
            {
              "batter": "DPMD Jayawardene",
              "bowler": "JS Paris",
              "non_striker": "TP Ludeman",
              "runs": {
                "batter": 0,
                "extras": 0,
                "total": 0
              }
            }
          ]
        },
        {
          "over": 7,
          "deliveries": [
            {
              "batter": "TP Ludeman",
              "bowler": "GB Hogg",
              "non_striker": "DPMD Jayawardene",
              "runs": {
                "batter": 2,
                "extras": 0,
                "total": 2
              }
            },
            {
              "batter": "TP Ludeman",
              "bowler": "GB Hogg",
              "non_striker": "DPMD Jayawardene",
              "runs": {
                "batter": 1,
                "extras": 0,
                "total": 1
              }
            },
            {
              "batter": "DPMD Jayawardene",
              "bowler": "GB Hogg",
              "non_striker": "TP Ludeman",
              "runs": {
                "batter": 6,
                "extras": 0,
                "total": 6
              }
            },
            {
              "batter": "DPMD Jayawardene",
              "bowler": "GB Hogg",
              "non_striker": "TP Ludeman",
              "runs": {
                "batter": 1,
                "extras": 0,
                "total": 1
              }
            },
            {
              "batter": "TP Ludeman",
              "bowler": "GB Hogg",
              "non_striker": "DPMD Jayawardene",
              "runs": {
                "batter": 0,
                "extras": 0,
                "total": 0
              }
            },
            {
              "batter": "TP Ludeman",
              "bowler": "GB Hogg",
              "non_striker": "DPMD Jayawardene",
              "runs": {
                "batter": 0,
                "extras": 0,
                "total": 0
              }
            }
          ]
        },
        {
          "over": 8,
          "deliveries": [
            {
              "batter": "DPMD Jayawardene",
              "bowler": "JS Paris",
              "non_striker": "TP Ludeman",
              "runs": {
                "batter": 0,
                "extras": 0,
                "total": 0
              }
            },
            {
              "batter": "DPMD Jayawardene",
              "bowler": "JS Paris",
              "non_striker": "TP Ludeman",
              "runs": {
                "batter": 1,
                "extras": 0,
                "total": 1
              }
            },
            {
              "batter": "TP Ludeman",
              "bowler": "JS Paris",
              "non_striker": "DPMD Jayawardene",
              "runs": {
                "batter": 0,
                "extras": 0,
                "total": 0
              }
            },
            {
              "batter": "TP Ludeman",
              "bowler": "JS Paris",
              "non_striker": "DPMD Jayawardene",
              "runs": {
                "batter": 1,
                "extras": 0,
                "total": 1
              }
            },
            {
              "batter": "DPMD Jayawardene",
              "bowler": "JS Paris",
              "non_striker": "TP Ludeman",
              "runs": {
                "batter": 4,
                "extras": 0,
                "total": 4
              }
            },
            {
              "batter": "DPMD Jayawardene",
              "bowler": "JS Paris",
              "non_striker": "TP Ludeman",
              "runs": {
                "batter": 1,
                "extras": 0,
                "total": 1
              }
            }
          ]
        },
        {
          "over": 9,
          "deliveries": [
            {
              "batter": "DPMD Jayawardene",
              "bowler": "GB Hogg",
              "non_striker": "TP Ludeman",
              "runs": {
                "batter": 2,
                "extras": 0,
                "total": 2
              }
            },
            {
              "batter": "DPMD Jayawardene",
              "bowler": "GB Hogg",
              "non_striker": "TP Ludeman",
              "runs": {
                "batter": 1,
                "extras": 0,
                "total": 1
              }
            },
            {
              "batter": "TP Ludeman",
              "bowler": "GB Hogg",
              "non_striker": "DPMD Jayawardene",
              "runs": {
                "batter": 1,
                "extras": 0,
                "total": 1
              }
            },
            {
              "batter": "DPMD Jayawardene",
              "bowler": "GB Hogg",
              "non_striker": "TP Ludeman",
              "runs": {
                "batter": 1,
                "extras": 0,
                "total": 1
              }
            },
            {
              "batter": "TP Ludeman",
              "bowler": "GB Hogg",
              "non_striker": "DPMD Jayawardene",
              "runs": {
                "batter": 0,
                "extras": 0,
                "total": 0
              }
            },
            {
              "batter": "TP Ludeman",
              "bowler": "GB Hogg",
              "non_striker": "DPMD Jayawardene",
              "runs": {
                "batter": 1,
                "extras": 0,
                "total": 1
              }
            }
          ]
        },
        {
          "over": 10,
          "deliveries": [
            {
              "batter": "TP Ludeman",
              "bowler": "AJ Tye",
              "non_striker": "DPMD Jayawardene",
              "runs": {
                "batter": 1,
                "extras": 0,
                "total": 1
              }
            },
            {
              "batter": "DPMD Jayawardene",
              "bowler": "AJ Tye",
              "non_striker": "TP Ludeman",
              "runs": {
                "batter": 2,
                "extras": 0,
                "total": 2
              }
            },
            {
              "batter": "DPMD Jayawardene",
              "bowler": "AJ Tye",
              "non_striker": "TP Ludeman",
              "runs": {
                "batter": 0,
                "extras": 0,
                "total": 0
              }
            },
            {
              "batter": "DPMD Jayawardene",
              "bowler": "AJ Tye",
              "non_striker": "TP Ludeman",
              "runs": {
                "batter": 1,
                "extras": 0,
                "total": 1
              }
            },
            {
              "batter": "TP Ludeman",
              "bowler": "AJ Tye",
              "non_striker": "DPMD Jayawardene",
              "runs": {
                "batter": 1,
                "extras": 0,
                "total": 1
              }
            },
            {
              "batter": "DPMD Jayawardene",
              "bowler": "AJ Tye",
              "non_striker": "TP Ludeman",
              "runs": {
                "batter": 1,
                "extras": 0,
                "total": 1
              }
            }
          ]
        },
        {
          "over": 11,
          "deliveries": [
            {
              "batter": "DPMD Jayawardene",
              "bowler": "AC Agar",
              "non_striker": "TP Ludeman",
              "runs": {
                "batter": 4,
                "extras": 0,
                "total": 4
              }
            },
            {
              "batter": "DPMD Jayawardene",
              "bowler": "AC Agar",
              "extras": {
                "legbyes": 1
              },
              "non_striker": "TP Ludeman",
              "runs": {
                "batter": 0,
                "extras": 1,
                "total": 1
              }
            },
            {
              "batter": "TP Ludeman",
              "bowler": "AC Agar",
              "non_striker": "DPMD Jayawardene",
              "runs": {
                "batter": 1,
                "extras": 0,
                "total": 1
              }
            },
            {
              "batter": "DPMD Jayawardene",
              "bowler": "AC Agar",
              "non_striker": "TP Ludeman",
              "runs": {
                "batter": 0,
                "extras": 0,
                "total": 0
              },
              "wickets": [
                {
                  "kind": "caught",
                  "player_out": "DPMD Jayawardene",
                  "fielders": [
                    {
                      "name": "MS Harris"
                    }
                  ]
                }
              ]
            },
            {
              "batter": "TP Ludeman",
              "bowler": "AC Agar",
              "non_striker": "TM Head",
              "runs": {
                "batter": 1,
                "extras": 0,
                "total": 1
              }
            },
            {
              "batter": "TM Head",
              "bowler": "AC Agar",
              "non_striker": "TP Ludeman",
              "runs": {
                "batter": 1,
                "extras": 0,
                "total": 1
              }
            }
          ]
        },
        {
          "over": 12,
          "deliveries": [
            {
              "batter": "TM Head",
              "bowler": "AJ Tye",
              "non_striker": "TP Ludeman",
              "runs": {
                "batter": 0,
                "extras": 0,
                "total": 0
              }
            },
            {
              "batter": "TM Head",
              "bowler": "AJ Tye",
              "non_striker": "TP Ludeman",
              "runs": {
                "batter": 0,
                "extras": 0,
                "total": 0
              }
            },
            {
              "batter": "TM Head",
              "bowler": "AJ Tye",
              "non_striker": "TP Ludeman",
              "runs": {
                "batter": 1,
                "extras": 0,
                "total": 1
              }
            },
            {
              "batter": "TP Ludeman",
              "bowler": "AJ Tye",
              "non_striker": "TM Head",
              "runs": {
                "batter": 4,
                "extras": 0,
                "total": 4
              }
            },
            {
              "batter": "TP Ludeman",
              "bowler": "AJ Tye",
              "non_striker": "TM Head",
              "runs": {
                "batter": 1,
                "extras": 0,
                "total": 1
              }
            },
            {
              "batter": "TM Head",
              "bowler": "AJ Tye",
              "non_striker": "TP Ludeman",
              "runs": {
                "batter": 1,
                "extras": 0,
                "total": 1
              }
            }
          ]
        },
        {
          "over": 13,
          "deliveries": [
            {
              "batter": "TM Head",
              "bowler": "GB Hogg",
              "non_striker": "TP Ludeman",
              "runs": {
                "batter": 0,
                "extras": 0,
                "total": 0
              }
            },
            {
              "batter": "TM Head",
              "bowler": "GB Hogg",
              "non_striker": "TP Ludeman",
              "runs": {
                "batter": 0,
                "extras": 0,
                "total": 0
              }
            },
            {
              "batter": "TM Head",
              "bowler": "GB Hogg",
              "non_striker": "TP Ludeman",
              "runs": {
                "batter": 2,
                "extras": 0,
                "total": 2
              }
            },
            {
              "batter": "TM Head",
              "bowler": "GB Hogg",
              "non_striker": "TP Ludeman",
              "runs": {
                "batter": 0,
                "extras": 0,
                "total": 0
              }
            },
            {
              "batter": "TM Head",
              "bowler": "GB Hogg",
              "non_striker": "TP Ludeman",
              "runs": {
                "batter": 6,
                "extras": 0,
                "total": 6
              }
            },
            {
              "batter": "TM Head",
              "bowler": "GB Hogg",
              "non_striker": "TP Ludeman",
              "runs": {
                "batter": 3,
                "extras": 0,
                "total": 3
              }
            }
          ]
        },
        {
          "over": 14,
          "deliveries": [
            {
              "batter": "TM Head",
              "bowler": "JP Behrendorff",
              "non_striker": "TP Ludeman",
              "runs": {
                "batter": 0,
                "extras": 0,
                "total": 0
              }
            },
            {
              "batter": "TM Head",
              "bowler": "JP Behrendorff",
              "non_striker": "TP Ludeman",
              "runs": {
                "batter": 4,
                "extras": 0,
                "total": 4
              }
            },
            {
              "batter": "TM Head",
              "bowler": "JP Behrendorff",
              "non_striker": "TP Ludeman",
              "runs": {
                "batter": 1,
                "extras": 0,
                "total": 1
              }
            },
            {
              "batter": "TP Ludeman",
              "bowler": "JP Behrendorff",
              "non_striker": "TM Head",
              "runs": {
                "batter": 0,
                "extras": 0,
                "total": 0
              },
              "wickets": [
                {
                  "kind": "caught",
                  "player_out": "TP Ludeman",
                  "fielders": [
                    {
                      "name": "JS Paris"
                    }
                  ]
                }
              ]
            },
            {
              "batter": "TM Head",
              "bowler": "JP Behrendorff",
              "non_striker": "BJ Hodge",
              "runs": {
                "batter": 0,
                "extras": 0,
                "total": 0
              }
            },
            {
              "batter": "TM Head",
              "bowler": "JP Behrendorff",
              "non_striker": "BJ Hodge",
              "runs": {
                "batter": 1,
                "extras": 0,
                "total": 1
              }
            }
          ]
        },
        {
          "over": 15,
          "deliveries": [
            {
              "batter": "TM Head",
              "bowler": "AJ Tye",
              "non_striker": "BJ Hodge",
              "runs": {
                "batter": 1,
                "extras": 0,
                "total": 1
              }
            },
            {
              "batter": "BJ Hodge",
              "bowler": "AJ Tye",
              "non_striker": "TM Head",
              "runs": {
                "batter": 0,
                "extras": 0,
                "total": 0
              }
            },
            {
              "batter": "BJ Hodge",
              "bowler": "AJ Tye",
              "non_striker": "TM Head",
              "runs": {
                "batter": 0,
                "extras": 0,
                "total": 0
              }
            },
            {
              "batter": "BJ Hodge",
              "bowler": "AJ Tye",
              "non_striker": "TM Head",
              "runs": {
                "batter": 1,
                "extras": 0,
                "total": 1
              }
            },
            {
              "batter": "TM Head",
              "bowler": "AJ Tye",
              "non_striker": "BJ Hodge",
              "runs": {
                "batter": 3,
                "extras": 0,
                "total": 3
              }
            },
            {
              "batter": "BJ Hodge",
              "bowler": "AJ Tye",
              "non_striker": "TM Head",
              "runs": {
                "batter": 1,
                "extras": 0,
                "total": 1
              }
            }
          ]
        },
        {
          "over": 16,
          "deliveries": [
            {
              "batter": "BJ Hodge",
              "bowler": "DJ Willey",
              "non_striker": "TM Head",
              "runs": {
                "batter": 2,
                "extras": 0,
                "total": 2
              }
            },
            {
              "batter": "BJ Hodge",
              "bowler": "DJ Willey",
              "non_striker": "TM Head",
              "runs": {
                "batter": 4,
                "extras": 0,
                "total": 4
              }
            },
            {
              "batter": "BJ Hodge",
              "bowler": "DJ Willey",
              "non_striker": "TM Head",
              "runs": {
                "batter": 2,
                "extras": 0,
                "total": 2
              }
            },
            {
              "batter": "BJ Hodge",
              "bowler": "DJ Willey",
              "non_striker": "TM Head",
              "runs": {
                "batter": 1,
                "extras": 0,
                "total": 1
              }
            },
            {
              "batter": "TM Head",
              "bowler": "DJ Willey",
              "non_striker": "BJ Hodge",
              "runs": {
                "batter": 2,
                "extras": 0,
                "total": 2
              }
            },
            {
              "batter": "TM Head",
              "bowler": "DJ Willey",
              "non_striker": "BJ Hodge",
              "runs": {
                "batter": 1,
                "extras": 0,
                "total": 1
              }
            }
          ]
        },
        {
          "over": 17,
          "deliveries": [
            {
              "batter": "TM Head",
              "bowler": "JS Paris",
              "non_striker": "BJ Hodge",
              "runs": {
                "batter": 1,
                "extras": 0,
                "total": 1
              }
            },
            {
              "batter": "BJ Hodge",
              "bowler": "JS Paris",
              "non_striker": "TM Head",
              "runs": {
                "batter": 1,
                "extras": 0,
                "total": 1
              }
            },
            {
              "batter": "TM Head",
              "bowler": "JS Paris",
              "non_striker": "BJ Hodge",
              "runs": {
                "batter": 1,
                "extras": 0,
                "total": 1
              }
            },
            {
              "batter": "BJ Hodge",
              "bowler": "JS Paris",
              "non_striker": "TM Head",
              "runs": {
                "batter": 1,
                "extras": 0,
                "total": 1
              }
            },
            {
              "batter": "TM Head",
              "bowler": "JS Paris",
              "non_striker": "BJ Hodge",
              "runs": {
                "batter": 2,
                "extras": 0,
                "total": 2
              }
            },
            {
              "batter": "TM Head",
              "bowler": "JS Paris",
              "non_striker": "BJ Hodge",
              "runs": {
                "batter": 1,
                "extras": 0,
                "total": 1
              }
            }
          ]
        },
        {
          "over": 18,
          "deliveries": [
            {
              "batter": "TM Head",
              "bowler": "DJ Willey",
              "non_striker": "BJ Hodge",
              "runs": {
                "batter": 6,
                "extras": 0,
                "total": 6
              }
            },
            {
              "batter": "TM Head",
              "bowler": "DJ Willey",
              "non_striker": "BJ Hodge",
              "runs": {
                "batter": 2,
                "extras": 0,
                "total": 2
              }
            },
            {
              "batter": "TM Head",
              "bowler": "DJ Willey",
              "non_striker": "BJ Hodge",
              "runs": {
                "batter": 2,
                "extras": 0,
                "total": 2
              }
            },
            {
              "batter": "TM Head",
              "bowler": "DJ Willey",
              "non_striker": "BJ Hodge",
              "runs": {
                "batter": 1,
                "extras": 0,
                "total": 1
              }
            },
            {
              "batter": "BJ Hodge",
              "bowler": "DJ Willey",
              "non_striker": "TM Head",
              "runs": {
                "batter": 6,
                "extras": 0,
                "total": 6
              }
            },
            {
              "batter": "BJ Hodge",
              "bowler": "DJ Willey",
              "non_striker": "TM Head",
              "runs": {
                "batter": 6,
                "extras": 0,
                "total": 6
              }
            }
          ]
        },
        {
          "over": 19,
          "deliveries": [
            {
              "batter": "TM Head",
              "bowler": "AJ Tye",
              "non_striker": "BJ Hodge",
              "runs": {
                "batter": 6,
                "extras": 0,
                "total": 6
              }
            },
            {
              "batter": "TM Head",
              "bowler": "AJ Tye",
              "non_striker": "BJ Hodge",
              "runs": {
                "batter": 1,
                "extras": 0,
                "total": 1
              }
            },
            {
              "batter": "BJ Hodge",
              "bowler": "AJ Tye",
              "non_striker": "TM Head",
              "runs": {
                "batter": 1,
                "extras": 0,
                "total": 1
              }
            },
            {
              "batter": "TM Head",
              "bowler": "AJ Tye",
              "non_striker": "BJ Hodge",
              "runs": {
                "batter": 1,
                "extras": 0,
                "total": 1
              }
            },
            {
              "batter": "BJ Hodge",
              "bowler": "AJ Tye",
              "non_striker": "TM Head",
              "runs": {
                "batter": 4,
                "extras": 0,
                "total": 4
              }
            },
            {
              "batter": "BJ Hodge",
              "bowler": "AJ Tye",
              "extras": {
                "byes": 3
              },
              "non_striker": "TM Head",
              "runs": {
                "batter": 0,
                "extras": 3,
                "total": 3
              }
            }
          ]
        }
      ],
      "powerplays": [
        {
          "from": 0.1,
          "to": 5.6,
          "type": "mandatory"
        }
      ]
    },
    {
      "team": "Perth Scorchers",
      "overs": [
        {
          "over": 0,
          "deliveries": [
            {
              "batter": "SE Marsh",
              "bowler": "B Stanlake",
              "non_striker": "M Klinger",
              "runs": {
                "batter": 0,
                "extras": 0,
                "total": 0
              }
            },
            {
              "batter": "SE Marsh",
              "bowler": "B Stanlake",
              "non_striker": "M Klinger",
              "runs": {
                "batter": 0,
                "extras": 0,
                "total": 0
              }
            },
            {
              "batter": "SE Marsh",
              "bowler": "B Stanlake",
              "non_striker": "M Klinger",
              "runs": {
                "batter": 0,
                "extras": 0,
                "total": 0
              }
            },
            {
              "batter": "SE Marsh",
              "bowler": "B Stanlake",
              "non_striker": "M Klinger",
              "runs": {
                "batter": 4,
                "extras": 0,
                "total": 4
              }
            },
            {
              "batter": "SE Marsh",
              "bowler": "B Stanlake",
              "non_striker": "M Klinger",
              "runs": {
                "batter": 0,
                "extras": 0,
                "total": 0
              },
              "wickets": [
                {
                  "kind": "caught",
                  "player_out": "SE Marsh",
                  "fielders": [
                    {
                      "name": "TP Ludeman"
                    }
                  ]
                }
              ]
            },
            {
              "batter": "MS Harris",
              "bowler": "B Stanlake",
              "non_striker": "M Klinger",
              "runs": {
                "batter": 0,
                "extras": 0,
                "total": 0
              }
            }
          ]
        },
        {
          "over": 1,
          "deliveries": [
            {
              "batter": "M Klinger",
              "bowler": "KW Richardson",
              "non_striker": "MS Harris",
              "runs": {
                "batter": 0,
                "extras": 0,
                "total": 0
              }
            },
            {
              "batter": "M Klinger",
              "bowler": "KW Richardson",
              "non_striker": "MS Harris",
              "runs": {
                "batter": 0,
                "extras": 0,
                "total": 0
              }
            },
            {
              "batter": "M Klinger",
              "bowler": "KW Richardson",
              "non_striker": "MS Harris",
              "runs": {
                "batter": 0,
                "extras": 0,
                "total": 0
              }
            },
            {
              "batter": "M Klinger",
              "bowler": "KW Richardson",
              "non_striker": "MS Harris",
              "runs": {
                "batter": 0,
                "extras": 0,
                "total": 0
              }
            },
            {
              "batter": "M Klinger",
              "bowler": "KW Richardson",
              "non_striker": "MS Harris",
              "runs": {
                "batter": 1,
                "extras": 0,
                "total": 1
              }
            },
            {
              "batter": "MS Harris",
              "bowler": "KW Richardson",
              "non_striker": "M Klinger",
              "runs": {
                "batter": 4,
                "extras": 0,
                "total": 4
              }
            }
          ]
        },
        {
          "over": 2,
          "deliveries": [
            {
              "batter": "M Klinger",
              "bowler": "B Stanlake",
              "non_striker": "MS Harris",
              "runs": {
                "batter": 0,
                "extras": 0,
                "total": 0
              }
            },
            {
              "batter": "M Klinger",
              "bowler": "B Stanlake",
              "non_striker": "MS Harris",
              "runs": {
                "batter": 1,
                "extras": 0,
                "total": 1
              }
            },
            {
              "batter": "MS Harris",
              "bowler": "B Stanlake",
              "non_striker": "M Klinger",
              "runs": {
                "batter": 0,
                "extras": 0,
                "total": 0
              }
            },
            {
              "batter": "MS Harris",
              "bowler": "B Stanlake",
              "non_striker": "M Klinger",
              "runs": {
                "batter": 0,
                "extras": 0,
                "total": 0
              },
              "wickets": [
                {
                  "kind": "caught",
                  "player_out": "MS Harris",
                  "fielders": [
                    {
                      "name": "KW Richardson"
                    }
                  ]
                }
              ]
            },
            {
              "batter": "M Klinger",
              "bowler": "B Stanlake",
              "extras": {
                "noballs": 1
              },
              "non_striker": "CT Bancroft",
              "runs": {
                "batter": 2,
                "extras": 1,
                "total": 3
              }
            },
            {
              "batter": "M Klinger",
              "bowler": "B Stanlake",
              "non_striker": "CT Bancroft",
              "runs": {
                "batter": 4,
                "extras": 0,
                "total": 4
              }
            },
            {
              "batter": "M Klinger",
              "bowler": "B Stanlake",
              "non_striker": "CT Bancroft",
              "runs": {
                "batter": 4,
                "extras": 0,
                "total": 4
              }
            }
          ]
        },
        {
          "over": 3,
          "deliveries": [
            {
              "batter": "CT Bancroft",
              "bowler": "JM Holland",
              "non_striker": "M Klinger",
              "runs": {
                "batter": 5,
                "extras": 0,
                "total": 5
              }
            },
            {
              "batter": "M Klinger",
              "bowler": "JM Holland",
              "non_striker": "CT Bancroft",
              "runs": {
                "batter": 3,
                "extras": 0,
                "total": 3
              }
            },
            {
              "batter": "CT Bancroft",
              "bowler": "JM Holland",
              "non_striker": "M Klinger",
              "runs": {
                "batter": 0,
                "extras": 0,
                "total": 0
              }
            },
            {
              "batter": "CT Bancroft",
              "bowler": "JM Holland",
              "non_striker": "M Klinger",
              "runs": {
                "batter": 1,
                "extras": 0,
                "total": 1
              }
            },
            {
              "batter": "M Klinger",
              "bowler": "JM Holland",
              "non_striker": "CT Bancroft",
              "runs": {
                "batter": 0,
                "extras": 0,
                "total": 0
              },
              "wickets": [
                {
                  "kind": "bowled",
                  "player_out": "M Klinger"
                }
              ]
            },
            {
              "batter": "AC Agar",
              "bowler": "JM Holland",
              "non_striker": "CT Bancroft",
              "runs": {
                "batter": 0,
                "extras": 0,
                "total": 0
              }
            }
          ]
        },
        {
          "over": 4,
          "deliveries": [
            {
              "batter": "CT Bancroft",
              "bowler": "B Stanlake",
              "non_striker": "AC Agar",
              "runs": {
                "batter": 1,
                "extras": 0,
                "total": 1
              }
            },
            {
              "batter": "AC Agar",
              "bowler": "B Stanlake",
              "non_striker": "CT Bancroft",
              "runs": {
                "batter": 0,
                "extras": 0,
                "total": 0
              }
            },
            {
              "batter": "AC Agar",
              "bowler": "B Stanlake",
              "non_striker": "CT Bancroft",
              "runs": {
                "batter": 0,
                "extras": 0,
                "total": 0
              }
            },
            {
              "batter": "AC Agar",
              "bowler": "B Stanlake",
              "non_striker": "CT Bancroft",
              "runs": {
                "batter": 1,
                "extras": 0,
                "total": 1
              }
            },
            {
              "batter": "CT Bancroft",
              "bowler": "B Stanlake",
              "non_striker": "AC Agar",
              "runs": {
                "batter": 1,
                "extras": 0,
                "total": 1
              }
            },
            {
              "batter": "AC Agar",
              "bowler": "B Stanlake",
              "non_striker": "CT Bancroft",
              "runs": {
                "batter": 0,
                "extras": 0,
                "total": 0
              }
            }
          ]
        },
        {
          "over": 5,
          "deliveries": [
            {
              "batter": "CT Bancroft",
              "bowler": "B Laughlin",
              "extras": {
                "legbyes": 1
              },
              "non_striker": "AC Agar",
              "runs": {
                "batter": 0,
                "extras": 1,
                "total": 1
              }
            },
            {
              "batter": "AC Agar",
              "bowler": "B Laughlin",
              "non_striker": "CT Bancroft",
              "runs": {
                "batter": 0,
                "extras": 0,
                "total": 0
              }
            },
            {
              "batter": "AC Agar",
              "bowler": "B Laughlin",
              "non_striker": "CT Bancroft",
              "runs": {
                "batter": 4,
                "extras": 0,
                "total": 4
              }
            },
            {
              "batter": "AC Agar",
              "bowler": "B Laughlin",
              "extras": {
                "legbyes": 1
              },
              "non_striker": "CT Bancroft",
              "runs": {
                "batter": 0,
                "extras": 1,
                "total": 1
              }
            },
            {
              "batter": "CT Bancroft",
              "bowler": "B Laughlin",
              "non_striker": "AC Agar",
              "runs": {
                "batter": 2,
                "extras": 0,
                "total": 2
              }
            },
            {
              "batter": "CT Bancroft",
              "bowler": "B Laughlin",
              "extras": {
                "legbyes": 2
              },
              "non_striker": "AC Agar",
              "runs": {
                "batter": 0,
                "extras": 2,
                "total": 2
              }
            }
          ]
        },
        {
          "over": 6,
          "deliveries": [
            {
              "batter": "AC Agar",
              "bowler": "JM Holland",
              "non_striker": "CT Bancroft",
              "runs": {
                "batter": 0,
                "extras": 0,
                "total": 0
              }
            },
            {
              "batter": "AC Agar",
              "bowler": "JM Holland",
              "non_striker": "CT Bancroft",
              "runs": {
                "batter": 1,
                "extras": 0,
                "total": 1
              }
            },
            {
              "batter": "CT Bancroft",
              "bowler": "JM Holland",
              "non_striker": "AC Agar",
              "runs": {
                "batter": 2,
                "extras": 0,
                "total": 2
              }
            },
            {
              "batter": "CT Bancroft",
              "bowler": "JM Holland",
              "non_striker": "AC Agar",
              "runs": {
                "batter": 1,
                "extras": 0,
                "total": 1
              }
            },
            {
              "batter": "AC Agar",
              "bowler": "JM Holland",
              "non_striker": "CT Bancroft",
              "runs": {
                "batter": 1,
                "extras": 0,
                "total": 1
              }
            },
            {
              "batter": "CT Bancroft",
              "bowler": "JM Holland",
              "non_striker": "AC Agar",
              "runs": {
                "batter": 4,
                "extras": 0,
                "total": 4
              }
            }
          ]
        },
        {
          "over": 7,
          "deliveries": [
            {
              "batter": "AC Agar",
              "bowler": "KW Richardson",
              "non_striker": "CT Bancroft",
              "runs": {
                "batter": 6,
                "extras": 0,
                "total": 6
              }
            },
            {
              "batter": "AC Agar",
              "bowler": "KW Richardson",
              "non_striker": "CT Bancroft",
              "runs": {
                "batter": 0,
                "extras": 0,
                "total": 0
              }
            },
            {
              "batter": "AC Agar",
              "bowler": "KW Richardson",
              "non_striker": "CT Bancroft",
              "runs": {
                "batter": 1,
                "extras": 0,
                "total": 1
              }
            },
            {
              "batter": "CT Bancroft",
              "bowler": "KW Richardson",
              "non_striker": "AC Agar",
              "runs": {
                "batter": 0,
                "extras": 0,
                "total": 0
              },
              "wickets": [
                {
                  "kind": "caught",
                  "player_out": "CT Bancroft",
                  "fielders": [
                    {
                      "name": "AU Rashid"
                    }
                  ]
                }
              ]
            },
            {
              "batter": "AC Agar",
              "bowler": "KW Richardson",
              "non_striker": "AJ Turner",
              "runs": {
                "batter": 0,
                "extras": 0,
                "total": 0
              }
            },
            {
              "batter": "AC Agar",
              "bowler": "KW Richardson",
              "non_striker": "AJ Turner",
              "runs": {
                "batter": 1,
                "extras": 0,
                "total": 1
              }
            }
          ]
        },
        {
          "over": 8,
          "deliveries": [
            {
              "batter": "AC Agar",
              "bowler": "AU Rashid",
              "non_striker": "AJ Turner",
              "runs": {
                "batter": 2,
                "extras": 0,
                "total": 2
              }
            },
            {
              "batter": "AC Agar",
              "bowler": "AU Rashid",
              "non_striker": "AJ Turner",
              "runs": {
                "batter": 0,
                "extras": 0,
                "total": 0
              }
            },
            {
              "batter": "AC Agar",
              "bowler": "AU Rashid",
              "non_striker": "AJ Turner",
              "runs": {
                "batter": 1,
                "extras": 0,
                "total": 1
              }
            },
            {
              "batter": "AJ Turner",
              "bowler": "AU Rashid",
              "non_striker": "AC Agar",
              "runs": {
                "batter": 1,
                "extras": 0,
                "total": 1
              }
            },
            {
              "batter": "AC Agar",
              "bowler": "AU Rashid",
              "non_striker": "AJ Turner",
              "runs": {
                "batter": 0,
                "extras": 0,
                "total": 0
              },
              "wickets": [
                {
                  "kind": "bowled",
                  "player_out": "AC Agar"
                }
              ]
            },
            {
              "batter": "DJ Willey",
              "bowler": "AU Rashid",
              "non_striker": "AJ Turner",
              "runs": {
                "batter": 1,
                "extras": 0,
                "total": 1
              }
            }
          ]
        },
        {
          "over": 9,
          "deliveries": [
            {
              "batter": "DJ Willey",
              "bowler": "KW Richardson",
              "non_striker": "AJ Turner",
              "runs": {
                "batter": 1,
                "extras": 0,
                "total": 1
              }
            },
            {
              "batter": "AJ Turner",
              "bowler": "KW Richardson",
              "non_striker": "DJ Willey",
              "runs": {
                "batter": 2,
                "extras": 0,
                "total": 2
              }
            },
            {
              "batter": "AJ Turner",
              "bowler": "KW Richardson",
              "non_striker": "DJ Willey",
              "runs": {
                "batter": 2,
                "extras": 0,
                "total": 2
              }
            },
            {
              "batter": "AJ Turner",
              "bowler": "KW Richardson",
              "non_striker": "DJ Willey",
              "runs": {
                "batter": 0,
                "extras": 0,
                "total": 0
              }
            },
            {
              "batter": "AJ Turner",
              "bowler": "KW Richardson",
              "non_striker": "DJ Willey",
              "runs": {
                "batter": 2,
                "extras": 0,
                "total": 2
              }
            },
            {
              "batter": "AJ Turner",
              "bowler": "KW Richardson",
              "non_striker": "DJ Willey",
              "runs": {
                "batter": 1,
                "extras": 0,
                "total": 1
              }
            }
          ]
        },
        {
          "over": 10,
          "deliveries": [
            {
              "batter": "AJ Turner",
              "bowler": "AU Rashid",
              "non_striker": "DJ Willey",
              "runs": {
                "batter": 0,
                "extras": 0,
                "total": 0
              }
            },
            {
              "batter": "AJ Turner",
              "bowler": "AU Rashid",
              "non_striker": "DJ Willey",
              "runs": {
                "batter": 0,
                "extras": 0,
                "total": 0
              }
            },
            {
              "batter": "AJ Turner",
              "bowler": "AU Rashid",
              "non_striker": "DJ Willey",
              "runs": {
                "batter": 1,
                "extras": 0,
                "total": 1
              }
            },
            {
              "batter": "DJ Willey",
              "bowler": "AU Rashid",
              "non_striker": "AJ Turner",
              "runs": {
                "batter": 4,
                "extras": 0,
                "total": 4
              }
            },
            {
              "batter": "DJ Willey",
              "bowler": "AU Rashid",
              "non_striker": "AJ Turner",
              "runs": {
                "batter": 0,
                "extras": 0,
                "total": 0
              }
            },
            {
              "batter": "DJ Willey",
              "bowler": "AU Rashid",
              "non_striker": "AJ Turner",
              "runs": {
                "batter": 0,
                "extras": 0,
                "total": 0
              }
            }
          ]
        },
        {
          "over": 11,
          "deliveries": [
            {
              "batter": "AJ Turner",
              "bowler": "TM Head",
              "extras": {
                "wides": 4
              },
              "non_striker": "DJ Willey",
              "runs": {
                "batter": 0,
                "extras": 4,
                "total": 4
              }
            },
            {
              "batter": "DJ Willey",
              "bowler": "TM Head",
              "non_striker": "AJ Turner",
              "runs": {
                "batter": 6,
                "extras": 0,
                "total": 6
              }
            },
            {
              "batter": "DJ Willey",
              "bowler": "TM Head",
              "non_striker": "AJ Turner",
              "runs": {
                "batter": 1,
                "extras": 0,
                "total": 1
              }
            },
            {
              "batter": "AJ Turner",
              "bowler": "TM Head",
              "non_striker": "DJ Willey",
              "runs": {
                "batter": 4,
                "extras": 0,
                "total": 4
              }
            },
            {
              "batter": "AJ Turner",
              "bowler": "TM Head",
              "non_striker": "DJ Willey",
              "runs": {
                "batter": 6,
                "extras": 0,
                "total": 6
              }
            },
            {
              "batter": "AJ Turner",
              "bowler": "TM Head",
              "non_striker": "DJ Willey",
              "runs": {
                "batter": 0,
                "extras": 0,
                "total": 0
              },
              "wickets": [
                {
                  "kind": "caught",
                  "player_out": "AJ Turner",
                  "fielders": [
                    {
                      "name": "AI Ross"
                    }
                  ]
                }
              ]
            },
            {
              "batter": "DJ Willey",
              "bowler": "TM Head",
              "non_striker": "JS Paris",
              "runs": {
                "batter": 0,
                "extras": 0,
                "total": 0
              }
            }
          ]
        },
        {
          "over": 12,
          "deliveries": [
            {
              "batter": "JS Paris",
              "bowler": "AU Rashid",
              "extras": {
                "legbyes": 1
              },
              "non_striker": "DJ Willey",
              "runs": {
                "batter": 0,
                "extras": 1,
                "total": 1
              }
            },
            {
              "batter": "DJ Willey",
              "bowler": "AU Rashid",
              "non_striker": "JS Paris",
              "runs": {
                "batter": 6,
                "extras": 0,
                "total": 6
              }
            },
            {
              "batter": "DJ Willey",
              "bowler": "AU Rashid",
              "non_striker": "JS Paris",
              "runs": {
                "batter": 1,
                "extras": 0,
                "total": 1
              }
            },
            {
              "batter": "JS Paris",
              "bowler": "AU Rashid",
              "non_striker": "DJ Willey",
              "runs": {
                "batter": 0,
                "extras": 0,
                "total": 0
              }
            },
            {
              "batter": "JS Paris",
              "bowler": "AU Rashid",
              "non_striker": "DJ Willey",
              "runs": {
                "batter": 2,
                "extras": 0,
                "total": 2
              }
            },
            {
              "batter": "JS Paris",
              "bowler": "AU Rashid",
              "extras": {
                "legbyes": 3
              },
              "non_striker": "DJ Willey",
              "runs": {
                "batter": 0,
                "extras": 3,
                "total": 3
              }
            }
          ]
        },
        {
          "over": 13,
          "deliveries": [
            {
              "batter": "JS Paris",
              "bowler": "B Laughlin",
              "non_striker": "DJ Willey",
              "runs": {
                "batter": 2,
                "extras": 0,
                "total": 2
              }
            },
            {
              "batter": "JS Paris",
              "bowler": "B Laughlin",
              "non_striker": "DJ Willey",
              "runs": {
                "batter": 0,
                "extras": 0,
                "total": 0
              }
            },
            {
              "batter": "JS Paris",
              "bowler": "B Laughlin",
              "non_striker": "DJ Willey",
              "runs": {
                "batter": 1,
                "extras": 0,
                "total": 1
              }
            },
            {
              "batter": "DJ Willey",
              "bowler": "B Laughlin",
              "non_striker": "JS Paris",
              "runs": {
                "batter": 1,
                "extras": 0,
                "total": 1
              }
            },
            {
              "batter": "JS Paris",
              "bowler": "B Laughlin",
              "non_striker": "DJ Willey",
              "runs": {
                "batter": 1,
                "extras": 0,
                "total": 1
              }
            },
            {
              "batter": "DJ Willey",
              "bowler": "B Laughlin",
              "non_striker": "JS Paris",
              "runs": {
                "batter": 0,
                "extras": 0,
                "total": 0
              }
            }
          ]
        },
        {
          "over": 14,
          "deliveries": [
            {
              "batter": "JS Paris",
              "bowler": "B Stanlake",
              "non_striker": "DJ Willey",
              "runs": {
                "batter": 4,
                "extras": 0,
                "total": 4
              }
            },
            {
              "batter": "JS Paris",
              "bowler": "B Stanlake",
              "non_striker": "DJ Willey",
              "runs": {
                "batter": 1,
                "extras": 0,
                "total": 1
              }
            },
            {
              "batter": "DJ Willey",
              "bowler": "B Stanlake",
              "non_striker": "JS Paris",
              "runs": {
                "batter": 2,
                "extras": 0,
                "total": 2
              }
            },
            {
              "batter": "DJ Willey",
              "bowler": "B Stanlake",
              "non_striker": "JS Paris",
              "runs": {
                "batter": 1,
                "extras": 0,
                "total": 1
              }
            },
            {
              "batter": "JS Paris",
              "bowler": "B Stanlake",
              "non_striker": "DJ Willey",
              "runs": {
                "batter": 0,
                "extras": 0,
                "total": 0
              }
            },
            {
              "batter": "JS Paris",
              "bowler": "B Stanlake",
              "non_striker": "DJ Willey",
              "runs": {
                "batter": 1,
                "extras": 0,
                "total": 1
              }
            }
          ]
        },
        {
          "over": 15,
          "deliveries": [
            {
              "batter": "JS Paris",
              "bowler": "B Laughlin",
              "non_striker": "DJ Willey",
              "runs": {
                "batter": 0,
                "extras": 0,
                "total": 0
              }
            },
            {
              "batter": "JS Paris",
              "bowler": "B Laughlin",
              "non_striker": "DJ Willey",
              "runs": {
                "batter": 1,
                "extras": 0,
                "total": 1
              }
            },
            {
              "batter": "DJ Willey",
              "bowler": "B Laughlin",
              "non_striker": "JS Paris",
              "runs": {
                "batter": 6,
                "extras": 0,
                "total": 6
              }
            },
            {
              "batter": "DJ Willey",
              "bowler": "B Laughlin",
              "non_striker": "JS Paris",
              "runs": {
                "batter": 1,
                "extras": 0,
                "total": 1
              }
            },
            {
              "batter": "JS Paris",
              "bowler": "B Laughlin",
              "non_striker": "DJ Willey",
              "runs": {
                "batter": 0,
                "extras": 0,
                "total": 0
              },
              "wickets": [
                {
                  "kind": "bowled",
                  "player_out": "JS Paris"
                }
              ]
            },
            {
              "batter": "AJ Tye",
              "bowler": "B Laughlin",
              "non_striker": "DJ Willey",
              "runs": {
                "batter": 0,
                "extras": 0,
                "total": 0
              }
            }
          ]
        },
        {
          "over": 16,
          "deliveries": [
            {
              "batter": "DJ Willey",
              "bowler": "AU Rashid",
              "non_striker": "AJ Tye",
              "runs": {
                "batter": 0,
                "extras": 0,
                "total": 0
              },
              "wickets": [
                {
                  "kind": "caught",
                  "player_out": "DJ Willey",
                  "fielders": [
                    {
                      "name": "AI Ross"
                    }
                  ]
                }
              ]
            },
            {
              "batter": "AJ Tye",
              "bowler": "AU Rashid",
              "non_striker": "JP Behrendorff",
              "runs": {
                "batter": 0,
                "extras": 0,
                "total": 0
              }
            },
            {
              "batter": "AJ Tye",
              "bowler": "AU Rashid",
              "non_striker": "JP Behrendorff",
              "runs": {
                "batter": 0,
                "extras": 0,
                "total": 0
              },
              "wickets": [
                {
                  "kind": "caught",
                  "player_out": "AJ Tye",
                  "fielders": [
                    {
                      "name": "JS Lehmann"
                    }
                  ]
                }
              ]
            },
            {
              "batter": "JP Behrendorff",
              "bowler": "AU Rashid",
              "non_striker": "GB Hogg",
              "runs": {
                "batter": 1,
                "extras": 0,
                "total": 1
              }
            },
            {
              "batter": "GB Hogg",
              "bowler": "AU Rashid",
              "non_striker": "JP Behrendorff",
              "runs": {
                "batter": 2,
                "extras": 0,
                "total": 2
              }
            },
            {
              "batter": "GB Hogg",
              "bowler": "AU Rashid",
              "non_striker": "JP Behrendorff",
              "runs": {
                "batter": 1,
                "extras": 0,
                "total": 1
              }
            }
          ]
        },
        {
          "over": 17,
          "deliveries": [
            {
              "batter": "GB Hogg",
              "bowler": "KW Richardson",
              "non_striker": "JP Behrendorff",
              "runs": {
                "batter": 0,
                "extras": 0,
                "total": 0
              }
            },
            {
              "batter": "GB Hogg",
              "bowler": "KW Richardson",
              "non_striker": "JP Behrendorff",
              "runs": {
                "batter": 0,
                "extras": 0,
                "total": 0
              }
            },
            {
              "batter": "GB Hogg",
              "bowler": "KW Richardson",
              "non_striker": "JP Behrendorff",
              "runs": {
                "batter": 0,
                "extras": 0,
                "total": 0
              },
              "wickets": [
                {
                  "kind": "bowled",
                  "player_out": "GB Hogg"
                }
              ]
            }
          ]
        }
      ],
      "powerplays": [
        {
          "from": 0.1,
          "to": 5.6,
          "type": "mandatory"
        }
      ],
      "target": {
        "overs": 20,
        "runs": 175
      }
    }
  ]
}