{
  "meta": {
    "data_version": "1.0.0",
    "created": "2017-04-02",
    "revision": 1
  },
  "info": {
    "balls_per_over": 6,
    "city": "Melbourne",
    "dates": [
      "2016-01-18"
    ],
    "event": {
      "match_number": 32,
      "name": "Big Bash League"
    },
    "gender": "male",
    "match_type": "T20",
    "officials": {
      "match_referees": [
        "DJ Harper"
      ],
      "reserve_umpires": [
        "AJ Sammartino"
      ],
      "tv_umpires": [
        "AJ Barrow"
      ],
      "umpires": [
        "GA Abood",
        "SAJ Craig"
      ]
    },
    "outcome": {
      "by": {
        "runs": 27
      },
      "winner": "Adelaide Strikers"
    },
    "overs": 20,
    "player_of_match": [
      "TM Head"
    ],
    "players": {
      "Adelaide Strikers": [
        "TP Ludeman",
        "JR Dean",
        "TM Head",
        "AI Ross",
        "BJ Hodge",
        "JS Lehmann",
        "MG Neser",
        "AU Rashid",
        "B Laughlin",
        "JM Holland",
        "GA West"
      ],
      "Melbourne Renegades": [
        "CH Gayle",
        "TLW Cooper",
        "CL White",
        "DJ Bravo",
        "PM Nevill",
        "BR McDermott",
        "TM Beaton",
        "CJ Gannon",
        "CP Tremain",
        "NJ Rimmington",
        "XJ Doherty"
      ]
    },
    "registry": {
      "people": {
        "AI Ross": "fb0d68b4",
        "AJ Barrow": "a67aa9df",
        "AJ Sammartino": "284d6015",
        "AU Rashid": "249d60c9",
        "B Laughlin": "b2a79f17",
        "BJ Hodge": "b57f8a9a",
        "BR McDermott": "c41043e6",
        "CH Gayle": "db584dad",
        "CJ Gannon": "519c30cb",
        "CL White": "d0513f63",
        "CP Tremain": "96824e68",
        "DJ Bravo": "87e562a9",
        "DJ Harper": "0ec08b27",
        "GA Abood": "a4af5528",
        "GA West": "9dfd54a5",
        "JM Holland": "70c4f525",
        "JR Dean": "97188292",
        "JS Lehmann": "c96a215f",
        "MG Neser": "0164b064",
        "NJ Rimmington": "6042bf26",
        "PM Nevill": "a22fb7b5",
        "SAJ Craig": "689f2eed",
        "TLW Cooper": "2318ba22",
        "TM Beaton": "f0ec8597",
        "TM Head": "12b610c2",
        "TP Ludeman": "c3f7898b",
        "XJ Doherty": "502b2c81"
      }
    },
    "season": "2015/16",
    "team_type": "club",
    "teams": [
      "Melbourne Renegades",
      "Adelaide Strikers"
    ],
    "toss": {
      "decision": "field",
      "winner": "Melbourne Renegades"
    },
    "venue": "Docklands Stadium"
  },
  "innings": [
    {
      "team": "Adelaide Strikers",
      "overs": [
        {
          "over": 0,
          "deliveries": [
            {
              "batter": "TP Ludeman",
              "bowler": "XJ Doherty",
              "non_striker": "JR Dean",
              "runs": {
                "batter": 1,
                "extras": 0,
                "total": 1
              }
            },
            {
              "batter": "JR Dean",
              "bowler": "XJ Doherty",
              "non_striker": "TP Ludeman",
              "runs": {
                "batter": 0,
                "extras": 0,
                "total": 0
              }
            },
            {
              "batter": "JR Dean",
              "bowler": "XJ Doherty",
              "non_striker": "TP Ludeman",
              "runs": {
                "batter": 1,
                "extras": 0,
                "total": 1
              }
            },
            {
              "batter": "TP Ludeman",
              "bowler": "XJ Doherty",
              "non_striker": "JR Dean",
              "runs": {
                "batter": 1,
                "extras": 0,
                "total": 1
              }
            },
            {
              "batter": "JR Dean",
              "bowler": "XJ Doherty",
              "non_striker": "TP Ludeman",
              "runs": {
                "batter": 0,
                "extras": 0,
                "total": 0
              }
            },
            {
              "batter": "JR Dean",
              "bowler": "XJ Doherty",
              "non_striker": "TP Ludeman",
              "runs": {
                "batter": 1,
                "extras": 0,
                "total": 1
              }
            }
          ]
        },
        {
          "over": 1,
          "deliveries": [
            {
              "batter": "JR Dean",
              "bowler": "CP Tremain",
              "non_striker": "TP Ludeman",
              "runs": {
                "batter": 0,
                "extras": 0,
                "total": 0
              }
            },
            {
              "batter": "JR Dean",
              "bowler": "CP Tremain",
              "non_striker": "TP Ludeman",
              "runs": {
                "batter": 0,
                "extras": 0,
                "total": 0
              }
            },
            {
              "batter": "JR Dean",
              "bowler": "CP Tremain",
              "non_striker": "TP Ludeman",
              "runs": {
                "batter": 0,
                "extras": 0,
                "total": 0
              }
            },
            {
              "batter": "JR Dean",
              "bowler": "CP Tremain",
              "non_striker": "TP Ludeman",
              "runs": {
                "batter": 4,
                "extras": 0,
                "total": 4
              }
            },
            {
              "batter": "JR Dean",
              "bowler": "CP Tremain",
              "non_striker": "TP Ludeman",
              "runs": {
                "batter": 1,
                "extras": 0,
                "total": 1
              }
            },
            {
              "batter": "TP Ludeman",
              "bowler": "CP Tremain",
              "non_striker": "JR Dean",
              "runs": {
                "batter": 1,
                "extras": 0,
                "total": 1
              }
            }
          ]
        },
        {
          "over": 2,
          "deliveries": [
            {
              "batter": "TP Ludeman",
              "bowler": "NJ Rimmington",
              "non_striker": "JR Dean",
              "runs": {
                "batter": 1,
                "extras": 0,
                "total": 1
              }
            },
            {
              "batter": "JR Dean",
              "bowler": "NJ Rimmington",
              "non_striker": "TP Ludeman",
              "runs": {
                "batter": 0,
                "extras": 0,
                "total": 0
              }
            },
            {
              "batter": "JR Dean",
              "bowler": "NJ Rimmington",
              "non_striker": "TP Ludeman",
              "runs": {
                "batter": 6,
                "extras": 0,
                "total": 6
              }
            },
            {
              "batter": "JR Dean",
              "bowler": "NJ Rimmington",
              "non_striker": "TP Ludeman",
              "runs": {
                "batter": 0,
                "extras": 0,
                "total": 0
              }
            },
            {
              "batter": "JR Dean",
              "bowler": "NJ Rimmington",
              "non_striker": "TP Ludeman",
              "runs": {
                "batter": 1,
                "extras": 0,
                "total": 1
              }
            },
            {
              "batter": "TP Ludeman",
              "bowler": "NJ Rimmington",
              "non_striker": "JR Dean",
              "runs": {
                "batter": 1,
                "extras": 0,
                "total": 1
              }
            }
          ]
        },
        {
          "over": 3,
          "deliveries": [
            {
              "batter": "TP Ludeman",
              "bowler": "CP Tremain",
              "non_striker": "JR Dean",
              "runs": {
                "batter": 1,
                "extras": 0,
                "total": 1
              }
            },
            {
              "batter": "JR Dean",
              "bowler": "CP Tremain",
              "non_striker": "TP Ludeman",
              "runs": {
                "batter": 6,
                "extras": 0,
                "total": 6
              }
            },
            {
              "batter": "JR Dean",
              "bowler": "CP Tremain",
              "non_striker": "TP Ludeman",
              "runs": {
                "batter": 0,
                "extras": 0,
                "total": 0
              }
            },
            {
              "batter": "JR Dean",
              "bowler": "CP Tremain",
              "non_striker": "TP Ludeman",
              "runs": {
                "batter": 0,
                "extras": 0,
                "total": 0
              }
            },
            {
              "batter": "JR Dean",
              "bowler": "CP Tremain",
              "non_striker": "TP Ludeman",
              "runs": {
                "batter": 0,
                "extras": 0,
                "total": 0
              }
            },
            {
              "batter": "JR Dean",
              "bowler": "CP Tremain",
              "non_striker": "TP Ludeman",
              "runs": {
                "batter": 4,
                "extras": 0,
                "total": 4
              }
            }
          ]
        },
        {
          "over": 4,
          "deliveries": [
            {
              "batter": "TP Ludeman",
              "bowler": "CJ Gannon",
              "non_striker": "JR Dean",
              "runs": {
                "batter": 0,
                "extras": 0,
                "total": 0
              }
            },
            {
              "batter": "TP Ludeman",
              "bowler": "CJ Gannon",
              "non_striker": "JR Dean",
              "runs": {
                "batter": 0,
                "extras": 0,
                "total": 0
              }
            },
            {
              "batter": "TP Ludeman",
              "bowler": "CJ Gannon",
              "extras": {
                "legbyes": 1
              },
              "non_striker": "JR Dean",
              "runs": {
                "batter": 0,
                "extras": 1,
                "total": 1
              }
            },
            {
              "batter": "JR Dean",
              "bowler": "CJ Gannon",
              "non_striker": "TP Ludeman",
              "runs": {
                "batter": 1,
                "extras": 0,
                "total": 1
              }
            },
            {
              "batter": "TP Ludeman",
              "bowler": "CJ Gannon",
              "non_striker": "JR Dean",
              "runs": {
                "batter": 0,
                "extras": 0,
                "total": 0
              }
            },
            {
              "batter": "TP Ludeman",
              "bowler": "CJ Gannon",
              "extras": {
                "wides": 1
              },
              "non_striker": "JR Dean",
              "runs": {
                "batter": 0,
                "extras": 1,
                "total": 1
              }
            },
            {
              "batter": "TP Ludeman",
              "bowler": "CJ Gannon",
              "non_striker": "JR Dean",
              "runs": {
                "batter": 0,
                "extras": 0,
                "total": 0
              }
            }
          ]
        },
        {
          "over": 5,
          "deliveries": [
            {
              "batter": "JR Dean",
              "bowler": "DJ Bravo",
              "non_striker": "TP Ludeman",
              "runs": {
                "batter": 1,
                "extras": 0,
                "total": 1
              }
            },
            {
              "batter": "TP Ludeman",
              "bowler": "DJ Bravo",
              "non_striker": "JR Dean",
              "runs": {
                "batter": 0,
                "extras": 0,
                "total": 0
              }
            },
            {
              "batter": "TP Ludeman",
              "bowler": "DJ Bravo",
              "non_striker": "JR Dean",
              "runs": {
                "batter": 1,
                "extras": 0,
                "total": 1
              }
            },
            {
              "batter": "JR Dean",
              "bowler": "DJ Bravo",
              "non_striker": "TP Ludeman",
              "runs": {
                "batter": 6,
                "extras": 0,
                "total": 6
              }
            },
            {
              "batter": "JR Dean",
              "bowler": "DJ Bravo",
              "non_striker": "TP Ludeman",
              "runs": {
                "batter": 0,
                "extras": 0,
                "total": 0
              }
            },
            {
              "batter": "JR Dean",
              "bowler": "DJ Bravo",
              "non_striker": "TP Ludeman",
              "runs": {
                "batter": 0,
                "extras": 0,
                "total": 0
              }
            }
          ]
        },
        {
          "over": 6,
          "deliveries": [
            {
              "batter": "TP Ludeman",
              "bowler": "XJ Doherty",
              "extras": {
                "legbyes": 1
              },
              "non_striker": "JR Dean",
              "runs": {
                "batter": 0,
                "extras": 1,
                "total": 1
              }
            },
            {
              "batter": "JR Dean",
              "bowler": "XJ Doherty",
              "non_striker": "TP Ludeman",
              "runs": {
                "batter": 6,
                "extras": 0,
                "total": 6
              }
            },
            {
              "batter": "JR Dean",
              "bowler": "XJ Doherty",
              "non_striker": "TP Ludeman",
              "runs": {
                "batter": 1,
                "extras": 0,
                "total": 1
              }
            },
            {
              "batter": "TP Ludeman",
              "bowler": "XJ Doherty",
              "non_striker": "JR Dean",
              "runs": {
                "batter": 4,
                "extras": 0,
                "total": 4
              }
            },
            {
              "batter": "TP Ludeman",
              "bowler": "XJ Doherty",
              "non_striker": "JR Dean",
              "runs": {
                "batter": 1,
                "extras": 0,
                "total": 1
              }
            },
            {
              "batter": "JR Dean",
              "bowler": "XJ Doherty",
              "non_striker": "TP Ludeman",
              "runs": {
                "batter": 1,
                "extras": 0,
                "total": 1
              }
            }
          ]
        },
        {
          "over": 7,
          "deliveries": [
            {
              "batter": "JR Dean",
              "bowler": "CP Tremain",
              "non_striker": "TP Ludeman",
              "runs": {
                "batter": 0,
                "extras": 0,
                "total": 0
              }
            },
            {
              "batter": "JR Dean",
              "bowler": "CP Tremain",
              "non_striker": "TP Ludeman",
              "runs": {
                "batter": 1,
                "extras": 0,
                "total": 1
              }
            },
            {
              "batter": "TP Ludeman",
              "bowler": "CP Tremain",
              "non_striker": "JR Dean",
              "runs": {
                "batter": 0,
                "extras": 0,
                "total": 0
              }
            },
            {
              "batter": "TP Ludeman",
              "bowler": "CP Tremain",
              "non_striker": "JR Dean",
              "runs": {
                "batter": 1,
                "extras": 0,
                "total": 1
              }
            },
            {
              "batter": "JR Dean",
              "bowler": "CP Tremain",
              "non_striker": "TP Ludeman",
              "runs": {
                "batter": 1,
                "extras": 0,
                "total": 1
              }
            },
            {
              "batter": "TP Ludeman",
              "bowler": "CP Tremain",
              "non_striker": "JR Dean",
              "runs": {
                "batter": 1,
                "extras": 0,
                "total": 1
              }
            }
          ]
        },
        {
          "over": 8,
          "deliveries": [
            {
              "batter": "TP Ludeman",
              "bowler": "CJ Gannon",
              "non_striker": "JR Dean",
              "runs": {
                "batter": 4,
                "extras": 0,
                "total": 4
              }
            },
            {
              "batter": "TP Ludeman",
              "bowler": "CJ Gannon",
              "non_striker": "JR Dean",
              "runs": {
                "batter": 0,
                "extras": 0,
                "total": 0
              }
            },
            {
              "batter": "TP Ludeman",
              "bowler": "CJ Gannon",
              "non_striker": "JR Dean",
              "runs": {
                "batter": 1,
                "extras": 0,
                "total": 1
              }
            },
            {
              "batter": "JR Dean",
              "bowler": "CJ Gannon",
              "non_striker": "TP Ludeman",
              "runs": {
                "batter": 1,
                "extras": 0,
                "total": 1
              }
            },
            {
              "batter": "TP Ludeman",
              "bowler": "CJ Gannon",
              "non_striker": "JR Dean",
              "runs": {
                "batter": 4,
                "extras": 0,
                "total": 4
              }
            },
            {
              "batter": "TP Ludeman",
              "bowler": "CJ Gannon",
              "non_striker": "JR Dean",
              "runs": {
                "batter": 4,
                "extras": 0,
                "total": 4
              }
            }
          ]
        },
        {
          "over": 9,
          "deliveries": [
            {
              "batter": "JR Dean",
              "bowler": "NJ Rimmington",
              "non_striker": "TP Ludeman",
              "runs": {
                "batter": 1,
                "extras": 0,
                "total": 1
              }
            },
            {
              "batter": "TP Ludeman",
              "bowler": "NJ Rimmington",
              "non_striker": "JR Dean",
              "runs": {
                "batter": 4,
                "extras": 0,
                "total": 4
              }
            },
            {
              "batter": "TP Ludeman",
              "bowler": "NJ Rimmington",
              "non_striker": "JR Dean",
              "runs": {
                "batter": 0,
                "extras": 0,
                "total": 0
              }
            },
            {
              "batter": "TP Ludeman",
              "bowler": "NJ Rimmington",
              "extras": {
                "wides": 1
              },
              "non_striker": "JR Dean",
              "runs": {
                "batter": 0,
                "extras": 1,
                "total": 1
              }
            },
            {
              "batter": "TP Ludeman",
              "bowler": "NJ Rimmington",
              "non_striker": "JR Dean",
              "runs": {
                "batter": 0,
                "extras": 0,
                "total": 0
              }
            },
            {
              "batter": "TP Ludeman",
              "bowler": "NJ Rimmington",
              "non_striker": "JR Dean",
              "runs": {
                "batter": 1,
                "extras": 0,
                "total": 1
              }
            },
            {
              "batter": "JR Dean",
              "bowler": "NJ Rimmington",
              "non_striker": "TP Ludeman",
              "runs": {
                "batter": 2,
                "extras": 0,
                "total": 2
              }
            }
          ]
        },
        {
          "over": 10,
          "deliveries": [
            {
              "batter": "TP Ludeman",
              "bowler": "DJ Bravo",
              "non_striker": "JR Dean",
              "runs": {
                "batter": 1,
                "extras": 0,
                "total": 1
              }
            },
            {
              "batter": "JR Dean",
              "bowler": "DJ Bravo",
              "non_striker": "TP Ludeman",
              "runs": {
                "batter": 0,
                "extras": 0,
                "total": 0
              }
            },
            {
              "batter": "JR Dean",
              "bowler": "DJ Bravo",
              "non_striker": "TP Ludeman",
              "runs": {
                "batter": 2,
                "extras": 0,
                "total": 2
              }
            },
            {
              "batter": "JR Dean",
              "bowler": "DJ Bravo",
              "non_striker": "TP Ludeman",
              "runs": {
                "batter": 0,
                "extras": 0,
                "total": 0
              },
              "wickets": [
                {
                  "kind": "caught and bowled",
                  "player_out": "JR Dean"
                }
              ]
            },
            {
              "batter": "TP Ludeman",
              "bowler": "DJ Bravo",
              "non_striker": "TM Head",
              "runs": {
                "batter": 1,
                "extras": 0,
                "total": 1
              }
            },
            {
              "batter": "TM Head",
              "bowler": "DJ Bravo",
              "non_striker": "TP Ludeman",
              "runs": {
                "batter": 0,
                "extras": 0,
                "total": 0
              }
            }
          ]
        },
        {
          "over": 11,
          "deliveries": [
            {
              "batter": "TP Ludeman",
              "bowler": "CP Tremain",
              "non_striker": "TM Head",
              "runs": {
                "batter": 4,
                "extras": 0,
                "total": 4
              }
            },
            {
              "batter": "TP Ludeman",
              "bowler": "CP Tremain",
              "extras": {
                "legbyes": 1
              },
              "non_striker": "TM Head",
              "runs": {
                "batter": 0,
                "extras": 1,
                "total": 1
              }
            },
            {
              "batter": "TM Head",
              "bowler": "CP Tremain",
              "non_striker": "TP Ludeman",
              "runs": {
                "batter": 0,
                "extras": 0,
                "total": 0
              },
              "wickets": [
                {
                  "kind": "caught",
                  "player_out": "TM Head",
                  "fielders": [
                    {
                      "name": "DJ Bravo"
                    }
                  ]
                }
              ]
            },
            {
              "batter": "TP Ludeman",
              "bowler": "CP Tremain",
              "non_striker": "AI Ross",
              "runs": {
                "batter": 1,
                "extras": 0,
                "total": 1
              }
            },
            {
              "batter": "AI Ross",
              "bowler": "CP Tremain",
              "non_striker": "TP Ludeman",
              "runs": {
                "batter": 0,
                "extras": 0,
                "total": 0
              }
            },
            {
              "batter": "AI Ross",
              "bowler": "CP Tremain",
              "non_striker": "TP Ludeman",
              "runs": {
                "batter": 0,
                "extras": 0,
                "total": 0
              }
            }
          ]
        },
        {
          "over": 12,
          "deliveries": [
            {
              "batter": "TP Ludeman",
              "bowler": "XJ Doherty",
              "non_striker": "AI Ross",
              "runs": {
                "batter": 2,
                "extras": 0,
                "total": 2
              }
            },
            {
              "batter": "TP Ludeman",
              "bowler": "XJ Doherty",
              "non_striker": "AI Ross",
              "runs": {
                "batter": 0,
                "extras": 0,
                "total": 0
              }
            },
            {
              "batter": "TP Ludeman",
              "bowler": "XJ Doherty",
              "non_striker": "AI Ross",
              "runs": {
                "batter": 1,
                "extras": 0,
                "total": 1
              }
            },
            {
              "batter": "AI Ross",
              "bowler": "XJ Doherty",
              "non_striker": "TP Ludeman",
              "runs": {
                "batter": 4,
                "extras": 0,
                "total": 4
              }
            },
            {
              "batter": "AI Ross",
              "bowler": "XJ Doherty",
              "non_striker": "TP Ludeman",
              "runs": {
                "batter": 0,
                "extras": 0,
                "total": 0
              },
              "wickets": [
                {
                  "kind": "lbw",
                  "player_out": "AI Ross"
                }
              ]
            },
            {
              "batter": "BJ Hodge",
              "bowler": "XJ Doherty",
              "non_striker": "TP Ludeman",
              "runs": {
                "batter": 0,
                "extras": 0,
                "total": 0
              }
            }
          ]
        },
        {
          "over": 13,
          "deliveries": [
            {
              "batter": "TP Ludeman",
              "bowler": "CJ Gannon",
              "non_striker": "BJ Hodge",
              "runs": {
                "batter": 4,
                "extras": 0,
                "total": 4
              }
            },
            {
              "batter": "TP Ludeman",
              "bowler": "CJ Gannon",
              "non_striker": "BJ Hodge",
              "runs": {
                "batter": 2,
                "extras": 0,
                "total": 2
              }
            },
            {
              "batter": "BJ Hodge",
              "bowler": "CJ Gannon",
              "non_striker": "TP Ludeman",
              "runs": {
                "batter": 1,
                "extras": 0,
                "total": 1
              }
            },
            {
              "batter": "TP Ludeman",
              "bowler": "CJ Gannon",
              "non_striker": "BJ Hodge",
              "runs": {
                "batter": 0,
                "extras": 0,
                "total": 0
              }
            },
            {
              "batter": "TP Ludeman",
              "bowler": "CJ Gannon",
              "non_striker": "BJ Hodge",
              "runs": {
                "batter": 1,
                "extras": 0,
                "total": 1
              }
            },
            {
              "batter": "BJ Hodge",
              "bowler": "CJ Gannon",
              "non_striker": "TP Ludeman",
              "runs": {
                "batter": 0,
                "extras": 0,
                "total": 0
              }
            }
          ]
        },
        {
          "over": 14,
          "deliveries": [
            {
              "batter": "TP Ludeman",
              "bowler": "XJ Doherty",
              "non_striker": "BJ Hodge",
              "runs": {
                "batter": 0,
                "extras": 0,
                "total": 0
              },
              "wickets": [
                {
                  "kind": "caught",
                  "player_out": "TP Ludeman",
                  "fielders": [
                    {
                      "name": "CH Gayle"
                    }
                  ]
                }
              ]
            },
            {
              "batter": "BJ Hodge",
              "bowler": "XJ Doherty",
              "non_striker": "JS Lehmann",
              "runs": {
                "batter": 1,
                "extras": 0,
                "total": 1
              }
            },
            {
              "batter": "JS Lehmann",
              "bowler": "XJ Doherty",
              "non_striker": "BJ Hodge",
              "runs": {
                "batter": 0,
                "extras": 0,
                "total": 0
              }
            },
            {
              "batter": "JS Lehmann",
              "bowler": "XJ Doherty",
              "extras": {
                "wides": 1
              },
              "non_striker": "BJ Hodge",
              "runs": {
                "batter": 0,
                "extras": 1,
                "total": 1
              }
            },
            {
              "batter": "JS Lehmann",
              "bowler": "XJ Doherty",
              "non_striker": "BJ Hodge",
              "runs": {
                "batter": 0,
                "extras": 0,
                "total": 0
              }
            },
            {
              "batter": "JS Lehmann",
              "bowler": "XJ Doherty",
              "non_striker": "BJ Hodge",
              "runs": {
                "batter": 3,
                "extras": 0,
                "total": 3
              }
            },
            {
              "batter": "BJ Hodge",
              "bowler": "XJ Doherty",
              "non_striker": "JS Lehmann",
              "runs": {
                "batter": 1,
                "extras": 0,
                "total": 1
              }
            }
          ]
        },
        {
          "over": 15,
          "deliveries": [
            {
              "batter": "BJ Hodge",
              "bowler": "NJ Rimmington",
              "non_striker": "JS Lehmann",
              "runs": {
                "batter": 2,
                "extras": 0,
                "total": 2
              }
            },
            {
              "batter": "BJ Hodge",
              "bowler": "NJ Rimmington",
              "non_striker": "JS Lehmann",
              "runs": {
                "batter": 0,
                "extras": 0,
                "total": 0
              }
            },
            {
              "batter": "BJ Hodge",
              "bowler": "NJ Rimmington",
              "non_striker": "JS Lehmann",
              "runs": {
                "batter": 1,
                "extras": 0,
                "total": 1
              }
            },
            {
              "batter": "JS Lehmann",
              "bowler": "NJ Rimmington",
              "non_striker": "BJ Hodge",
              "runs": {
                "batter": 4,
                "extras": 0,
                "total": 4
              }
            },
            {
              "batter": "JS Lehmann",
              "bowler": "NJ Rimmington",
              "non_striker": "BJ Hodge",
              "runs": {
                "batter": 0,
                "extras": 0,
                "total": 0
              }
            },
            {
              "batter": "JS Lehmann",
              "bowler": "NJ Rimmington",
              "non_striker": "BJ Hodge",
              "runs": {
                "batter": 3,
                "extras": 0,
                "total": 3
              }
            }
          ]
        },
        {
          "over": 16,
          "deliveries": [
            {
              "batter": "JS Lehmann",
              "bowler": "DJ Bravo",
              "non_striker": "BJ Hodge",
              "runs": {
                "batter": 1,
                "extras": 0,
                "total": 1
              }
            },
            {
              "batter": "BJ Hodge",
              "bowler": "DJ Bravo",
              "non_striker": "JS Lehmann",
              "runs": {
                "batter": 2,
                "extras": 0,
                "total": 2
              }
            },
            {
              "batter": "BJ Hodge",
              "bowler": "DJ Bravo",
              "non_striker": "JS Lehmann",
              "runs": {
                "batter": 1,
                "extras": 0,
                "total": 1
              }
            },
            {
              "batter": "JS Lehmann",
              "bowler": "DJ Bravo",
              "non_striker": "BJ Hodge",
              "runs": {
                "batter": 1,
                "extras": 0,
                "total": 1
              }
            },
            {
              "batter": "BJ Hodge",
              "bowler": "DJ Bravo",
              "non_striker": "JS Lehmann",
              "runs": {
                "batter": 1,
                "extras": 0,
                "total": 1
              }
            },
            {
              "batter": "JS Lehmann",
              "bowler": "DJ Bravo",
              "non_striker": "BJ Hodge",
              "runs": {
                "batter": 4,
                "extras": 0,
                "total": 4
              }
            }
          ]
        },
        {
          "over": 17,
          "deliveries": [
            {
              "batter": "BJ Hodge",
              "bowler": "CJ Gannon",
              "non_striker": "JS Lehmann",
              "runs": {
                "batter": 6,
                "extras": 0,
                "total": 6
              }
            },
            {
              "batter": "BJ Hodge",
              "bowler": "CJ Gannon",
              "non_striker": "JS Lehmann",
              "runs": {
                "batter": 4,
                "extras": 0,
                "total": 4
              }
            },
            {
              "batter": "BJ Hodge",
              "bowler": "CJ Gannon",
              "non_striker": "JS Lehmann",
              "runs": {
                "batter": 2,
                "extras": 0,
                "total": 2
              }
            },
            {
              "batter": "BJ Hodge",
              "bowler": "CJ Gannon",
              "non_striker": "JS Lehmann",
              "runs": {
                "batter": 1,
                "extras": 0,
                "total": 1
              }
            },
            {
              "batter": "JS Lehmann",
              "bowler": "CJ Gannon",
              "non_striker": "BJ Hodge",
              "runs": {
                "batter": 0,
                "extras": 0,
                "total": 0
              }
            },
            {
              "batter": "JS Lehmann",
              "bowler": "CJ Gannon",
              "non_striker": "BJ Hodge",
              "runs": {
                "batter": 2,
                "extras": 0,
                "total": 2
              }
            }
          ]
        },
        {
          "over": 18,
          "deliveries": [
            {
              "batter": "BJ Hodge",
              "bowler": "DJ Bravo",
              "non_striker": "JS Lehmann",
              "runs": {
                "batter": 1,
                "extras": 0,
                "total": 1
              }
            },
            {
              "batter": "JS Lehmann",
              "bowler": "DJ Bravo",
              "non_striker": "BJ Hodge",
              "runs": {
                "batter": 1,
                "extras": 0,
                "total": 1
              }
            },
            {
              "batter": "BJ Hodge",
              "bowler": "DJ Bravo",
              "non_striker": "JS Lehmann",
              "runs": {
                "batter": 6,
                "extras": 0,
                "total": 6
              }
            },
            {
              "batter": "BJ Hodge",
              "bowler": "DJ Bravo",
              "non_striker": "JS Lehmann",
              "runs": {
                "batter": 1,
                "extras": 0,
                "total": 1
              }
            },
            {
              "batter": "JS Lehmann",
              "bowler": "DJ Bravo",
              "non_striker": "BJ Hodge",
              "runs": {
                "batter": 4,
                "extras": 0,
                "total": 4
              }
            },
            {
              "batter": "JS Lehmann",
              "bowler": "DJ Bravo",
              "non_striker": "BJ Hodge",
              "runs": {
                "batter": 1,
                "extras": 0,
                "total": 1
              }
            }
          ]
        },
        {
          "over": 19,
          "deliveries": [
            {
              "batter": "JS Lehmann",
              "bowler": "NJ Rimmington",
              "non_striker": "BJ Hodge",
              "runs": {
                "batter": 0,
                "extras": 0,
                "total": 0
              }
            },
            {
              "batter": "JS Lehmann",
              "bowler": "NJ Rimmington",
              "non_striker": "BJ Hodge",
              "runs": {
                "batter": 0,
                "extras": 0,
                "total": 0
              },
              "wickets": [
                {
                  "kind": "caught",
                  "player_out": "JS Lehmann",
                  "fielders": [
                    {
                      "name": "TM Beaton"
                    }
                  ]
                }
              ]
            },
            {
              "batter": "BJ Hodge",
              "bowler": "NJ Rimmington",
              "extras": {
                "legbyes": 1
              },
              "non_striker": "MG Neser",
              "runs": {
                "batter": 0,
                "extras": 1,
                "total": 1
              }
            },
            {
              "batter": "MG Neser",
              "bowler": "NJ Rimmington",
              "non_striker": "BJ Hodge",
              "runs": {
                "batter": 1,
                "extras": 0,
                "total": 1
              }
            },
            {
              "batter": "BJ Hodge",
              "bowler": "NJ Rimmington",
              "non_striker": "MG Neser",
              "runs": {
                "batter": 4,
                "extras": 0,
                "total": 4
              }
            },
            {
              "batter": "BJ Hodge",
              "bowler": "NJ Rimmington",
              "non_striker": "MG Neser",
              "runs": {
                "batter": 2,
                "extras": 0,
                "total": 2
              }
            }
          ]
        }
      ],
      "powerplays": [
        {
          "from": 0.1,
          "to": 5.6,
          "type": "mandatory"
        }
      ]
    },
    {
      "team": "Melbourne Renegades",
      "overs": [
        {
          "over": 0,
          "deliveries": [
            {
              "batter": "CH Gayle",
              "bowler": "GA West",
              "extras": {
                "wides": 1
              },
              "non_striker": "TLW Cooper",
              "runs": {
                "batter": 0,
                "extras": 1,
                "total": 1
              }
            },
            {
              "batter": "CH Gayle",
              "bowler": "GA West",
              "non_striker": "TLW Cooper",
              "runs": {
                "batter": 2,
                "extras": 0,
                "total": 2
              }
            },
            {
              "batter": "CH Gayle",
              "bowler": "GA West",
              "non_striker": "TLW Cooper",
              "runs": {
                "batter": 0,
                "extras": 0,
                "total": 0
              }
            },
            {
              "batter": "CH Gayle",
              "bowler": "GA West",
              "non_striker": "TLW Cooper",
              "runs": {
                "batter": 6,
                "extras": 0,
                "total": 6
              }
            },
            {
              "batter": "CH Gayle",
              "bowler": "GA West",
              "non_striker": "TLW Cooper",
              "runs": {
                "batter": 6,
                "extras": 0,
                "total": 6
              }
            },
            {
              "batter": "CH Gayle",
              "bowler": "GA West",
              "non_striker": "TLW Cooper",
              "runs": {
                "batter": 6,
                "extras": 0,
                "total": 6
              }
            },
            {
              "batter": "CH Gayle",
              "bowler": "GA West",
              "non_striker": "TLW Cooper",
              "runs": {
                "batter": 6,
                "extras": 0,
                "total": 6
              }
            }
          ]
        },
        {
          "over": 1,
          "deliveries": [
            {
              "batter": "TLW Cooper",
              "bowler": "MG Neser",
              "non_striker": "CH Gayle",
              "runs": {
                "batter": 0,
                "extras": 0,
                "total": 0
              },
              "wickets": [
                {
                  "kind": "caught",
                  "player_out": "TLW Cooper",
                  "fielders": [
                    {
                      "name": "TP Ludeman"
                    }
                  ]
                }
              ]
            },
            {
              "batter": "CL White",
              "bowler": "MG Neser",
              "non_striker": "CH Gayle",
              "runs": {
                "batter": 0,
                "extras": 0,
                "total": 0
              }
            },
            {
              "batter": "CL White",
              "bowler": "MG Neser",
              "non_striker": "CH Gayle",
              "runs": {
                "batter": 0,
                "extras": 0,
                "total": 0
              }
            },
            {
              "batter": "CL White",
              "bowler": "MG Neser",
              "non_striker": "CH Gayle",
              "runs": {
                "batter": 0,
                "extras": 0,
                "total": 0
              }
            },
            {
              "batter": "CL White",
              "bowler": "MG Neser",
              "non_striker": "CH Gayle",
              "runs": {
                "batter": 1,
                "extras": 0,
                "total": 1
              }
            },
            {
              "batter": "CH Gayle",
              "bowler": "MG Neser",
              "non_striker": "CL White",
              "runs": {
                "batter": 2,
                "extras": 0,
                "total": 2
              }
            }
          ]
        },
        {
          "over": 2,
          "deliveries": [
            {
              "batter": "CL White",
              "bowler": "B Laughlin",
              "non_striker": "CH Gayle",
              "runs": {
                "batter": 1,
                "extras": 0,
                "total": 1
              }
            },
            {
              "batter": "CH Gayle",
              "bowler": "B Laughlin",
              "extras": {
                "noballs": 1
              },
              "non_striker": "CL White",
              "runs": {
                "batter": 6,
                "extras": 1,
                "total": 7
              }
            },
            {
              "batter": "CH Gayle",
              "bowler": "B Laughlin",
              "non_striker": "CL White",
              "runs": {
                "batter": 6,
                "extras": 0,
                "total": 6
              }
            },
            {
              "batter": "CH Gayle",
              "bowler": "B Laughlin",
              "non_striker": "CL White",
              "runs": {
                "batter": 4,
                "extras": 0,
                "total": 4
              }
            },
            {
              "batter": "CH Gayle",
              "bowler": "B Laughlin",
              "non_striker": "CL White",
              "runs": {
                "batter": 1,
                "extras": 0,
                "total": 1
              }
            },
            {
              "batter": "CL White",
              "bowler": "B Laughlin",
              "non_striker": "CH Gayle",
              "runs": {
                "batter": 0,
                "extras": 0,
                "total": 0
              }
            },
            {
              "batter": "CL White",
              "bowler": "B Laughlin",
              "non_striker": "CH Gayle",
              "runs": {
                "batter": 4,
                "extras": 0,
                "total": 4
              }
            }
          ]
        },
        {
          "over": 3,
          "deliveries": [
            {
              "batter": "CH Gayle",
              "bowler": "TM Head",
              "non_striker": "CL White",
              "runs": {
                "batter": 6,
                "extras": 0,
                "total": 6
              }
            },
            {
              "batter": "CH Gayle",
              "bowler": "TM Head",
              "non_striker": "CL White",
              "runs": {
                "batter": 1,
                "extras": 0,
                "total": 1
              }
            },
            {
              "batter": "CL White",
              "bowler": "TM Head",
              "non_striker": "CH Gayle",
              "runs": {
                "batter": 0,
                "extras": 0,
                "total": 0
              },
              "wickets": [
                {
                  "kind": "bowled",
                  "player_out": "CL White"
                }
              ]
            },
            {
              "batter": "DJ Bravo",
              "bowler": "TM Head",
              "non_striker": "CH Gayle",
              "runs": {
                "batter": 0,
                "extras": 0,
                "total": 0
              },
              "wickets": [
                {
                  "kind": "bowled",
                  "player_out": "DJ Bravo"
                }
              ]
            },
            {
              "batter": "PM Nevill",
              "bowler": "TM Head",
              "non_striker": "CH Gayle",
              "runs": {
                "batter": 1,
                "extras": 0,
                "total": 1
              }
            },
            {
              "batter": "CH Gayle",
              "bowler": "TM Head",
              "non_striker": "PM Nevill",
              "runs": {
                "batter": 0,
                "extras": 0,
                "total": 0
              }
            }
          ]
        },
        {
          "over": 4,
          "deliveries": [
            {
              "batter": "PM Nevill",
              "bowler": "MG Neser",
              "non_striker": "CH Gayle",
              "runs": {
                "batter": 0,
                "extras": 0,
                "total": 0
              }
            },
            {
              "batter": "PM Nevill",
              "bowler": "MG Neser",
              "non_striker": "CH Gayle",
              "runs": {
                "batter": 0,
                "extras": 0,
                "total": 0
              }
            },
            {
              "batter": "PM Nevill",
              "bowler": "MG Neser",
              "non_striker": "CH Gayle",
              "runs": {
                "batter": 0,
                "extras": 0,
                "total": 0
              }
            },
            {
              "batter": "PM Nevill",
              "bowler": "MG Neser",
              "non_striker": "CH Gayle",
              "runs": {
                "batter": 4,
                "extras": 0,
                "total": 4
              }
            },
            {
              "batter": "PM Nevill",
              "bowler": "MG Neser",
              "non_striker": "CH Gayle",
              "runs": {
                "batter": 0,
                "extras": 0,
                "total": 0
              }
            },
            {
              "batter": "PM Nevill",
              "bowler": "MG Neser",
              "non_striker": "CH Gayle",
              "runs": {
                "batter": 4,
                "extras": 0,
                "total": 4
              }
            }
          ]
        },
        {
          "over": 5,
          "deliveries": [
            {
              "batter": "CH Gayle",
              "bowler": "TM Head",
              "non_striker": "PM Nevill",
              "runs": {
                "batter": 4,
                "extras": 0,
                "total": 4
              }
            },
            {
              "batter": "CH Gayle",
              "bowler": "TM Head",
              "extras": {
                "wides": 1
              },
              "non_striker": "PM Nevill",
              "runs": {
                "batter": 0,
                "extras": 1,
                "total": 1
              }
            },
            {
              "batter": "CH Gayle",
              "bowler": "TM Head",
              "non_striker": "PM Nevill",
              "runs": {
                "batter": 0,
                "extras": 0,
                "total": 0
              }
            },
            {
              "batter": "CH Gayle",
              "bowler": "TM Head",
              "non_striker": "PM Nevill",
              "runs": {
                "batter": 0,
                "extras": 0,
                "total": 0
              },
              "wickets": [
                {
                  "kind": "caught",
                  "player_out": "CH Gayle",
                  "fielders": [
                    {
                      "name": "TP Ludeman"
                    }
                  ]
                }
              ]
            },
            {
              "batter": "PM Nevill",
              "bowler": "TM Head",
              "non_striker": "BR McDermott",
              "runs": {
                "batter": 1,
                "extras": 0,
                "total": 1
              }
            },
            {
              "batter": "BR McDermott",
              "bowler": "TM Head",
              "non_striker": "PM Nevill",
              "runs": {
                "batter": 2,
                "extras": 0,
                "total": 2
              }
            },
            {
              "batter": "BR McDermott",
              "bowler": "TM Head",
              "non_striker": "PM Nevill",
              "runs": {
                "batter": 0,
                "extras": 0,
                "total": 0
              }
            }
          ]
        },
        {
          "over": 6,
          "deliveries": [
            {
              "batter": "PM Nevill",
              "bowler": "B Laughlin",
              "non_striker": "BR McDermott",
              "runs": {
                "batter": 0,
                "extras": 0,
                "total": 0
              }
            },
            {
              "batter": "PM Nevill",
              "bowler": "B Laughlin",
              "non_striker": "BR McDermott",
              "runs": {
                "batter": 0,
                "extras": 0,
                "total": 0
              }
            },
            {
              "batter": "PM Nevill",
              "bowler": "B Laughlin",
              "non_striker": "BR McDermott",
              "runs": {
                "batter": 2,
                "extras": 0,
                "total": 2
              }
            },
            {
              "batter": "PM Nevill",
              "bowler": "B Laughlin",
              "non_striker": "BR McDermott",
              "runs": {
                "batter": 0,
                "extras": 0,
                "total": 0
              }
            },
            {
              "batter": "PM Nevill",
              "bowler": "B Laughlin",
              "non_striker": "BR McDermott",
              "runs": {
                "batter": 1,
                "extras": 0,
                "total": 1
              }
            },
            {
              "batter": "BR McDermott",
              "bowler": "B Laughlin",
              "non_striker": "PM Nevill",
              "runs": {
                "batter": 1,
                "extras": 0,
                "total": 1
              }
            }
          ]
        },
        {
          "over": 7,
          "deliveries": [
            {
              "batter": "BR McDermott",
              "bowler": "JM Holland",
              "non_striker": "PM Nevill",
              "runs": {
                "batter": 1,
                "extras": 0,
                "total": 1
              }
            },
            {
              "batter": "PM Nevill",
              "bowler": "JM Holland",
              "non_striker": "BR McDermott",
              "runs": {
                "batter": 1,
                "extras": 0,
                "total": 1
              }
            },
            {
              "batter": "BR McDermott",
              "bowler": "JM Holland",
              "non_striker": "PM Nevill",
              "runs": {
                "batter": 1,
                "extras": 0,
                "total": 1
              }
            },
            {
              "batter": "PM Nevill",
              "bowler": "JM Holland",
              "non_striker": "BR McDermott",
              "runs": {
                "batter": 4,
                "extras": 0,
                "total": 4
              }
            },
            {
              "batter": "PM Nevill",
              "bowler": "JM Holland",
              "non_striker": "BR McDermott",
              "runs": {
                "batter": 1,
                "extras": 0,
                "total": 1
              }
            },
            {
              "batter": "BR McDermott",
              "bowler": "JM Holland",
              "non_striker": "PM Nevill",
              "runs": {
                "batter": 1,
                "extras": 0,
                "total": 1
              }
            }
          ]
        },
        {
          "over": 8,
          "deliveries": [
            {
              "batter": "BR McDermott",
              "bowler": "AU Rashid",
              "non_striker": "PM Nevill",
              "runs": {
                "batter": 1,
                "extras": 0,
                "total": 1
              }
            },
            {
              "batter": "PM Nevill",
              "bowler": "AU Rashid",
              "non_striker": "BR McDermott",
              "runs": {
                "batter": 1,
                "extras": 0,
                "total": 1
              }
            },
            {
              "batter": "BR McDermott",
              "bowler": "AU Rashid",
              "non_striker": "PM Nevill",
              "runs": {
                "batter": 0,
                "extras": 0,
                "total": 0
              },
              "wickets": [
                {
                  "kind": "caught",
                  "player_out": "BR McDermott",
                  "fielders": [
                    {
                      "name": "TM Head"
                    }
                  ]
                }
              ]
            },
            {
              "batter": "PM Nevill",
              "bowler": "AU Rashid",
              "non_striker": "TM Beaton",
              "runs": {
                "batter": 1,
                "extras": 0,
                "total": 1
              }
            },
            {
              "batter": "TM Beaton",
              "bowler": "AU Rashid",
              "non_striker": "PM Nevill",
              "runs": {
                "batter": 1,
                "extras": 0,
                "total": 1
              }
            },
            {
              "batter": "PM Nevill",
              "bowler": "AU Rashid",
              "non_striker": "TM Beaton",
              "runs": {
                "batter": 0,
                "extras": 0,
                "total": 0
              }
            }
          ]
        },
        {
          "over": 9,
          "deliveries": [
            {
              "batter": "TM Beaton",
              "bowler": "JM Holland",
              "non_striker": "PM Nevill",
              "runs": {
                "batter": 0,
                "extras": 0,
                "total": 0
              },
              "wickets": [
                {
                  "kind": "bowled",
                  "player_out": "TM Beaton"
                }
              ]
            },
            {
              "batter": "CJ Gannon",
              "bowler": "JM Holland",
              "non_striker": "PM Nevill",
              "runs": {
                "batter": 0,
                "extras": 0,
                "total": 0
              },
              "wickets": [
                {
                  "kind": "run out",
                  "player_out": "PM Nevill",
                  "fielders": [
                    {
                      "name": "BJ Hodge"
                    },
                    {
                      "name": "JM Holland"
                    }
                  ]
                }
              ]
            },
            {
              "batter": "CJ Gannon",
              "bowler": "JM Holland",
              "non_striker": "CP Tremain",
              "runs": {
                "batter": 2,
                "extras": 0,
                "total": 2
              }
            },
            {
              "batter": "CJ Gannon",
              "bowler": "JM Holland",
              "non_striker": "CP Tremain",
              "runs": {
                "batter": 1,
                "extras": 0,
                "total": 1
              }
            },
            {
              "batter": "CP Tremain",
              "bowler": "JM Holland",
              "non_striker": "CJ Gannon",
              "runs": {
                "batter": 0,
                "extras": 0,
                "total": 0
              }
            },
            {
              "batter": "CP Tremain",
              "bowler": "JM Holland",
              "non_striker": "CJ Gannon",
              "runs": {
                "batter": 0,
                "extras": 0,
                "total": 0
              },
              "wickets": [
                {
                  "kind": "caught",
                  "player_out": "CP Tremain",
                  "fielders": [
                    {
                      "name": "JR Dean"
                    }
                  ]
                }
              ]
            }
          ]
        },
        {
          "over": 10,
          "deliveries": [
            {
              "batter": "NJ Rimmington",
              "bowler": "AU Rashid",
              "non_striker": "CJ Gannon",
              "runs": {
                "batter": 2,
                "extras": 0,
                "total": 2
              }
            },
            {
              "batter": "NJ Rimmington",
              "bowler": "AU Rashid",
              "non_striker": "CJ Gannon",
              "runs": {
                "batter": 0,
                "extras": 0,
                "total": 0
              }
            },
            {
              "batter": "NJ Rimmington",
              "bowler": "AU Rashid",
              "non_striker": "CJ Gannon",
              "runs": {
                "batter": 0,
                "extras": 0,
                "total": 0
              }
            },
            {
              "batter": "NJ Rimmington",
              "bowler": "AU Rashid",
              "non_striker": "CJ Gannon",
              "runs": {
                "batter": 2,
                "extras": 0,
                "total": 2
              }
            },
            {
              "batter": "NJ Rimmington",
              "bowler": "AU Rashid",
              "non_striker": "CJ Gannon",
              "runs": {
                "batter": 1,
                "extras": 0,
                "total": 1
              }
            },
            {
              "batter": "CJ Gannon",
              "bowler": "AU Rashid",
              "non_striker": "NJ Rimmington",
              "runs": {
                "batter": 1,
                "extras": 0,
                "total": 1
              }
            }
          ]
        },
        {
          "over": 11,
          "deliveries": [
            {
              "batter": "CJ Gannon",
              "bowler": "JM Holland",
              "non_striker": "NJ Rimmington",
              "runs": {
                "batter": 1,
                "extras": 0,
                "total": 1
              }
            },
            {
              "batter": "NJ Rimmington",
              "bowler": "JM Holland",
              "non_striker": "CJ Gannon",
              "runs": {
                "batter": 4,
                "extras": 0,
                "total": 4
              }
            },
            {
              "batter": "NJ Rimmington",
              "bowler": "JM Holland",
              "non_striker": "CJ Gannon",
              "runs": {
                "batter": 0,
                "extras": 0,
                "total": 0
              }
            },
            {
              "batter": "NJ Rimmington",
              "bowler": "JM Holland",
              "non_striker": "CJ Gannon",
              "runs": {
                "batter": 1,
                "extras": 0,
                "total": 1
              }
            },
            {
              "batter": "CJ Gannon",
              "bowler": "JM Holland",
              "non_striker": "NJ Rimmington",
              "runs": {
                "batter": 0,
                "extras": 0,
                "total": 0
              }
            },
            {
              "batter": "CJ Gannon",
              "bowler": "JM Holland",
              "non_striker": "NJ Rimmington",
              "runs": {
                "batter": 6,
                "extras": 0,
                "total": 6
              }
            }
          ]
        },
        {
          "over": 12,
          "deliveries": [
            {
              "batter": "NJ Rimmington",
              "bowler": "GA West",
              "non_striker": "CJ Gannon",
              "runs": {
                "batter": 1,
                "extras": 0,
                "total": 1
              }
            },
            {
              "batter": "CJ Gannon",
              "bowler": "GA West",
              "non_striker": "NJ Rimmington",
              "runs": {
                "batter": 4,
                "extras": 0,
                "total": 4
              }
            },
            {
              "batter": "CJ Gannon",
              "bowler": "GA West",
              "non_striker": "NJ Rimmington",
              "runs": {
                "batter": 4,
                "extras": 0,
                "total": 4
              }
            },
            {
              "batter": "CJ Gannon",
              "bowler": "GA West",
              "non_striker": "NJ Rimmington",
              "runs": {
                "batter": 1,
                "extras": 0,
                "total": 1
              }
            },
            {
              "batter": "NJ Rimmington",
              "bowler": "GA West",
              "non_striker": "CJ Gannon",
              "runs": {
                "batter": 1,
                "extras": 0,
                "total": 1
              }
            },
            {
              "batter": "CJ Gannon",
              "bowler": "GA West",
              "non_striker": "NJ Rimmington",
              "runs": {
                "batter": 0,
                "extras": 0,
                "total": 0
              }
            }
          ]
        },
        {
          "over": 13,
          "deliveries": [
            {
              "batter": "NJ Rimmington",
              "bowler": "AU Rashid",
              "non_striker": "CJ Gannon",
              "runs": {
                "batter": 2,
                "extras": 0,
                "total": 2
              }
            },
            {
              "batter": "NJ Rimmington",
              "bowler": "AU Rashid",
              "non_striker": "CJ Gannon",
              "runs": {
                "batter": 2,
                "extras": 0,
                "total": 2
              }
            },
            {
              "batter": "NJ Rimmington",
              "bowler": "AU Rashid",
              "non_striker": "CJ Gannon",
              "runs": {
                "batter": 4,
                "extras": 0,
                "total": 4
              }
            },
            {
              "batter": "NJ Rimmington",
              "bowler": "AU Rashid",
              "non_striker": "CJ Gannon",
              "runs": {
                "batter": 0,
                "extras": 0,
                "total": 0
              }
            },
            {
              "batter": "NJ Rimmington",
              "bowler": "AU Rashid",
              "non_striker": "CJ Gannon",
              "runs": {
                "batter": 2,
                "extras": 0,
                "total": 2
              }
            },
            {
              "batter": "NJ Rimmington",
              "bowler": "AU Rashid",
              "non_striker": "CJ Gannon",
              "runs": {
                "batter": 1,
                "extras": 0,
                "total": 1
              }
            }
          ]
        },
        {
          "over": 14,
          "deliveries": [
            {
              "batter": "NJ Rimmington",
              "bowler": "MG Neser",
              "non_striker": "CJ Gannon",
              "runs": {
                "batter": 2,
                "extras": 0,
                "total": 2
              }
            },
            {
              "batter": "NJ Rimmington",
              "bowler": "MG Neser",
              "non_striker": "CJ Gannon",
              "runs": {
                "batter": 1,
                "extras": 0,
                "total": 1
              }
            },
            {
              "batter": "CJ Gannon",
              "bowler": "MG Neser",
              "non_striker": "NJ Rimmington",
              "runs": {
                "batter": 1,
                "extras": 0,
                "total": 1
              }
            },
            {
              "batter": "NJ Rimmington",
              "bowler": "MG Neser",
              "non_striker": "CJ Gannon",
              "runs": {
                "batter": 0,
                "extras": 0,
                "total": 0
              },
              "wickets": [
                {
                  "kind": "caught",
                  "player_out": "NJ Rimmington",
                  "fielders": [
                    {
                      "name": "TP Ludeman"
                    }
                  ]
                }
              ]
            },
            {
              "batter": "XJ Doherty",
              "bowler": "MG Neser",
              "non_striker": "CJ Gannon",
              "runs": {
                "batter": 0,
                "extras": 0,
                "total": 0
              }
            },
            {
              "batter": "XJ Doherty",
              "bowler": "MG Neser",
              "non_striker": "CJ Gannon",
              "runs": {
                "batter": 0,
                "extras": 0,
                "total": 0
              }
            }
          ]
        },
        {
          "over": 15,
          "deliveries": [
            {
              "batter": "CJ Gannon",
              "bowler": "B Laughlin",
              "non_striker": "XJ Doherty",
              "runs": {
                "batter": 0,
                "extras": 0,
                "total": 0
              }
            },
            {
              "batter": "CJ Gannon",
              "bowler": "B Laughlin",
              "non_striker": "XJ Doherty",
              "runs": {
                "batter": 2,
                "extras": 0,
                "total": 2
              }
            },
            {
              "batter": "CJ Gannon",
              "bowler": "B Laughlin",
              "non_striker": "XJ Doherty",
              "runs": {
                "batter": 0,
                "extras": 0,
                "total": 0
              },
              "wickets": [
                {
                  "kind": "caught",
                  "player_out": "CJ Gannon",
                  "fielders": [
                    {
                      "name": "BJ Hodge"
                    }
                  ]
                }
              ]
            }
          ]
        }
      ],
      "powerplays": [
        {
          "from": 0.1,
          "to": 5.7,
          "type": "mandatory"
        }
      ],
      "target": {
        "overs": 20,
        "runs": 171
      }
    }
  ]
}