{
  "meta": {
    "data_version": "1.0.0",
    "created": "2017-04-02",
    "revision": 1
  },
  "info": {
    "balls_per_over": 6,
    "city": "Hobart",
    "dates": [
      "2015-12-22"
    ],
    "event": {
      "match_number": 7,
      "name": "Big Bash League"
    },
    "gender": "male",
    "match_type": "T20",
    "officials": {
      "match_referees": [
        "SR Bernard"
      ],
      "reserve_umpires": [
        "H Wolff"
      ],
      "tv_umpires": [
        "PJ Gillespie"
      ],
      "umpires": [
        "GJ Davidson",
        "MW Graham-Smith"
      ]
    },
    "outcome": {
      "by": {
        "runs": 20
      },
      "winner": "Hobart Hurricanes"
    },
    "overs": 20,
    "player_of_match": [
      "TD Paine"
    ],
    "players": {
      "Brisbane Heat": [
        "JJ Peirson",
        "LMP Simmons",
        "JS Floros",
        "PJ Forrest",
        "CA Lynn",
        "NJ Reardon",
        "BCJ Cutting",
        "JR Hopes",
        "JK Lalor",
        "S Badree",
        "AL Fekete"
      ],
      "Hobart Hurricanes": [
        "BR Dunk",
        "TD Paine",
        "KC Sangakkara",
        "GJ Bailey",
        "DT Christian",
        "JW Wells",
        "DJG Sammy",
        "CA Rose",
        "CJ Boyce",
        "SL Rainbird",
        "SW Tait"
      ]
    },
    "registry": {
      "people": {
        "AL Fekete": "029c4618",
        "BCJ Cutting": "2e11c706",
        "BR Dunk": "272d796e",
        "CA Lynn": "45eda7c8",
        "CA Rose": "7517d134",
        "CJ Boyce": "51a60c16",
        "DJG Sammy": "c03c6200",
        "DT Christian": "2a2e6343",
        "GJ Bailey": "5056011d",
        "GJ Davidson": "31ad5973",
        "H Wolff": "e44c17f1",
        "JJ Peirson": "2b55c3b4",
        "JK Lalor": "88209c84",
        "JR Hopes": "2498e163",
        "JS Floros": "79765f6f",
        "JW Wells": "8bdac857",
        "KC Sangakkara": "6b71e6cf",
        "LMP Simmons": "89f64c19",
        "MW Graham-Smith": "18aca3ce",
        "NJ Reardon": "c7bdb5b5",
        "PJ Forrest": "56c205b7",
        "PJ Gillespie": "3e253a50",
        "S Badree": "76388dc8",
        "SL Rainbird": "e7dd5eca",
        "SR Bernard": "800187dc",
        "SW Tait": "addfb70e",
        "TD Paine": "5748e866"
      }
    },
    "season": "2015/16",
    "team_type": "club",
    "teams": [
      "Hobart Hurricanes",
      "Brisbane Heat"
    ],
    "toss": {
      "decision": "bat",
      "winner": "Hobart Hurricanes"
    },
    "venue": "Bellerive Oval"
  },
  "innings": [
    {
      "team": "Hobart Hurricanes",
      "overs": [
        {
          "over": 0,
          "deliveries": [
            {
              "batter": "BR Dunk",
              "bowler": "JK Lalor",
              "non_striker": "TD Paine",
              "runs": {
                "batter": 1,
                "extras": 0,
                "total": 1
              }
            },
            {
              "batter": "TD Paine",
              "bowler": "JK Lalor",
              "non_striker": "BR Dunk",
              "runs": {
                "batter": 0,
                "extras": 0,
                "total": 0
              }
            },
            {
              "batter": "TD Paine",
              "bowler": "JK Lalor",
              "non_striker": "BR Dunk",
              "runs": {
                "batter": 1,
                "extras": 0,
                "total": 1
              }
            },
            {
              "batter": "BR Dunk",
              "bowler": "JK Lalor",
              "non_striker": "TD Paine",
              "runs": {
                "batter": 1,
                "extras": 0,
                "total": 1
              }
            },
            {
              "batter": "TD Paine",
              "bowler": "JK Lalor",
              "non_striker": "BR Dunk",
              "runs": {
                "batter": 0,
                "extras": 0,
                "total": 0
              }
            },
            {
              "batter": "TD Paine",
              "bowler": "JK Lalor",
              "non_striker": "BR Dunk",
              "runs": {
                "batter": 1,
                "extras": 0,
                "total": 1
              }
            }
          ]
        },
        {
          "over": 1,
          "deliveries": [
            {
              "batter": "TD Paine",
              "bowler": "JS Floros",
              "non_striker": "BR Dunk",
              "runs": {
                "batter": 1,
                "extras": 0,
                "total": 1
              }
            },
            {
              "batter": "BR Dunk",
              "bowler": "JS Floros",
              "non_striker": "TD Paine",
              "runs": {
                "batter": 1,
                "extras": 0,
                "total": 1
              }
            },
            {
              "batter": "TD Paine",
              "bowler": "JS Floros",
              "non_striker": "BR Dunk",
              "runs": {
                "batter": 1,
                "extras": 0,
                "total": 1
              }
            },
            {
              "batter": "BR Dunk",
              "bowler": "JS Floros",
              "non_striker": "TD Paine",
              "runs": {
                "batter": 0,
                "extras": 0,
                "total": 0
              }
            },
            {
              "batter": "BR Dunk",
              "bowler": "JS Floros",
              "non_striker": "TD Paine",
              "runs": {
                "batter": 1,
                "extras": 0,
                "total": 1
              }
            },
            {
              "batter": "TD Paine",
              "bowler": "JS Floros",
              "non_striker": "BR Dunk",
              "runs": {
                "batter": 1,
                "extras": 0,
                "total": 1
              }
            }
          ]
        },
        {
          "over": 2,
          "deliveries": [
            {
              "batter": "TD Paine",
              "bowler": "JK Lalor",
              "non_striker": "BR Dunk",
              "runs": {
                "batter": 4,
                "extras": 0,
                "total": 4
              }
            },
            {
              "batter": "TD Paine",
              "bowler": "JK Lalor",
              "non_striker": "BR Dunk",
              "runs": {
                "batter": 1,
                "extras": 0,
                "total": 1
              }
            },
            {
              "batter": "BR Dunk",
              "bowler": "JK Lalor",
              "non_striker": "TD Paine",
              "runs": {
                "batter": 1,
                "extras": 0,
                "total": 1
              }
            },
            {
              "batter": "TD Paine",
              "bowler": "JK Lalor",
              "non_striker": "BR Dunk",
              "runs": {
                "batter": 6,
                "extras": 0,
                "total": 6
              }
            },
            {
              "batter": "TD Paine",
              "bowler": "JK Lalor",
              "non_striker": "BR Dunk",
              "runs": {
                "batter": 1,
                "extras": 0,
                "total": 1
              }
            },
            {
              "batter": "BR Dunk",
              "bowler": "JK Lalor",
              "non_striker": "TD Paine",
              "runs": {
                "batter": 0,
                "extras": 0,
                "total": 0
              },
              "wickets": [
                {
                  "kind": "run out",
                  "player_out": "BR Dunk",
                  "fielders": [
                    {
                      "name": "PJ Forrest"
                    }
                  ]
                }
              ]
            }
          ]
        },
        {
          "over": 3,
          "deliveries": [
            {
              "batter": "KC Sangakkara",
              "bowler": "S Badree",
              "non_striker": "TD Paine",
              "runs": {
                "batter": 1,
                "extras": 0,
                "total": 1
              }
            },
            {
              "batter": "TD Paine",
              "bowler": "S Badree",
              "non_striker": "KC Sangakkara",
              "runs": {
                "batter": 1,
                "extras": 0,
                "total": 1
              }
            },
            {
              "batter": "KC Sangakkara",
              "bowler": "S Badree",
              "non_striker": "TD Paine",
              "runs": {
                "batter": 0,
                "extras": 0,
                "total": 0
              }
            },
            {
              "batter": "KC Sangakkara",
              "bowler": "S Badree",
              "non_striker": "TD Paine",
              "runs": {
                "batter": 1,
                "extras": 0,
                "total": 1
              }
            },
            {
              "batter": "TD Paine",
              "bowler": "S Badree",
              "non_striker": "KC Sangakkara",
              "runs": {
                "batter": 1,
                "extras": 0,
                "total": 1
              }
            },
            {
              "batter": "KC Sangakkara",
              "bowler": "S Badree",
              "non_striker": "TD Paine",
              "runs": {
                "batter": 1,
                "extras": 0,
                "total": 1
              }
            }
          ]
        },
        {
          "over": 4,
          "deliveries": [
            {
              "batter": "KC Sangakkara",
              "bowler": "AL Fekete",
              "non_striker": "TD Paine",
              "runs": {
                "batter": 1,
                "extras": 0,
                "total": 1
              }
            },
            {
              "batter": "TD Paine",
              "bowler": "AL Fekete",
              "non_striker": "KC Sangakkara",
              "runs": {
                "batter": 6,
                "extras": 0,
                "total": 6
              }
            },
            {
              "batter": "TD Paine",
              "bowler": "AL Fekete",
              "non_striker": "KC Sangakkara",
              "runs": {
                "batter": 1,
                "extras": 0,
                "total": 1
              }
            },
            {
              "batter": "KC Sangakkara",
              "bowler": "AL Fekete",
              "non_striker": "TD Paine",
              "runs": {
                "batter": 0,
                "extras": 0,
                "total": 0
              }
            },
            {
              "batter": "KC Sangakkara",
              "bowler": "AL Fekete",
              "non_striker": "TD Paine",
              "runs": {
                "batter": 1,
                "extras": 0,
                "total": 1
              }
            },
            {
              "batter": "TD Paine",
              "bowler": "AL Fekete",
              "non_striker": "KC Sangakkara",
              "runs": {
                "batter": 4,
                "extras": 0,
                "total": 4
              }
            }
          ]
        },
        {
          "over": 5,
          "deliveries": [
            {
              "batter": "KC Sangakkara",
              "bowler": "JS Floros",
              "non_striker": "TD Paine",
              "runs": {
                "batter": 1,
                "extras": 0,
                "total": 1
              }
            },
            {
              "batter": "TD Paine",
              "bowler": "JS Floros",
              "non_striker": "KC Sangakkara",
              "runs": {
                "batter": 1,
                "extras": 0,
                "total": 1
              }
            },
            {
              "batter": "KC Sangakkara",
              "bowler": "JS Floros",
              "non_striker": "TD Paine",
              "runs": {
                "batter": 0,
                "extras": 0,
                "total": 0
              }
            },
            {
              "batter": "KC Sangakkara",
              "bowler": "JS Floros",
              "non_striker": "TD Paine",
              "runs": {
                "batter": 4,
                "extras": 0,
                "total": 4
              }
            },
            {
              "batter": "KC Sangakkara",
              "bowler": "JS Floros",
              "non_striker": "TD Paine",
              "runs": {
                "batter": 1,
                "extras": 0,
                "total": 1
              }
            },
            {
              "batter": "TD Paine",
              "bowler": "JS Floros",
              "non_striker": "KC Sangakkara",
              "runs": {
                "batter": 0,
                "extras": 0,
                "total": 0
              }
            }
          ]
        },
        {
          "over": 6,
          "deliveries": [
            {
              "batter": "KC Sangakkara",
              "bowler": "S Badree",
              "non_striker": "TD Paine",
              "runs": {
                "batter": 1,
                "extras": 0,
                "total": 1
              }
            },
            {
              "batter": "TD Paine",
              "bowler": "S Badree",
              "non_striker": "KC Sangakkara",
              "runs": {
                "batter": 1,
                "extras": 0,
                "total": 1
              }
            },
            {
              "batter": "KC Sangakkara",
              "bowler": "S Badree",
              "non_striker": "TD Paine",
              "runs": {
                "batter": 1,
                "extras": 0,
                "total": 1
              }
            },
            {
              "batter": "TD Paine",
              "bowler": "S Badree",
              "non_striker": "KC Sangakkara",
              "runs": {
                "batter": 0,
                "extras": 0,
                "total": 0
              }
            },
            {
              "batter": "TD Paine",
              "bowler": "S Badree",
              "non_striker": "KC Sangakkara",
              "runs": {
                "batter": 1,
                "extras": 0,
                "total": 1
              }
            },
            {
              "batter": "KC Sangakkara",
              "bowler": "S Badree",
              "non_striker": "TD Paine",
              "runs": {
                "batter": 1,
                "extras": 0,
                "total": 1
              }
            }
          ]
        },
        {
          "over": 7,
          "deliveries": [
            {
              "batter": "KC Sangakkara",
              "bowler": "JR Hopes",
              "non_striker": "TD Paine",
              "runs": {
                "batter": 2,
                "extras": 0,
                "total": 2
              }
            },
            {
              "batter": "KC Sangakkara",
              "bowler": "JR Hopes",
              "non_striker": "TD Paine",
              "runs": {
                "batter": 1,
                "extras": 0,
                "total": 1
              }
            },
            {
              "batter": "TD Paine",
              "bowler": "JR Hopes",
              "non_striker": "KC Sangakkara",
              "runs": {
                "batter": 0,
                "extras": 0,
                "total": 0
              }
            },
            {
              "batter": "TD Paine",
              "bowler": "JR Hopes",
              "non_striker": "KC Sangakkara",
              "runs": {
                "batter": 1,
                "extras": 0,
                "total": 1
              }
            },
            {
              "batter": "KC Sangakkara",
              "bowler": "JR Hopes",
              "non_striker": "TD Paine",
              "runs": {
                "batter": 0,
                "extras": 0,
                "total": 0
              }
            },
            {
              "batter": "KC Sangakkara",
              "bowler": "JR Hopes",
              "non_striker": "TD Paine",
              "runs": {
                "batter": 4,
                "extras": 0,
                "total": 4
              }
            }
          ]
        },
        {
          "over": 8,
          "deliveries": [
            {
              "batter": "TD Paine",
              "bowler": "S Badree",
              "non_striker": "KC Sangakkara",
              "runs": {
                "batter": 2,
                "extras": 0,
                "total": 2
              }
            },
            {
              "batter": "TD Paine",
              "bowler": "S Badree",
              "non_striker": "KC Sangakkara",
              "runs": {
                "batter": 2,
                "extras": 0,
                "total": 2
              }
            },
            {
              "batter": "TD Paine",
              "bowler": "S Badree",
              "extras": {
                "byes": 1
              },
              "non_striker": "KC Sangakkara",
              "runs": {
                "batter": 0,
                "extras": 1,
                "total": 1
              }
            },
            {
              "batter": "KC Sangakkara",
              "bowler": "S Badree",
              "non_striker": "TD Paine",
              "runs": {
                "batter": 4,
                "extras": 0,
                "total": 4
              }
            },
            {
              "batter": "KC Sangakkara",
              "bowler": "S Badree",
              "non_striker": "TD Paine",
              "runs": {
                "batter": 2,
                "extras": 0,
                "total": 2
              }
            },
            {
              "batter": "KC Sangakkara",
              "bowler": "S Badree",
              "non_striker": "TD Paine",
              "runs": {
                "batter": 1,
                "extras": 0,
                "total": 1
              }
            }
          ]
        },
        {
          "over": 9,
          "deliveries": [
            {
              "batter": "KC Sangakkara",
              "bowler": "JR Hopes",
              "non_striker": "TD Paine",
              "runs": {
                "batter": 2,
                "extras": 0,
                "total": 2
              }
            },
            {
              "batter": "KC Sangakkara",
              "bowler": "JR Hopes",
              "non_striker": "TD Paine",
              "runs": {
                "batter": 4,
                "extras": 0,
                "total": 4
              }
            },
            {
              "batter": "KC Sangakkara",
              "bowler": "JR Hopes",
              "non_striker": "TD Paine",
              "runs": {
                "batter": 1,
                "extras": 0,
                "total": 1
              }
            },
            {
              "batter": "TD Paine",
              "bowler": "JR Hopes",
              "non_striker": "KC Sangakkara",
              "runs": {
                "batter": 1,
                "extras": 0,
                "total": 1
              }
            },
            {
              "batter": "KC Sangakkara",
              "bowler": "JR Hopes",
              "non_striker": "TD Paine",
              "runs": {
                "batter": 4,
                "extras": 0,
                "total": 4
              }
            },
            {
              "batter": "KC Sangakkara",
              "bowler": "JR Hopes",
              "non_striker": "TD Paine",
              "runs": {
                "batter": 2,
                "extras": 0,
                "total": 2
              }
            }
          ]
        },
        {
          "over": 10,
          "deliveries": [
            {
              "batter": "TD Paine",
              "bowler": "JK Lalor",
              "non_striker": "KC Sangakkara",
              "runs": {
                "batter": 4,
                "extras": 0,
                "total": 4
              }
            },
            {
              "batter": "TD Paine",
              "bowler": "JK Lalor",
              "non_striker": "KC Sangakkara",
              "runs": {
                "batter": 1,
                "extras": 0,
                "total": 1
              }
            },
            {
              "batter": "KC Sangakkara",
              "bowler": "JK Lalor",
              "non_striker": "TD Paine",
              "runs": {
                "batter": 0,
                "extras": 0,
                "total": 0
              }
            },
            {
              "batter": "KC Sangakkara",
              "bowler": "JK Lalor",
              "extras": {
                "noballs": 1
              },
              "non_striker": "TD Paine",
              "runs": {
                "batter": 0,
                "extras": 1,
                "total": 1
              }
            },
            {
              "batter": "KC Sangakkara",
              "bowler": "JK Lalor",
              "non_striker": "TD Paine",
              "runs": {
                "batter": 1,
                "extras": 0,
                "total": 1
              }
            },
            {
              "batter": "TD Paine",
              "bowler": "JK Lalor",
              "non_striker": "KC Sangakkara",
              "runs": {
                "batter": 0,
                "extras": 0,
                "total": 0
              }
            },
            {
              "batter": "TD Paine",
              "bowler": "JK Lalor",
              "non_striker": "KC Sangakkara",
              "runs": {
                "batter": 4,
                "extras": 0,
                "total": 4
              }
            }
          ]
        },
        {
          "over": 11,
          "deliveries": [
            {
              "batter": "KC Sangakkara",
              "bowler": "BCJ Cutting",
              "non_striker": "TD Paine",
              "runs": {
                "batter": 1,
                "extras": 0,
                "total": 1
              }
            },
            {
              "batter": "TD Paine",
              "bowler": "BCJ Cutting",
              "non_striker": "KC Sangakkara",
              "runs": {
                "batter": 1,
                "extras": 0,
                "total": 1
              }
            },
            {
              "batter": "KC Sangakkara",
              "bowler": "BCJ Cutting",
              "non_striker": "TD Paine",
              "runs": {
                "batter": 0,
                "extras": 0,
                "total": 0
              },
              "wickets": [
                {
                  "kind": "caught",
                  "player_out": "KC Sangakkara",
                  "fielders": [
                    {
                      "name": "LMP Simmons"
                    }
                  ]
                }
              ]
            },
            {
              "batter": "TD Paine",
              "bowler": "BCJ Cutting",
              "non_striker": "GJ Bailey",
              "runs": {
                "batter": 0,
                "extras": 0,
                "total": 0
              }
            },
            {
              "batter": "TD Paine",
              "bowler": "BCJ Cutting",
              "non_striker": "GJ Bailey",
              "runs": {
                "batter": 1,
                "extras": 0,
                "total": 1
              }
            },
            {
              "batter": "GJ Bailey",
              "bowler": "BCJ Cutting",
              "non_striker": "TD Paine",
              "runs": {
                "batter": 0,
                "extras": 0,
                "total": 0
              }
            }
          ]
        },
        {
          "over": 12,
          "deliveries": [
            {
              "batter": "TD Paine",
              "bowler": "AL Fekete",
              "non_striker": "GJ Bailey",
              "runs": {
                "batter": 1,
                "extras": 0,
                "total": 1
              }
            },
            {
              "batter": "GJ Bailey",
              "bowler": "AL Fekete",
              "non_striker": "TD Paine",
              "runs": {
                "batter": 1,
                "extras": 0,
                "total": 1
              }
            },
            {
              "batter": "TD Paine",
              "bowler": "AL Fekete",
              "non_striker": "GJ Bailey",
              "runs": {
                "batter": 1,
                "extras": 0,
                "total": 1
              }
            },
            {
              "batter": "GJ Bailey",
              "bowler": "AL Fekete",
              "non_striker": "TD Paine",
              "runs": {
                "batter": 0,
                "extras": 0,
                "total": 0
              }
            },
            {
              "batter": "GJ Bailey",
              "bowler": "AL Fekete",
              "non_striker": "TD Paine",
              "runs": {
                "batter": 0,
                "extras": 0,
                "total": 0
              }
            },
            {
              "batter": "GJ Bailey",
              "bowler": "AL Fekete",
              "non_striker": "TD Paine",
              "runs": {
                "batter": 4,
                "extras": 0,
                "total": 4
              }
            }
          ]
        },
        {
          "over": 13,
          "deliveries": [
            {
              "batter": "TD Paine",
              "bowler": "BCJ Cutting",
              "non_striker": "GJ Bailey",
              "runs": {
                "batter": 0,
                "extras": 0,
                "total": 0
              }
            },
            {
              "batter": "TD Paine",
              "bowler": "BCJ Cutting",
              "non_striker": "GJ Bailey",
              "runs": {
                "batter": 1,
                "extras": 0,
                "total": 1
              }
            },
            {
              "batter": "GJ Bailey",
              "bowler": "BCJ Cutting",
              "non_striker": "TD Paine",
              "runs": {
                "batter": 4,
                "extras": 0,
                "total": 4
              }
            },
            {
              "batter": "GJ Bailey",
              "bowler": "BCJ Cutting",
              "non_striker": "TD Paine",
              "runs": {
                "batter": 1,
                "extras": 0,
                "total": 1
              }
            },
            {
              "batter": "TD Paine",
              "bowler": "BCJ Cutting",
              "non_striker": "GJ Bailey",
              "runs": {
                "batter": 1,
                "extras": 0,
                "total": 1
              }
            },
            {
              "batter": "GJ Bailey",
              "bowler": "BCJ Cutting",
              "non_striker": "TD Paine",
              "runs": {
                "batter": 2,
                "extras": 0,
                "total": 2
              }
            }
          ]
        },
        {
          "over": 14,
          "deliveries": [
            {
              "batter": "TD Paine",
              "bowler": "JK Lalor",
              "non_striker": "GJ Bailey",
              "runs": {
                "batter": 0,
                "extras": 0,
                "total": 0
              }
            },
            {
              "batter": "TD Paine",
              "bowler": "JK Lalor",
              "non_striker": "GJ Bailey",
              "runs": {
                "batter": 0,
                "extras": 0,
                "total": 0
              }
            },
            {
              "batter": "TD Paine",
              "bowler": "JK Lalor",
              "non_striker": "GJ Bailey",
              "runs": {
                "batter": 1,
                "extras": 0,
                "total": 1
              }
            },
            {
              "batter": "GJ Bailey",
              "bowler": "JK Lalor",
              "non_striker": "TD Paine",
              "runs": {
                "batter": 2,
                "extras": 0,
                "total": 2
              }
            },
            {
              "batter": "GJ Bailey",
              "bowler": "JK Lalor",
              "non_striker": "TD Paine",
              "runs": {
                "batter": 1,
                "extras": 0,
                "total": 1
              }
            },
            {
              "batter": "TD Paine",
              "bowler": "JK Lalor",
              "non_striker": "GJ Bailey",
              "runs": {
                "batter": 0,
                "extras": 0,
                "total": 0
              }
            }
          ]
        },
        {
          "over": 15,
          "deliveries": [
            {
              "batter": "GJ Bailey",
              "bowler": "JR Hopes",
              "non_striker": "TD Paine",
              "runs": {
                "batter": 1,
                "extras": 0,
                "total": 1
              }
            },
            {
              "batter": "TD Paine",
              "bowler": "JR Hopes",
              "non_striker": "GJ Bailey",
              "runs": {
                "batter": 1,
                "extras": 0,
                "total": 1
              }
            },
            {
              "batter": "GJ Bailey",
              "bowler": "JR Hopes",
              "non_striker": "TD Paine",
              "runs": {
                "batter": 4,
                "extras": 0,
                "total": 4
              }
            },
            {
              "batter": "GJ Bailey",
              "bowler": "JR Hopes",
              "non_striker": "TD Paine",
              "runs": {
                "batter": 4,
                "extras": 0,
                "total": 4
              }
            },
            {
              "batter": "GJ Bailey",
              "bowler": "JR Hopes",
              "non_striker": "TD Paine",
              "runs": {
                "batter": 4,
                "extras": 0,
                "total": 4
              }
            },
            {
              "batter": "GJ Bailey",
              "bowler": "JR Hopes",
              "non_striker": "TD Paine",
              "runs": {
                "batter": 1,
                "extras": 0,
                "total": 1
              }
            }
          ]
        },
        {
          "over": 16,
          "deliveries": [
            {
              "batter": "GJ Bailey",
              "bowler": "S Badree",
              "non_striker": "TD Paine",
              "runs": {
                "batter": 2,
                "extras": 0,
                "total": 2
              }
            },
            {
              "batter": "GJ Bailey",
              "bowler": "S Badree",
              "non_striker": "TD Paine",
              "runs": {
                "batter": 6,
                "extras": 0,
                "total": 6
              }
            },
            {
              "batter": "GJ Bailey",
              "bowler": "S Badree",
              "non_striker": "TD Paine",
              "runs": {
                "batter": 1,
                "extras": 0,
                "total": 1
              }
            },
            {
              "batter": "TD Paine",
              "bowler": "S Badree",
              "non_striker": "GJ Bailey",
              "runs": {
                "batter": 2,
                "extras": 0,
                "total": 2
              }
            },
            {
              "batter": "TD Paine",
              "bowler": "S Badree",
              "non_striker": "GJ Bailey",
              "runs": {
                "batter": 4,
                "extras": 0,
                "total": 4
              }
            },
            {
              "batter": "TD Paine",
              "bowler": "S Badree",
              "non_striker": "GJ Bailey",
              "runs": {
                "batter": 1,
                "extras": 0,
                "total": 1
              }
            }
          ]
        },
        {
          "over": 17,
          "deliveries": [
            {
              "batter": "TD Paine",
              "bowler": "BCJ Cutting",
              "non_striker": "GJ Bailey",
              "runs": {
                "batter": 1,
                "extras": 0,
                "total": 1
              }
            },
            {
              "batter": "GJ Bailey",
              "bowler": "BCJ Cutting",
              "non_striker": "TD Paine",
              "runs": {
                "batter": 1,
                "extras": 0,
                "total": 1
              }
            },
            {
              "batter": "TD Paine",
              "bowler": "BCJ Cutting",
              "non_striker": "GJ Bailey",
              "runs": {
                "batter": 1,
                "extras": 0,
                "total": 1
              }
            },
            {
              "batter": "GJ Bailey",
              "bowler": "BCJ Cutting",
              "non_striker": "TD Paine",
              "runs": {
                "batter": 1,
                "extras": 0,
                "total": 1
              }
            },
            {
              "batter": "TD Paine",
              "bowler": "BCJ Cutting",
              "non_striker": "GJ Bailey",
              "runs": {
                "batter": 2,
                "extras": 0,
                "total": 2
              }
            },
            {
              "batter": "TD Paine",
              "bowler": "BCJ Cutting",
              "non_striker": "GJ Bailey",
              "runs": {
                "batter": 1,
                "extras": 0,
                "total": 1
              }
            }
          ]
        },
        {
          "over": 18,
          "deliveries": [
            {
              "batter": "TD Paine",
              "bowler": "AL Fekete",
              "non_striker": "GJ Bailey",
              "runs": {
                "batter": 1,
                "extras": 0,
                "total": 1
              }
            },
            {
              "batter": "GJ Bailey",
              "bowler": "AL Fekete",
              "non_striker": "TD Paine",
              "runs": {
                "batter": 0,
                "extras": 0,
                "total": 0
              },
              "wickets": [
                {
                  "kind": "caught",
                  "player_out": "GJ Bailey",
                  "fielders": [
                    {
                      "name": "LMP Simmons"
                    }
                  ]
                }
              ]
            },
            {
              "batter": "TD Paine",
              "bowler": "AL Fekete",
              "non_striker": "DT Christian",
              "runs": {
                "batter": 6,
                "extras": 0,
                "total": 6
              }
            },
            {
              "batter": "TD Paine",
              "bowler": "AL Fekete",
              "non_striker": "DT Christian",
              "runs": {
                "batter": 4,
                "extras": 0,
                "total": 4
              }
            },
            {
              "batter": "TD Paine",
              "bowler": "AL Fekete",
              "extras": {
                "legbyes": 1
              },
              "non_striker": "DT Christian",
              "runs": {
                "batter": 0,
                "extras": 1,
                "total": 1
              }
            },
            {
              "batter": "DT Christian",
              "bowler": "AL Fekete",
              "extras": {
                "wides": 1
              },
              "non_striker": "TD Paine",
              "runs": {
                "batter": 0,
                "extras": 1,
                "total": 1
              }
            },
            {
              "batter": "DT Christian",
              "bowler": "AL Fekete",
              "non_striker": "TD Paine",
              "runs": {
                "batter": 0,
                "extras": 0,
                "total": 0
              }
            }
          ]
        },
        {
          "over": 19,
          "deliveries": [
            {
              "batter": "TD Paine",
              "bowler": "BCJ Cutting",
              "non_striker": "DT Christian",
              "runs": {
                "batter": 6,
                "extras": 0,
                "total": 6
              }
            },
            {
              "batter": "TD Paine",
              "bowler": "BCJ Cutting",
              "non_striker": "DT Christian",
              "runs": {
                "batter": 1,
                "extras": 0,
                "total": 1
              }
            },
            {
              "batter": "DT Christian",
              "bowler": "BCJ Cutting",
              "non_striker": "TD Paine",
              "runs": {
                "batter": 2,
                "extras": 0,
                "total": 2
              }
            },
            {
              "batter": "DT Christian",
              "bowler": "BCJ Cutting",
              "non_striker": "TD Paine",
              "runs": {
                "batter": 1,
                "extras": 0,
                "total": 1
              }
            },
            {
              "batter": "TD Paine",
              "bowler": "BCJ Cutting",
              "non_striker": "DT Christian",
              "runs": {
                "batter": 1,
                "extras": 0,
                "total": 1
              }
            },
            {
              "batter": "DT Christian",
              "bowler": "BCJ Cutting",
              "non_striker": "TD Paine",
              "runs": {
                "batter": 2,
                "extras": 0,
                "total": 2
              }
            }
          ]
        }
      ],
      "powerplays": [
        {
          "from": 0.1,
          "to": 5.6,
          "type": "mandatory"
        }
      ]
    },
    {
      "team": "Brisbane Heat",
      "overs": [
        {
          "over": 0,
          "deliveries": [
            {
              "batter": "JJ Peirson",
              "bowler": "SW Tait",
              "non_striker": "LMP Simmons",
              "runs": {
                "batter": 4,
                "extras": 0,
                "total": 4
              }
            },
            {
              "batter": "JJ Peirson",
              "bowler": "SW Tait",
              "extras": {
                "wides": 1
              },
              "non_striker": "LMP Simmons",
              "runs": {
                "batter": 0,
                "extras": 1,
                "total": 1
              }
            },
            {
              "batter": "JJ Peirson",
              "bowler": "SW Tait",
              "non_striker": "LMP Simmons",
              "runs": {
                "batter": 0,
                "extras": 0,
                "total": 0
              }
            },
            {
              "batter": "JJ Peirson",
              "bowler": "SW Tait",
              "non_striker": "LMP Simmons",
              "runs": {
                "batter": 0,
                "extras": 0,
                "total": 0
              }
            },
            {
              "batter": "JJ Peirson",
              "bowler": "SW Tait",
              "non_striker": "LMP Simmons",
              "runs": {
                "batter": 0,
                "extras": 0,
                "total": 0
              }
            },
            {
              "batter": "JJ Peirson",
              "bowler": "SW Tait",
              "non_striker": "LMP Simmons",
              "runs": {
                "batter": 0,
                "extras": 0,
                "total": 0
              }
            },
            {
              "batter": "JJ Peirson",
              "bowler": "SW Tait",
              "extras": {
                "wides": 1
              },
              "non_striker": "LMP Simmons",
              "runs": {
                "batter": 0,
                "extras": 1,
                "total": 1
              }
            },
            {
              "batter": "JJ Peirson",
              "bowler": "SW Tait",
              "non_striker": "LMP Simmons",
              "runs": {
                "batter": 1,
                "extras": 0,
                "total": 1
              }
            }
          ]
        },
        {
          "over": 1,
          "deliveries": [
            {
              "batter": "JJ Peirson",
              "bowler": "SL Rainbird",
              "non_striker": "LMP Simmons",
              "runs": {
                "batter": 4,
                "extras": 0,
                "total": 4
              }
            },
            {
              "batter": "JJ Peirson",
              "bowler": "SL Rainbird",
              "non_striker": "LMP Simmons",
              "runs": {
                "batter": 4,
                "extras": 0,
                "total": 4
              }
            },
            {
              "batter": "JJ Peirson",
              "bowler": "SL Rainbird",
              "non_striker": "LMP Simmons",
              "runs": {
                "batter": 4,
                "extras": 0,
                "total": 4
              }
            },
            {
              "batter": "JJ Peirson",
              "bowler": "SL Rainbird",
              "non_striker": "LMP Simmons",
              "runs": {
                "batter": 6,
                "extras": 0,
                "total": 6
              }
            },
            {
              "batter": "JJ Peirson",
              "bowler": "SL Rainbird",
              "non_striker": "LMP Simmons",
              "runs": {
                "batter": 1,
                "extras": 0,
                "total": 1
              }
            },
            {
              "batter": "LMP Simmons",
              "bowler": "SL Rainbird",
              "non_striker": "JJ Peirson",
              "runs": {
                "batter": 0,
                "extras": 0,
                "total": 0
              }
            }
          ]
        },
        {
          "over": 2,
          "deliveries": [
            {
              "batter": "JJ Peirson",
              "bowler": "SW Tait",
              "non_striker": "LMP Simmons",
              "runs": {
                "batter": 0,
                "extras": 0,
                "total": 0
              }
            },
            {
              "batter": "JJ Peirson",
              "bowler": "SW Tait",
              "non_striker": "LMP Simmons",
              "runs": {
                "batter": 0,
                "extras": 0,
                "total": 0
              }
            },
            {
              "batter": "JJ Peirson",
              "bowler": "SW Tait",
              "non_striker": "LMP Simmons",
              "runs": {
                "batter": 0,
                "extras": 0,
                "total": 0
              }
            },
            {
              "batter": "JJ Peirson",
              "bowler": "SW Tait",
              "non_striker": "LMP Simmons",
              "runs": {
                "batter": 2,
                "extras": 0,
                "total": 2
              }
            },
            {
              "batter": "JJ Peirson",
              "bowler": "SW Tait",
              "non_striker": "LMP Simmons",
              "runs": {
                "batter": 0,
                "extras": 0,
                "total": 0
              }
            },
            {
              "batter": "JJ Peirson",
              "bowler": "SW Tait",
              "non_striker": "LMP Simmons",
              "runs": {
                "batter": 2,
                "extras": 0,
                "total": 2
              }
            }
          ]
        },
        {
          "over": 3,
          "deliveries": [
            {
              "batter": "LMP Simmons",
              "bowler": "CA Rose",
              "non_striker": "JJ Peirson",
              "runs": {
                "batter": 0,
                "extras": 0,
                "total": 0
              }
            },
            {
              "batter": "LMP Simmons",
              "bowler": "CA Rose",
              "non_striker": "JJ Peirson",
              "runs": {
                "batter": 4,
                "extras": 0,
                "total": 4
              }
            },
            {
              "batter": "LMP Simmons",
              "bowler": "CA Rose",
              "non_striker": "JJ Peirson",
              "runs": {
                "batter": 0,
                "extras": 0,
                "total": 0
              }
            },
            {
              "batter": "LMP Simmons",
              "bowler": "CA Rose",
              "non_striker": "JJ Peirson",
              "runs": {
                "batter": 0,
                "extras": 0,
                "total": 0
              }
            },
            {
              "batter": "LMP Simmons",
              "bowler": "CA Rose",
              "non_striker": "JJ Peirson",
              "runs": {
                "batter": 1,
                "extras": 0,
                "total": 1
              }
            },
            {
              "batter": "JJ Peirson",
              "bowler": "CA Rose",
              "non_striker": "LMP Simmons",
              "runs": {
                "batter": 1,
                "extras": 0,
                "total": 1
              }
            }
          ]
        },
        {
          "over": 4,
          "deliveries": [
            {
              "batter": "JJ Peirson",
              "bowler": "SL Rainbird",
              "non_striker": "LMP Simmons",
              "runs": {
                "batter": 0,
                "extras": 0,
                "total": 0
              },
              "wickets": [
                {
                  "kind": "caught",
                  "player_out": "JJ Peirson",
                  "fielders": [
                    {
                      "name": "DT Christian"
                    }
                  ]
                }
              ]
            },
            {
              "batter": "LMP Simmons",
              "bowler": "SL Rainbird",
              "non_striker": "JS Floros",
              "runs": {
                "batter": 0,
                "extras": 0,
                "total": 0
              }
            },
            {
              "batter": "LMP Simmons",
              "bowler": "SL Rainbird",
              "non_striker": "JS Floros",
              "runs": {
                "batter": 6,
                "extras": 0,
                "total": 6
              }
            },
            {
              "batter": "LMP Simmons",
              "bowler": "SL Rainbird",
              "non_striker": "JS Floros",
              "runs": {
                "batter": 1,
                "extras": 0,
                "total": 1
              }
            },
            {
              "batter": "JS Floros",
              "bowler": "SL Rainbird",
              "non_striker": "LMP Simmons",
              "runs": {
                "batter": 1,
                "extras": 0,
                "total": 1
              }
            },
            {
              "batter": "LMP Simmons",
              "bowler": "SL Rainbird",
              "non_striker": "JS Floros",
              "runs": {
                "batter": 1,
                "extras": 0,
                "total": 1
              }
            }
          ]
        },
        {
          "over": 5,
          "deliveries": [
            {
              "batter": "LMP Simmons",
              "bowler": "CA Rose",
              "extras": {
                "wides": 1
              },
              "non_striker": "JS Floros",
              "runs": {
                "batter": 0,
                "extras": 1,
                "total": 1
              }
            },
            {
              "batter": "LMP Simmons",
              "bowler": "CA Rose",
              "non_striker": "JS Floros",
              "runs": {
                "batter": 0,
                "extras": 0,
                "total": 0
              }
            },
            {
              "batter": "LMP Simmons",
              "bowler": "CA Rose",
              "non_striker": "JS Floros",
              "runs": {
                "batter": 0,
                "extras": 0,
                "total": 0
              }
            },
            {
              "batter": "LMP Simmons",
              "bowler": "CA Rose",
              "non_striker": "JS Floros",
              "runs": {
                "batter": 1,
                "extras": 0,
                "total": 1
              }
            },
            {
              "batter": "JS Floros",
              "bowler": "CA Rose",
              "non_striker": "LMP Simmons",
              "runs": {
                "batter": 0,
                "extras": 0,
                "total": 0
              }
            },
            {
              "batter": "JS Floros",
              "bowler": "CA Rose",
              "non_striker": "LMP Simmons",
              "runs": {
                "batter": 4,
                "extras": 0,
                "total": 4
              }
            },
            {
              "batter": "JS Floros",
              "bowler": "CA Rose",
              "non_striker": "LMP Simmons",
              "runs": {
                "batter": 4,
                "extras": 0,
                "total": 4
              }
            }
          ]
        },
        {
          "over": 6,
          "deliveries": [
            {
              "batter": "LMP Simmons",
              "bowler": "DT Christian",
              "extras": {
                "legbyes": 2
              },
              "non_striker": "JS Floros",
              "runs": {
                "batter": 0,
                "extras": 2,
                "total": 2
              }
            },
            {
              "batter": "LMP Simmons",
              "bowler": "DT Christian",
              "extras": {
                "legbyes": 1
              },
              "non_striker": "JS Floros",
              "runs": {
                "batter": 0,
                "extras": 1,
                "total": 1
              }
            },
            {
              "batter": "JS Floros",
              "bowler": "DT Christian",
              "non_striker": "LMP Simmons",
              "runs": {
                "batter": 1,
                "extras": 0,
                "total": 1
              }
            },
            {
              "batter": "LMP Simmons",
              "bowler": "DT Christian",
              "non_striker": "JS Floros",
              "runs": {
                "batter": 2,
                "extras": 0,
                "total": 2
              }
            },
            {
              "batter": "LMP Simmons",
              "bowler": "DT Christian",
              "non_striker": "JS Floros",
              "runs": {
                "batter": 0,
                "extras": 0,
                "total": 0
              },
              "wickets": [
                {
                  "kind": "caught",
                  "player_out": "LMP Simmons",
                  "fielders": [
                    {
                      "name": "TD Paine"
                    }
                  ]
                }
              ]
            },
            {
              "batter": "PJ Forrest",
              "bowler": "DT Christian",
              "non_striker": "JS Floros",
              "runs": {
                "batter": 0,
                "extras": 0,
                "total": 0
              }
            }
          ]
        },
        {
          "over": 7,
          "deliveries": [
            {
              "batter": "JS Floros",
              "bowler": "CJ Boyce",
              "non_striker": "PJ Forrest",
              "runs": {
                "batter": 1,
                "extras": 0,
                "total": 1
              }
            },
            {
              "batter": "PJ Forrest",
              "bowler": "CJ Boyce",
              "non_striker": "JS Floros",
              "runs": {
                "batter": 0,
                "extras": 0,
                "total": 0
              }
            },
            {
              "batter": "PJ Forrest",
              "bowler": "CJ Boyce",
              "non_striker": "JS Floros",
              "runs": {
                "batter": 1,
                "extras": 0,
                "total": 1
              }
            },
            {
              "batter": "JS Floros",
              "bowler": "CJ Boyce",
              "non_striker": "PJ Forrest",
              "runs": {
                "batter": 4,
                "extras": 0,
                "total": 4
              }
            },
            {
              "batter": "JS Floros",
              "bowler": "CJ Boyce",
              "non_striker": "PJ Forrest",
              "runs": {
                "batter": 6,
                "extras": 0,
                "total": 6
              }
            },
            {
              "batter": "JS Floros",
              "bowler": "CJ Boyce",
              "non_striker": "PJ Forrest",
              "runs": {
                "batter": 0,
                "extras": 0,
                "total": 0
              }
            }
          ]
        },
        {
          "over": 8,
          "deliveries": [
            {
              "batter": "PJ Forrest",
              "bowler": "DT Christian",
              "non_striker": "JS Floros",
              "runs": {
                "batter": 1,
                "extras": 0,
                "total": 1
              }
            },
            {
              "batter": "JS Floros",
              "bowler": "DT Christian",
              "non_striker": "PJ Forrest",
              "runs": {
                "batter": 0,
                "extras": 0,
                "total": 0
              }
            },
            {
              "batter": "JS Floros",
              "bowler": "DT Christian",
              "non_striker": "PJ Forrest",
              "runs": {
                "batter": 1,
                "extras": 0,
                "total": 1
              }
            },
            {
              "batter": "PJ Forrest",
              "bowler": "DT Christian",
              "non_striker": "JS Floros",
              "runs": {
                "batter": 0,
                "extras": 0,
                "total": 0
              },
              "wickets": [
                {
                  "kind": "caught",
                  "player_out": "PJ Forrest",
                  "fielders": [
                    {
                      "name": "TD Paine"
                    }
                  ]
                }
              ]
            },
            {
              "batter": "CA Lynn",
              "bowler": "DT Christian",
              "non_striker": "JS Floros",
              "runs": {
                "batter": 0,
                "extras": 0,
                "total": 0
              }
            },
            {
              "batter": "CA Lynn",
              "bowler": "DT Christian",
              "non_striker": "JS Floros",
              "runs": {
                "batter": 1,
                "extras": 0,
                "total": 1
              }
            }
          ]
        },
        {
          "over": 9,
          "deliveries": [
            {
              "batter": "CA Lynn",
              "bowler": "SL Rainbird",
              "non_striker": "JS Floros",
              "runs": {
                "batter": 0,
                "extras": 0,
                "total": 0
              },
              "wickets": [
                {
                  "kind": "caught",
                  "player_out": "CA Lynn",
                  "fielders": [
                    {
                      "name": "DT Christian"
                    }
                  ]
                }
              ]
            },
            {
              "batter": "JS Floros",
              "bowler": "SL Rainbird",
              "non_striker": "NJ Reardon",
              "runs": {
                "batter": 1,
                "extras": 0,
                "total": 1
              }
            },
            {
              "batter": "NJ Reardon",
              "bowler": "SL Rainbird",
              "non_striker": "JS Floros",
              "runs": {
                "batter": 0,
                "extras": 0,
                "total": 0
              }
            },
            {
              "batter": "NJ Reardon",
              "bowler": "SL Rainbird",
              "non_striker": "JS Floros",
              "runs": {
                "batter": 0,
                "extras": 0,
                "total": 0
              }
            },
            {
              "batter": "NJ Reardon",
              "bowler": "SL Rainbird",
              "non_striker": "JS Floros",
              "runs": {
                "batter": 0,
                "extras": 0,
                "total": 0
              }
            },
            {
              "batter": "NJ Reardon",
              "bowler": "SL Rainbird",
              "non_striker": "JS Floros",
              "runs": {
                "batter": 1,
                "extras": 0,
                "total": 1
              }
            }
          ]
        },
        {
          "over": 10,
          "deliveries": [
            {
              "batter": "NJ Reardon",
              "bowler": "DT Christian",
              "non_striker": "JS Floros",
              "runs": {
                "batter": 0,
                "extras": 0,
                "total": 0
              }
            },
            {
              "batter": "NJ Reardon",
              "bowler": "DT Christian",
              "non_striker": "JS Floros",
              "runs": {
                "batter": 1,
                "extras": 0,
                "total": 1
              }
            },
            {
              "batter": "JS Floros",
              "bowler": "DT Christian",
              "non_striker": "NJ Reardon",
              "runs": {
                "batter": 0,
                "extras": 0,
                "total": 0
              }
            },
            {
              "batter": "JS Floros",
              "bowler": "DT Christian",
              "non_striker": "NJ Reardon",
              "runs": {
                "batter": 0,
                "extras": 0,
                "total": 0
              }
            },
            {
              "batter": "JS Floros",
              "bowler": "DT Christian",
              "non_striker": "NJ Reardon",
              "runs": {
                "batter": 1,
                "extras": 0,
                "total": 1
              }
            },
            {
              "batter": "NJ Reardon",
              "bowler": "DT Christian",
              "non_striker": "JS Floros",
              "runs": {
                "batter": 1,
                "extras": 0,
                "total": 1
              }
            }
          ]
        },
        {
          "over": 11,
          "deliveries": [
            {
              "batter": "NJ Reardon",
              "bowler": "CA Rose",
              "non_striker": "JS Floros",
              "runs": {
                "batter": 0,
                "extras": 0,
                "total": 0
              }
            },
            {
              "batter": "NJ Reardon",
              "bowler": "CA Rose",
              "non_striker": "JS Floros",
              "runs": {
                "batter": 1,
                "extras": 0,
                "total": 1
              }
            },
            {
              "batter": "JS Floros",
              "bowler": "CA Rose",
              "non_striker": "NJ Reardon",
              "runs": {
                "batter": 1,
                "extras": 0,
                "total": 1
              }
            },
            {
              "batter": "NJ Reardon",
              "bowler": "CA Rose",
              "non_striker": "JS Floros",
              "runs": {
                "batter": 4,
                "extras": 0,
                "total": 4
              }
            },
            {
              "batter": "NJ Reardon",
              "bowler": "CA Rose",
              "non_striker": "JS Floros",
              "runs": {
                "batter": 0,
                "extras": 0,
                "total": 0
              }
            },
            {
              "batter": "NJ Reardon",
              "bowler": "CA Rose",
              "non_striker": "JS Floros",
              "runs": {
                "batter": 4,
                "extras": 0,
                "total": 4
              }
            }
          ]
        },
        {
          "over": 12,
          "deliveries": [
            {
              "batter": "JS Floros",
              "bowler": "DJG Sammy",
              "non_striker": "NJ Reardon",
              "runs": {
                "batter": 1,
                "extras": 0,
                "total": 1
              }
            },
            {
              "batter": "NJ Reardon",
              "bowler": "DJG Sammy",
              "non_striker": "JS Floros",
              "runs": {
                "batter": 0,
                "extras": 0,
                "total": 0
              }
            },
            {
              "batter": "NJ Reardon",
              "bowler": "DJG Sammy",
              "non_striker": "JS Floros",
              "runs": {
                "batter": 1,
                "extras": 0,
                "total": 1
              }
            },
            {
              "batter": "JS Floros",
              "bowler": "DJG Sammy",
              "non_striker": "NJ Reardon",
              "runs": {
                "batter": 1,
                "extras": 0,
                "total": 1
              }
            },
            {
              "batter": "NJ Reardon",
              "bowler": "DJG Sammy",
              "non_striker": "JS Floros",
              "runs": {
                "batter": 1,
                "extras": 0,
                "total": 1
              }
            },
            {
              "batter": "JS Floros",
              "bowler": "DJG Sammy",
              "non_striker": "NJ Reardon",
              "runs": {
                "batter": 6,
                "extras": 0,
                "total": 6
              }
            }
          ]
        },
        {
          "over": 13,
          "deliveries": [
            {
              "batter": "NJ Reardon",
              "bowler": "CJ Boyce",
              "non_striker": "JS Floros",
              "runs": {
                "batter": 1,
                "extras": 0,
                "total": 1
              }
            },
            {
              "batter": "JS Floros",
              "bowler": "CJ Boyce",
              "non_striker": "NJ Reardon",
              "runs": {
                "batter": 6,
                "extras": 0,
                "total": 6
              }
            },
            {
              "batter": "JS Floros",
              "bowler": "CJ Boyce",
              "non_striker": "NJ Reardon",
              "runs": {
                "batter": 1,
                "extras": 0,
                "total": 1
              }
            },
            {
              "batter": "NJ Reardon",
              "bowler": "CJ Boyce",
              "non_striker": "JS Floros",
              "runs": {
                "batter": 1,
                "extras": 0,
                "total": 1
              }
            },
            {
              "batter": "JS Floros",
              "bowler": "CJ Boyce",
              "non_striker": "NJ Reardon",
              "runs": {
                "batter": 2,
                "extras": 0,
                "total": 2
              }
            },
            {
              "batter": "JS Floros",
              "bowler": "CJ Boyce",
              "non_striker": "NJ Reardon",
              "runs": {
                "batter": 0,
                "extras": 0,
                "total": 0
              },
              "wickets": [
                {
                  "kind": "caught",
                  "player_out": "JS Floros",
                  "fielders": [
                    {
                      "name": "SL Rainbird"
                    }
                  ]
                }
              ]
            }
          ]
        },
        {
          "over": 14,
          "deliveries": [
            {
              "batter": "NJ Reardon",
              "bowler": "SW Tait",
              "non_striker": "BCJ Cutting",
              "runs": {
                "batter": 1,
                "extras": 0,
                "total": 1
              }
            },
            {
              "batter": "BCJ Cutting",
              "bowler": "SW Tait",
              "non_striker": "NJ Reardon",
              "runs": {
                "batter": 1,
                "extras": 0,
                "total": 1
              }
            },
            {
              "batter": "NJ Reardon",
              "bowler": "SW Tait",
              "non_striker": "BCJ Cutting",
              "runs": {
                "batter": 2,
                "extras": 0,
                "total": 2
              }
            },
            {
              "batter": "NJ Reardon",
              "bowler": "SW Tait",
              "non_striker": "BCJ Cutting",
              "runs": {
                "batter": 2,
                "extras": 0,
                "total": 2
              }
            },
            {
              "batter": "NJ Reardon",
              "bowler": "SW Tait",
              "non_striker": "BCJ Cutting",
              "runs": {
                "batter": 0,
                "extras": 0,
                "total": 0
              }
            },
            {
              "batter": "NJ Reardon",
              "bowler": "SW Tait",
              "non_striker": "BCJ Cutting",
              "runs": {
                "batter": 1,
                "extras": 0,
                "total": 1
              }
            }
          ]
        },
        {
          "over": 15,
          "deliveries": [
            {
              "batter": "NJ Reardon",
              "bowler": "CJ Boyce",
              "non_striker": "BCJ Cutting",
              "runs": {
                "batter": 4,
                "extras": 0,
                "total": 4
              }
            },
            {
              "batter": "NJ Reardon",
              "bowler": "CJ Boyce",
              "non_striker": "BCJ Cutting",
              "runs": {
                "batter": 1,
                "extras": 0,
                "total": 1
              }
            },
            {
              "batter": "BCJ Cutting",
              "bowler": "CJ Boyce",
              "non_striker": "NJ Reardon",
              "runs": {
                "batter": 1,
                "extras": 0,
                "total": 1
              }
            },
            {
              "batter": "NJ Reardon",
              "bowler": "CJ Boyce",
              "non_striker": "BCJ Cutting",
              "runs": {
                "batter": 1,
                "extras": 0,
                "total": 1
              }
            },
            {
              "batter": "BCJ Cutting",
              "bowler": "CJ Boyce",
              "non_striker": "NJ Reardon",
              "runs": {
                "batter": 0,
                "extras": 0,
                "total": 0
              }
            },
            {
              "batter": "BCJ Cutting",
              "bowler": "CJ Boyce",
              "non_striker": "NJ Reardon",
              "runs": {
                "batter": 1,
                "extras": 0,
                "total": 1
              }
            }
          ]
        },
        {
          "over": 16,
          "deliveries": [
            {
              "batter": "BCJ Cutting",
              "bowler": "DT Christian",
              "non_striker": "NJ Reardon",
              "runs": {
                "batter": 1,
                "extras": 0,
                "total": 1
              }
            },
            {
              "batter": "NJ Reardon",
              "bowler": "DT Christian",
              "non_striker": "BCJ Cutting",
              "runs": {
                "batter": 0,
                "extras": 0,
                "total": 0
              }
            },
            {
              "batter": "NJ Reardon",
              "bowler": "DT Christian",
              "non_striker": "BCJ Cutting",
              "runs": {
                "batter": 6,
                "extras": 0,
                "total": 6
              }
            },
            {
              "batter": "NJ Reardon",
              "bowler": "DT Christian",
              "non_striker": "BCJ Cutting",
              "runs": {
                "batter": 3,
                "extras": 0,
                "total": 3
              }
            },
            {
              "batter": "BCJ Cutting",
              "bowler": "DT Christian",
              "non_striker": "NJ Reardon",
              "runs": {
                "batter": 2,
                "extras": 0,
                "total": 2
              }
            },
            {
              "batter": "BCJ Cutting",
              "bowler": "DT Christian",
              "non_striker": "NJ Reardon",
              "runs": {
                "batter": 1,
                "extras": 0,
                "total": 1
              }
            }
          ]
        },
        {
          "over": 17,
          "deliveries": [
            {
              "batter": "BCJ Cutting",
              "bowler": "SL Rainbird",
              "non_striker": "NJ Reardon",
              "runs": {
                "batter": 1,
                "extras": 0,
                "total": 1
              }
            },
            {
              "batter": "NJ Reardon",
              "bowler": "SL Rainbird",
              "non_striker": "BCJ Cutting",
              "runs": {
                "batter": 4,
                "extras": 0,
                "total": 4
              }
            },
            {
              "batter": "NJ Reardon",
              "bowler": "SL Rainbird",
              "extras": {
                "legbyes": 2
              },
              "non_striker": "BCJ Cutting",
              "runs": {
                "batter": 0,
                "extras": 2,
                "total": 2
              }
            },
            {
              "batter": "NJ Reardon",
              "bowler": "SL Rainbird",
              "extras": {
                "legbyes": 1
              },
              "non_striker": "BCJ Cutting",
              "runs": {
                "batter": 0,
                "extras": 1,
                "total": 1
              }
            },
            {
              "batter": "BCJ Cutting",
              "bowler": "SL Rainbird",
              "non_striker": "NJ Reardon",
              "runs": {
                "batter": 2,
                "extras": 0,
                "total": 2
              }
            },
            {
              "batter": "BCJ Cutting",
              "bowler": "SL Rainbird",
              "non_striker": "NJ Reardon",
              "runs": {
                "batter": 0,
                "extras": 0,
                "total": 0
              },
              "wickets": [
                {
                  "kind": "caught",
                  "player_out": "BCJ Cutting",
                  "fielders": [
                    {
                      "name": "DT Christian"
                    }
                  ]
                }
              ]
            }
          ]
        },
        {
          "over": 18,
          "deliveries": [
            {
              "batter": "JR Hopes",
              "bowler": "SW Tait",
              "non_striker": "NJ Reardon",
              "runs": {
                "batter": 0,
                "extras": 0,
                "total": 0
              }
            },
            {
              "batter": "JR Hopes",
              "bowler": "SW Tait",
              "non_striker": "NJ Reardon",
              "runs": {
                "batter": 0,
                "extras": 0,
                "total": 0
              }
            },
            {
              "batter": "JR Hopes",
              "bowler": "SW Tait",
              "non_striker": "NJ Reardon",
              "runs": {
                "batter": 1,
                "extras": 0,
                "total": 1
              }
            },
            {
              "batter": "NJ Reardon",
              "bowler": "SW Tait",
              "non_striker": "JR Hopes",
              "runs": {
                "batter": 0,
                "extras": 0,
                "total": 0
              },
              "wickets": [
                {
                  "kind": "caught",
                  "player_out": "NJ Reardon",
                  "fielders": [
                    {
                      "name": "BR Dunk"
                    }
                  ]
                }
              ]
            },
            {
              "batter": "JR Hopes",
              "bowler": "SW Tait",
              "non_striker": "JK Lalor",
              "runs": {
                "batter": 4,
                "extras": 0,
                "total": 4
              }
            },
            {
              "batter": "JR Hopes",
              "bowler": "SW Tait",
              "non_striker": "JK Lalor",
              "runs": {
                "batter": 2,
                "extras": 0,
                "total": 2
              }
            }
          ]
        },
        {
          "over": 19,
          "deliveries": [
            {
              "batter": "JK Lalor",
              "bowler": "CA Rose",
              "non_striker": "JR Hopes",
              "runs": {
                "batter": 1,
                "extras": 0,
                "total": 1
              }
            },
            {
              "batter": "JR Hopes",
              "bowler": "CA Rose",
              "non_striker": "JK Lalor",
              "runs": {
                "batter": 0,
                "extras": 0,
                "total": 0
              }
            },
            {
              "batter": "JR Hopes",
              "bowler": "CA Rose",
              "non_striker": "JK Lalor",
              "runs": {
                "batter": 2,
                "extras": 0,
                "total": 2
              }
            },
            {
              "batter": "JR Hopes",
              "bowler": "CA Rose",
              "non_striker": "JK Lalor",
              "runs": {
                "batter": 2,
                "extras": 0,
                "total": 2
              }
            },
            {
              "batter": "JR Hopes",
              "bowler": "CA Rose",
              "non_striker": "JK Lalor",
              "runs": {
                "batter": 2,
                "extras": 0,
                "total": 2
              }
            },
            {
              "batter": "JR Hopes",
              "bowler": "CA Rose",
              "non_striker": "JK Lalor",
              "runs": {
                "batter": 0,
                "extras": 0,
                "total": 0
              },
              "wickets": [
                {
                  "kind": "caught",
                  "player_out": "JR Hopes",
                  "fielders": [
                    {
                      "name": "DT Christian"
                    }
                  ]
                }
              ]
            }
          ]
        }
      ],
      "powerplays": [
        {
          "from": 0.1,
          "to": 5.7,
          "type": "mandatory"
        }
      ],
      "target": {
        "overs": 20,
        "runs": 185
      }
    }
  ]
}