{
  "meta": {
    "data_version": "1.0.0",
    "created": "2017-04-02",
    "revision": 1
  },
  "info": {
    "balls_per_over": 6,
    "dates": [
      "2015-12-28"
    ],
    "event": {
      "match_number": 11,
      "name": "Big Bash League"
    },
    "gender": "male",
    "match_type": "T20",
    "officials": {
      "match_referees": [
        "PL Marshall"
      ],
      "reserve_umpires": [
        "BC Treloar"
      ],
      "tv_umpires": [
        "SJ Nogajski"
      ],
      "umpires": [
        "GA Abood",
        "GJ Davidson"
      ]
    },
    "outcome": {
      "by": {
        "wickets": 7
      },
      "winner": "Sydney Thunder"
    },
    "overs": 20,
    "player_of_match": [
      "JH Kallis"
    ],
    "players": {
      "Adelaide Strikers": [
        "TP Ludeman",
        "CJ Simmons",
        "DPMD Jayawardene",
        "TM Head",
        "BJ Hodge",
        "AI Ross",
        "MG Neser",
        "AU Rashid",
        "KW Richardson",
        "B Laughlin",
        "B Stanlake"
      ],
      "Sydney Thunder": [
        "JH Kallis",
        "AC Blizzard",
        "SR Watson",
        "AD Russell",
        "MEK Hussey",
        "BJ Rohrer",
        "CJ Green",
        "CD Hartley",
        "CJ McKay",
        "GS Sandhu",
        "Fawad Ahmed"
      ]
    },
    "registry": {
      "people": {
        "AC Blizzard": "1efb8a28",
        "AD Russell": "bbd41817",
        "AI Ross": "fb0d68b4",
        "AU Rashid": "249d60c9",
        "B Laughlin": "b2a79f17",
        "B Stanlake": "6834d1f2",
        "BC Treloar": "f7e8ee52",
        "BJ Hodge": "b57f8a9a",
        "BJ Rohrer": "27af6414",
        "CD Hartley": "9a06679d",
        "CJ Green": "19b9f399",
        "CJ McKay": "94eac556",
        "CJ Simmons": "0095ce38",
        "DPMD Jayawardene": "d18f9182",
        "Fawad Ahmed": "22ae3041",
        "GA Abood": "a4af5528",
        "GJ Davidson": "31ad5973",
        "GS Sandhu": "1558d83b",
        "JH Kallis": "86dc8f2e",
        "KW Richardson": "dfc4d8b5",
        "MEK Hussey": "48fd7349",
        "MG Neser": "0164b064",
        "PL Marshall": "c1ca6df3",
        "SJ Nogajski": "9b3f9323",
        "SR Watson": "4329fbb5",
        "TM Head": "12b610c2",
        "TP Ludeman": "c3f7898b"
      }
    },
    "season": "2015/16",
    "team_type": "club",
    "teams": [
      "Sydney Thunder",
      "Adelaide Strikers"
    ],
    "toss": {
      "decision": "bat",
      "winner": "Adelaide Strikers"
    },
    "venue": "Sydney Showground Stadium"
  },
  "innings": [
    {
      "team": "Adelaide Strikers",
      "overs": [
        {
          "over": 0,
          "deliveries": [
            {
              "batter": "TP Ludeman",
              "bowler": "AD Russell",
              "non_striker": "CJ Simmons",
              "runs": {
                "batter": 0,
                "extras": 0,
                "total": 0
              },
              "wickets": [
                {
                  "kind": "caught",
                  "player_out": "TP Ludeman",
                  "fielders": [
                    {
                      "name": "CD Hartley"
                    }
                  ]
                }
              ]
            },
            {
              "batter": "DPMD Jayawardene",
              "bowler": "AD Russell",
              "extras": {
                "wides": 1
              },
              "non_striker": "CJ Simmons",
              "runs": {
                "batter": 0,
                "extras": 1,
                "total": 1
              }
            },
            {
              "batter": "DPMD Jayawardene",
              "bowler": "AD Russell",
              "non_striker": "CJ Simmons",
              "runs": {
                "batter": 0,
                "extras": 0,
                "total": 0
              }
            },
            {
              "batter": "DPMD Jayawardene",
              "bowler": "AD Russell",
              "non_striker": "CJ Simmons",
              "runs": {
                "batter": 0,
                "extras": 0,
                "total": 0
              }
            },
            {
              "batter": "DPMD Jayawardene",
              "bowler": "AD Russell",
              "non_striker": "CJ Simmons",
              "runs": {
                "batter": 1,
                "extras": 0,
                "total": 1
              }
            },
            {
              "batter": "CJ Simmons",
              "bowler": "AD Russell",
              "non_striker": "DPMD Jayawardene",
              "runs": {
                "batter": 0,
                "extras": 0,
                "total": 0
              }
            },
            {
              "batter": "CJ Simmons",
              "bowler": "AD Russell",
              "non_striker": "DPMD Jayawardene",
              "runs": {
                "batter": 1,
                "extras": 0,
                "total": 1
              }
            }
          ]
        },
        {
          "over": 1,
          "deliveries": [
            {
              "batter": "CJ Simmons",
              "bowler": "GS Sandhu",
              "non_striker": "DPMD Jayawardene",
              "runs": {
                "batter": 0,
                "extras": 0,
                "total": 0
              }
            },
            {
              "batter": "CJ Simmons",
              "bowler": "GS Sandhu",
              "non_striker": "DPMD Jayawardene",
              "runs": {
                "batter": 0,
                "extras": 0,
                "total": 0
              },
              "wickets": [
                {
                  "kind": "caught",
                  "player_out": "CJ Simmons",
                  "fielders": [
                    {
                      "name": "BJ Rohrer"
                    }
                  ]
                }
              ]
            },
            {
              "batter": "TM Head",
              "bowler": "GS Sandhu",
              "non_striker": "DPMD Jayawardene",
              "runs": {
                "batter": 0,
                "extras": 0,
                "total": 0
              }
            },
            {
              "batter": "TM Head",
              "bowler": "GS Sandhu",
              "non_striker": "DPMD Jayawardene",
              "runs": {
                "batter": 0,
                "extras": 0,
                "total": 0
              }
            },
            {
              "batter": "TM Head",
              "bowler": "GS Sandhu",
              "non_striker": "DPMD Jayawardene",
              "runs": {
                "batter": 0,
                "extras": 0,
                "total": 0
              }
            },
            {
              "batter": "TM Head",
              "bowler": "GS Sandhu",
              "non_striker": "DPMD Jayawardene",
              "runs": {
                "batter": 0,
                "extras": 0,
                "total": 0
              }
            }
          ]
        },
        {
          "over": 2,
          "deliveries": [
            {
              "batter": "DPMD Jayawardene",
              "bowler": "CJ McKay",
              "non_striker": "TM Head",
              "runs": {
                "batter": 0,
                "extras": 0,
                "total": 0
              }
            },
            {
              "batter": "DPMD Jayawardene",
              "bowler": "CJ McKay",
              "non_striker": "TM Head",
              "runs": {
                "batter": 0,
                "extras": 0,
                "total": 0
              }
            },
            {
              "batter": "DPMD Jayawardene",
              "bowler": "CJ McKay",
              "non_striker": "TM Head",
              "runs": {
                "batter": 0,
                "extras": 0,
                "total": 0
              }
            },
            {
              "batter": "DPMD Jayawardene",
              "bowler": "CJ McKay",
              "non_striker": "TM Head",
              "runs": {
                "batter": 0,
                "extras": 0,
                "total": 0
              }
            },
            {
              "batter": "DPMD Jayawardene",
              "bowler": "CJ McKay",
              "non_striker": "TM Head",
              "runs": {
                "batter": 1,
                "extras": 0,
                "total": 1
              }
            },
            {
              "batter": "TM Head",
              "bowler": "CJ McKay",
              "non_striker": "DPMD Jayawardene",
              "runs": {
                "batter": 0,
                "extras": 0,
                "total": 0
              }
            }
          ]
        },
        {
          "over": 3,
          "deliveries": [
            {
              "batter": "DPMD Jayawardene",
              "bowler": "GS Sandhu",
              "extras": {
                "wides": 1
              },
              "non_striker": "TM Head",
              "runs": {
                "batter": 0,
                "extras": 1,
                "total": 1
              }
            },
            {
              "batter": "DPMD Jayawardene",
              "bowler": "GS Sandhu",
              "non_striker": "TM Head",
              "runs": {
                "batter": 0,
                "extras": 0,
                "total": 0
              }
            },
            {
              "batter": "DPMD Jayawardene",
              "bowler": "GS Sandhu",
              "non_striker": "TM Head",
              "runs": {
                "batter": 2,
                "extras": 0,
                "total": 2
              }
            },
            {
              "batter": "DPMD Jayawardene",
              "bowler": "GS Sandhu",
              "non_striker": "TM Head",
              "runs": {
                "batter": 1,
                "extras": 0,
                "total": 1
              }
            },
            {
              "batter": "TM Head",
              "bowler": "GS Sandhu",
              "non_striker": "DPMD Jayawardene",
              "runs": {
                "batter": 0,
                "extras": 0,
                "total": 0
              }
            },
            {
              "batter": "TM Head",
              "bowler": "GS Sandhu",
              "non_striker": "DPMD Jayawardene",
              "runs": {
                "batter": 6,
                "extras": 0,
                "total": 6
              }
            },
            {
              "batter": "TM Head",
              "bowler": "GS Sandhu",
              "non_striker": "DPMD Jayawardene",
              "runs": {
                "batter": 0,
                "extras": 0,
                "total": 0
              }
            }
          ]
        },
        {
          "over": 4,
          "deliveries": [
            {
              "batter": "DPMD Jayawardene",
              "bowler": "CJ McKay",
              "non_striker": "TM Head",
              "runs": {
                "batter": 1,
                "extras": 0,
                "total": 1
              }
            },
            {
              "batter": "TM Head",
              "bowler": "CJ McKay",
              "non_striker": "DPMD Jayawardene",
              "runs": {
                "batter": 1,
                "extras": 0,
                "total": 1
              }
            },
            {
              "batter": "DPMD Jayawardene",
              "bowler": "CJ McKay",
              "non_striker": "TM Head",
              "runs": {
                "batter": 0,
                "extras": 0,
                "total": 0
              }
            },
            {
              "batter": "DPMD Jayawardene",
              "bowler": "CJ McKay",
              "non_striker": "TM Head",
              "runs": {
                "batter": 0,
                "extras": 0,
                "total": 0
              }
            },
            {
              "batter": "DPMD Jayawardene",
              "bowler": "CJ McKay",
              "non_striker": "TM Head",
              "runs": {
                "batter": 1,
                "extras": 0,
                "total": 1
              }
            },
            {
              "batter": "TM Head",
              "bowler": "CJ McKay",
              "non_striker": "DPMD Jayawardene",
              "runs": {
                "batter": 0,
                "extras": 0,
                "total": 0
              }
            }
          ]
        },
        {
          "over": 5,
          "deliveries": [
            {
              "batter": "DPMD Jayawardene",
              "bowler": "JH Kallis",
              "non_striker": "TM Head",
              "runs": {
                "batter": 0,
                "extras": 0,
                "total": 0
              }
            },
            {
              "batter": "DPMD Jayawardene",
              "bowler": "JH Kallis",
              "non_striker": "TM Head",
              "runs": {
                "batter": 1,
                "extras": 0,
                "total": 1
              }
            },
            {
              "batter": "TM Head",
              "bowler": "JH Kallis",
              "non_striker": "DPMD Jayawardene",
              "runs": {
                "batter": 0,
                "extras": 0,
                "total": 0
              }
            },
            {
              "batter": "TM Head",
              "bowler": "JH Kallis",
              "non_striker": "DPMD Jayawardene",
              "runs": {
                "batter": 4,
                "extras": 0,
                "total": 4
              }
            },
            {
              "batter": "TM Head",
              "bowler": "JH Kallis",
              "non_striker": "DPMD Jayawardene",
              "runs": {
                "batter": 0,
                "extras": 0,
                "total": 0
              }
            },
            {
              "batter": "TM Head",
              "bowler": "JH Kallis",
              "non_striker": "DPMD Jayawardene",
              "runs": {
                "batter": 0,
                "extras": 0,
                "total": 0
              },
              "wickets": [
                {
                  "kind": "caught",
                  "player_out": "TM Head",
                  "fielders": [
                    {
                      "name": "CD Hartley"
                    }
                  ]
                }
              ]
            }
          ]
        },
        {
          "over": 6,
          "deliveries": [
            {
              "batter": "DPMD Jayawardene",
              "bowler": "Fawad Ahmed",
              "non_striker": "BJ Hodge",
              "runs": {
                "batter": 0,
                "extras": 0,
                "total": 0
              }
            },
            {
              "batter": "DPMD Jayawardene",
              "bowler": "Fawad Ahmed",
              "non_striker": "BJ Hodge",
              "runs": {
                "batter": 1,
                "extras": 0,
                "total": 1
              }
            },
            {
              "batter": "BJ Hodge",
              "bowler": "Fawad Ahmed",
              "non_striker": "DPMD Jayawardene",
              "runs": {
                "batter": 0,
                "extras": 0,
                "total": 0
              }
            },
            {
              "batter": "BJ Hodge",
              "bowler": "Fawad Ahmed",
              "non_striker": "DPMD Jayawardene",
              "runs": {
                "batter": 0,
                "extras": 0,
                "total": 0
              }
            },
            {
              "batter": "BJ Hodge",
              "bowler": "Fawad Ahmed",
              "non_striker": "DPMD Jayawardene",
              "runs": {
                "batter": 1,
                "extras": 0,
                "total": 1
              }
            },
            {
              "batter": "DPMD Jayawardene",
              "bowler": "Fawad Ahmed",
              "non_striker": "BJ Hodge",
              "runs": {
                "batter": 1,
                "extras": 0,
                "total": 1
              }
            }
          ]
        },
        {
          "over": 7,
          "deliveries": [
            {
              "batter": "DPMD Jayawardene",
              "bowler": "AD Russell",
              "non_striker": "BJ Hodge",
              "runs": {
                "batter": 0,
                "extras": 0,
                "total": 0
              }
            },
            {
              "batter": "DPMD Jayawardene",
              "bowler": "AD Russell",
              "non_striker": "BJ Hodge",
              "runs": {
                "batter": 4,
                "extras": 0,
                "total": 4
              }
            },
            {
              "batter": "DPMD Jayawardene",
              "bowler": "AD Russell",
              "non_striker": "BJ Hodge",
              "runs": {
                "batter": 1,
                "extras": 0,
                "total": 1
              }
            },
            {
              "batter": "BJ Hodge",
              "bowler": "AD Russell",
              "non_striker": "DPMD Jayawardene",
              "runs": {
                "batter": 4,
                "extras": 0,
                "total": 4
              }
            },
            {
              "batter": "BJ Hodge",
              "bowler": "AD Russell",
              "non_striker": "DPMD Jayawardene",
              "runs": {
                "batter": 0,
                "extras": 0,
                "total": 0
              }
            },
            {
              "batter": "BJ Hodge",
              "bowler": "AD Russell",
              "non_striker": "DPMD Jayawardene",
              "runs": {
                "batter": 4,
                "extras": 0,
                "total": 4
              }
            }
          ]
        },
        {
          "over": 8,
          "deliveries": [
            {
              "batter": "DPMD Jayawardene",
              "bowler": "Fawad Ahmed",
              "non_striker": "BJ Hodge",
              "runs": {
                "batter": 0,
                "extras": 0,
                "total": 0
              }
            },
            {
              "batter": "DPMD Jayawardene",
              "bowler": "Fawad Ahmed",
              "non_striker": "BJ Hodge",
              "runs": {
                "batter": 0,
                "extras": 0,
                "total": 0
              }
            },
            {
              "batter": "DPMD Jayawardene",
              "bowler": "Fawad Ahmed",
              "non_striker": "BJ Hodge",
              "runs": {
                "batter": 2,
                "extras": 0,
                "total": 2
              }
            },
            {
              "batter": "DPMD Jayawardene",
              "bowler": "Fawad Ahmed",
              "non_striker": "BJ Hodge",
              "runs": {
                "batter": 0,
                "extras": 0,
                "total": 0
              }
            },
            {
              "batter": "DPMD Jayawardene",
              "bowler": "Fawad Ahmed",
              "non_striker": "BJ Hodge",
              "runs": {
                "batter": 1,
                "extras": 0,
                "total": 1
              }
            },
            {
              "batter": "BJ Hodge",
              "bowler": "Fawad Ahmed",
              "non_striker": "DPMD Jayawardene",
              "runs": {
                "batter": 0,
                "extras": 0,
                "total": 0
              }
            }
          ]
        },
        {
          "over": 9,
          "deliveries": [
            {
              "batter": "DPMD Jayawardene",
              "bowler": "SR Watson",
              "non_striker": "BJ Hodge",
              "runs": {
                "batter": 1,
                "extras": 0,
                "total": 1
              }
            },
            {
              "batter": "BJ Hodge",
              "bowler": "SR Watson",
              "non_striker": "DPMD Jayawardene",
              "runs": {
                "batter": 1,
                "extras": 0,
                "total": 1
              }
            },
            {
              "batter": "DPMD Jayawardene",
              "bowler": "SR Watson",
              "non_striker": "BJ Hodge",
              "runs": {
                "batter": 1,
                "extras": 0,
                "total": 1
              }
            },
            {
              "batter": "BJ Hodge",
              "bowler": "SR Watson",
              "non_striker": "DPMD Jayawardene",
              "runs": {
                "batter": 0,
                "extras": 0,
                "total": 0
              }
            },
            {
              "batter": "BJ Hodge",
              "bowler": "SR Watson",
              "non_striker": "DPMD Jayawardene",
              "runs": {
                "batter": 2,
                "extras": 0,
                "total": 2
              }
            },
            {
              "batter": "BJ Hodge",
              "bowler": "SR Watson",
              "non_striker": "DPMD Jayawardene",
              "runs": {
                "batter": 1,
                "extras": 0,
                "total": 1
              }
            }
          ]
        },
        {
          "over": 10,
          "deliveries": [
            {
              "batter": "BJ Hodge",
              "bowler": "CJ Green",
              "non_striker": "DPMD Jayawardene",
              "runs": {
                "batter": 0,
                "extras": 0,
                "total": 0
              }
            },
            {
              "batter": "BJ Hodge",
              "bowler": "CJ Green",
              "non_striker": "DPMD Jayawardene",
              "runs": {
                "batter": 0,
                "extras": 0,
                "total": 0
              }
            },
            {
              "batter": "BJ Hodge",
              "bowler": "CJ Green",
              "non_striker": "DPMD Jayawardene",
              "runs": {
                "batter": 0,
                "extras": 0,
                "total": 0
              }
            },
            {
              "batter": "BJ Hodge",
              "bowler": "CJ Green",
              "non_striker": "DPMD Jayawardene",
              "runs": {
                "batter": 1,
                "extras": 0,
                "total": 1
              }
            },
            {
              "batter": "DPMD Jayawardene",
              "bowler": "CJ Green",
              "non_striker": "BJ Hodge",
              "runs": {
                "batter": 1,
                "extras": 0,
                "total": 1
              },
              "wickets": [
                {
                  "kind": "run out",
                  "player_out": "DPMD Jayawardene",
                  "fielders": [
                    {
                      "name": "BJ Rohrer"
                    },
                    {
                      "name": "CD Hartley"
                    }
                  ]
                }
              ]
            },
            {
              "batter": "AI Ross",
              "bowler": "CJ Green",
              "non_striker": "BJ Hodge",
              "runs": {
                "batter": 4,
                "extras": 0,
                "total": 4
              }
            }
          ]
        },
        {
          "over": 11,
          "deliveries": [
            {
              "batter": "BJ Hodge",
              "bowler": "JH Kallis",
              "non_striker": "AI Ross",
              "runs": {
                "batter": 1,
                "extras": 0,
                "total": 1
              }
            },
            {
              "batter": "AI Ross",
              "bowler": "JH Kallis",
              "non_striker": "BJ Hodge",
              "runs": {
                "batter": 0,
                "extras": 0,
                "total": 0
              }
            },
            {
              "batter": "AI Ross",
              "bowler": "JH Kallis",
              "non_striker": "BJ Hodge",
              "runs": {
                "batter": 0,
                "extras": 0,
                "total": 0
              }
            },
            {
              "batter": "AI Ross",
              "bowler": "JH Kallis",
              "non_striker": "BJ Hodge",
              "runs": {
                "batter": 0,
                "extras": 0,
                "total": 0
              }
            },
            {
              "batter": "AI Ross",
              "bowler": "JH Kallis",
              "non_striker": "BJ Hodge",
              "runs": {
                "batter": 1,
                "extras": 0,
                "total": 1
              }
            },
            {
              "batter": "BJ Hodge",
              "bowler": "JH Kallis",
              "non_striker": "AI Ross",
              "runs": {
                "batter": 0,
                "extras": 0,
                "total": 0
              }
            }
          ]
        },
        {
          "over": 12,
          "deliveries": [
            {
              "batter": "AI Ross",
              "bowler": "Fawad Ahmed",
              "non_striker": "BJ Hodge",
              "runs": {
                "batter": 2,
                "extras": 0,
                "total": 2
              }
            },
            {
              "batter": "AI Ross",
              "bowler": "Fawad Ahmed",
              "non_striker": "BJ Hodge",
              "runs": {
                "batter": 0,
                "extras": 0,
                "total": 0
              },
              "wickets": [
                {
                  "kind": "caught",
                  "player_out": "AI Ross",
                  "fielders": [
                    {
                      "name": "MEK Hussey"
                    }
                  ]
                }
              ]
            },
            {
              "batter": "MG Neser",
              "bowler": "Fawad Ahmed",
              "non_striker": "BJ Hodge",
              "runs": {
                "batter": 0,
                "extras": 0,
                "total": 0
              }
            },
            {
              "batter": "MG Neser",
              "bowler": "Fawad Ahmed",
              "non_striker": "BJ Hodge",
              "runs": {
                "batter": 0,
                "extras": 0,
                "total": 0
              }
            },
            {
              "batter": "MG Neser",
              "bowler": "Fawad Ahmed",
              "non_striker": "BJ Hodge",
              "runs": {
                "batter": 1,
                "extras": 0,
                "total": 1
              }
            },
            {
              "batter": "BJ Hodge",
              "bowler": "Fawad Ahmed",
              "non_striker": "MG Neser",
              "runs": {
                "batter": 0,
                "extras": 0,
                "total": 0
              }
            }
          ]
        },
        {
          "over": 13,
          "deliveries": [
            {
              "batter": "MG Neser",
              "bowler": "SR Watson",
              "non_striker": "BJ Hodge",
              "runs": {
                "batter": 0,
                "extras": 0,
                "total": 0
              }
            },
            {
              "batter": "MG Neser",
              "bowler": "SR Watson",
              "non_striker": "BJ Hodge",
              "runs": {
                "batter": 0,
                "extras": 0,
                "total": 0
              }
            },
            {
              "batter": "MG Neser",
              "bowler": "SR Watson",
              "non_striker": "BJ Hodge",
              "runs": {
                "batter": 0,
                "extras": 0,
                "total": 0
              }
            },
            {
              "batter": "MG Neser",
              "bowler": "SR Watson",
              "non_striker": "BJ Hodge",
              "runs": {
                "batter": 1,
                "extras": 0,
                "total": 1
              }
            },
            {
              "batter": "BJ Hodge",
              "bowler": "SR Watson",
              "non_striker": "MG Neser",
              "runs": {
                "batter": 0,
                "extras": 0,
                "total": 0
              }
            },
            {
              "batter": "BJ Hodge",
              "bowler": "SR Watson",
              "non_striker": "MG Neser",
              "runs": {
                "batter": 6,
                "extras": 0,
                "total": 6
              }
            }
          ]
        },
        {
          "over": 14,
          "deliveries": [
            {
              "batter": "MG Neser",
              "bowler": "Fawad Ahmed",
              "non_striker": "BJ Hodge",
              "runs": {
                "batter": 0,
                "extras": 0,
                "total": 0
              },
              "wickets": [
                {
                  "kind": "run out",
                  "player_out": "MG Neser",
                  "fielders": [
                    {
                      "name": "BJ Rohrer"
                    },
                    {
                      "name": "CD Hartley"
                    }
                  ]
                }
              ]
            },
            {
              "batter": "AU Rashid",
              "bowler": "Fawad Ahmed",
              "non_striker": "BJ Hodge",
              "runs": {
                "batter": 1,
                "extras": 0,
                "total": 1
              }
            },
            {
              "batter": "BJ Hodge",
              "bowler": "Fawad Ahmed",
              "non_striker": "AU Rashid",
              "runs": {
                "batter": 0,
                "extras": 0,
                "total": 0
              }
            },
            {
              "batter": "BJ Hodge",
              "bowler": "Fawad Ahmed",
              "non_striker": "AU Rashid",
              "runs": {
                "batter": 1,
                "extras": 0,
                "total": 1
              }
            },
            {
              "batter": "AU Rashid",
              "bowler": "Fawad Ahmed",
              "non_striker": "BJ Hodge",
              "runs": {
                "batter": 3,
                "extras": 0,
                "total": 3
              }
            },
            {
              "batter": "BJ Hodge",
              "bowler": "Fawad Ahmed",
              "non_striker": "AU Rashid",
              "runs": {
                "batter": 0,
                "extras": 0,
                "total": 0
              }
            }
          ]
        },
        {
          "over": 15,
          "deliveries": [
            {
              "batter": "AU Rashid",
              "bowler": "JH Kallis",
              "non_striker": "BJ Hodge",
              "runs": {
                "batter": 0,
                "extras": 0,
                "total": 0
              }
            },
            {
              "batter": "AU Rashid",
              "bowler": "JH Kallis",
              "non_striker": "BJ Hodge",
              "runs": {
                "batter": 4,
                "extras": 0,
                "total": 4
              }
            },
            {
              "batter": "AU Rashid",
              "bowler": "JH Kallis",
              "non_striker": "BJ Hodge",
              "runs": {
                "batter": 3,
                "extras": 0,
                "total": 3
              }
            },
            {
              "batter": "BJ Hodge",
              "bowler": "JH Kallis",
              "non_striker": "AU Rashid",
              "runs": {
                "batter": 0,
                "extras": 0,
                "total": 0
              }
            },
            {
              "batter": "BJ Hodge",
              "bowler": "JH Kallis",
              "non_striker": "AU Rashid",
              "runs": {
                "batter": 0,
                "extras": 0,
                "total": 0
              }
            },
            {
              "batter": "BJ Hodge",
              "bowler": "JH Kallis",
              "non_striker": "AU Rashid",
              "runs": {
                "batter": 1,
                "extras": 0,
                "total": 1
              }
            }
          ]
        },
        {
          "over": 16,
          "deliveries": [
            {
              "batter": "BJ Hodge",
              "bowler": "AD Russell",
              "non_striker": "AU Rashid",
              "runs": {
                "batter": 0,
                "extras": 0,
                "total": 0
              }
            },
            {
              "batter": "BJ Hodge",
              "bowler": "AD Russell",
              "non_striker": "AU Rashid",
              "runs": {
                "batter": 1,
                "extras": 0,
                "total": 1
              }
            },
            {
              "batter": "AU Rashid",
              "bowler": "AD Russell",
              "non_striker": "BJ Hodge",
              "runs": {
                "batter": 0,
                "extras": 0,
                "total": 0
              }
            },
            {
              "batter": "AU Rashid",
              "bowler": "AD Russell",
              "non_striker": "BJ Hodge",
              "runs": {
                "batter": 0,
                "extras": 0,
                "total": 0
              }
            },
            {
              "batter": "AU Rashid",
              "bowler": "AD Russell",
              "non_striker": "BJ Hodge",
              "runs": {
                "batter": 4,
                "extras": 0,
                "total": 4
              }
            },
            {
              "batter": "AU Rashid",
              "bowler": "AD Russell",
              "non_striker": "BJ Hodge",
              "runs": {
                "batter": 1,
                "extras": 0,
                "total": 1
              }
            }
          ]
        },
        {
          "over": 17,
          "deliveries": [
            {
              "batter": "AU Rashid",
              "bowler": "GS Sandhu",
              "non_striker": "BJ Hodge",
              "runs": {
                "batter": 0,
                "extras": 0,
                "total": 0
              }
            },
            {
              "batter": "AU Rashid",
              "bowler": "GS Sandhu",
              "non_striker": "BJ Hodge",
              "runs": {
                "batter": 4,
                "extras": 0,
                "total": 4
              }
            },
            {
              "batter": "AU Rashid",
              "bowler": "GS Sandhu",
              "non_striker": "BJ Hodge",
              "runs": {
                "batter": 1,
                "extras": 0,
                "total": 1
              }
            },
            {
              "batter": "BJ Hodge",
              "bowler": "GS Sandhu",
              "non_striker": "AU Rashid",
              "runs": {
                "batter": 1,
                "extras": 0,
                "total": 1
              }
            },
            {
              "batter": "AU Rashid",
              "bowler": "GS Sandhu",
              "non_striker": "BJ Hodge",
              "runs": {
                "batter": 1,
                "extras": 0,
                "total": 1
              }
            },
            {
              "batter": "BJ Hodge",
              "bowler": "GS Sandhu",
              "non_striker": "AU Rashid",
              "runs": {
                "batter": 6,
                "extras": 0,
                "total": 6
              }
            }
          ]
        },
        {
          "over": 18,
          "deliveries": [
            {
              "batter": "AU Rashid",
              "bowler": "AD Russell",
              "non_striker": "BJ Hodge",
              "runs": {
                "batter": 1,
                "extras": 0,
                "total": 1
              }
            },
            {
              "batter": "BJ Hodge",
              "bowler": "AD Russell",
              "non_striker": "AU Rashid",
              "runs": {
                "batter": 2,
                "extras": 0,
                "total": 2
              }
            },
            {
              "batter": "BJ Hodge",
              "bowler": "AD Russell",
              "non_striker": "AU Rashid",
              "runs": {
                "batter": 1,
                "extras": 0,
                "total": 1
              }
            },
            {
              "batter": "AU Rashid",
              "bowler": "AD Russell",
              "non_striker": "BJ Hodge",
              "runs": {
                "batter": 1,
                "extras": 0,
                "total": 1
              }
            },
            {
              "batter": "BJ Hodge",
              "bowler": "AD Russell",
              "non_striker": "AU Rashid",
              "runs": {
                "batter": 0,
                "extras": 0,
                "total": 0
              },
              "wickets": [
                {
                  "kind": "caught",
                  "player_out": "BJ Hodge",
                  "fielders": [
                    {
                      "name": "CJ Green"
                    }
                  ]
                }
              ]
            },
            {
              "batter": "AU Rashid",
              "bowler": "AD Russell",
              "non_striker": "KW Richardson",
              "runs": {
                "batter": 1,
                "extras": 0,
                "total": 1
              }
            }
          ]
        },
        {
          "over": 19,
          "deliveries": [
            {
              "batter": "AU Rashid",
              "bowler": "CJ McKay",
              "non_striker": "KW Richardson",
              "runs": {
                "batter": 0,
                "extras": 0,
                "total": 0
              }
            },
            {
              "batter": "AU Rashid",
              "bowler": "CJ McKay",
              "non_striker": "KW Richardson",
              "runs": {
                "batter": 0,
                "extras": 0,
                "total": 0
              },
              "wickets": [
                {
                  "kind": "caught",
                  "player_out": "AU Rashid",
                  "fielders": [
                    {
                      "name": "GS Sandhu"
                    }
                  ]
                }
              ]
            },
            {
              "batter": "KW Richardson",
              "bowler": "CJ McKay",
              "non_striker": "B Laughlin",
              "runs": {
                "batter": 6,
                "extras": 0,
                "total": 6
              }
            },
            {
              "batter": "KW Richardson",
              "bowler": "CJ McKay",
              "non_striker": "B Laughlin",
              "runs": {
                "batter": 1,
                "extras": 0,
                "total": 1
              }
            },
            {
              "batter": "B Laughlin",
              "bowler": "CJ McKay",
              "non_striker": "KW Richardson",
              "runs": {
                "batter": 6,
                "extras": 0,
                "total": 6
              }
            },
            {
              "batter": "B Laughlin",
              "bowler": "CJ McKay",
              "extras": {
                "wides": 1
              },
              "non_striker": "KW Richardson",
              "runs": {
                "batter": 0,
                "extras": 1,
                "total": 1
              }
            },
            {
              "batter": "B Laughlin",
              "bowler": "CJ McKay",
              "non_striker": "KW Richardson",
              "runs": {
                "batter": 0,
                "extras": 0,
                "total": 0
              },
              "wickets": [
                {
                  "kind": "bowled",
                  "player_out": "B Laughlin"
                }
              ]
            }
          ]
        }
      ],
      "powerplays": [
        {
          "from": 0.1,
          "to": 5.6,
          "type": "mandatory"
        }
      ]
    },
    {
      "team": "Sydney Thunder",
      "overs": [
        {
          "over": 0,
          "deliveries": [
            {
              "batter": "JH Kallis",
              "bowler": "MG Neser",
              "non_striker": "AC Blizzard",
              "runs": {
                "batter": 0,
                "extras": 0,
                "total": 0
              }
            },
            {
              "batter": "JH Kallis",
              "bowler": "MG Neser",
              "non_striker": "AC Blizzard",
              "runs": {
                "batter": 0,
                "extras": 0,
                "total": 0
              }
            },
            {
              "batter": "JH Kallis",
              "bowler": "MG Neser",
              "non_striker": "AC Blizzard",
              "runs": {
                "batter": 0,
                "extras": 0,
                "total": 0
              }
            },
            {
              "batter": "JH Kallis",
              "bowler": "MG Neser",
              "non_striker": "AC Blizzard",
              "runs": {
                "batter": 4,
                "extras": 0,
                "total": 4
              }
            },
            {
              "batter": "JH Kallis",
              "bowler": "MG Neser",
              "extras": {
                "legbyes": 4
              },
              "non_striker": "AC Blizzard",
              "runs": {
                "batter": 0,
                "extras": 4,
                "total": 4
              }
            },
            {
              "batter": "JH Kallis",
              "bowler": "MG Neser",
              "non_striker": "AC Blizzard",
              "runs": {
                "batter": 0,
                "extras": 0,
                "total": 0
              }
            }
          ]
        },
        {
          "over": 1,
          "deliveries": [
            {
              "batter": "AC Blizzard",
              "bowler": "KW Richardson",
              "non_striker": "JH Kallis",
              "runs": {
                "batter": 2,
                "extras": 0,
                "total": 2
              }
            },
            {
              "batter": "AC Blizzard",
              "bowler": "KW Richardson",
              "non_striker": "JH Kallis",
              "runs": {
                "batter": 1,
                "extras": 0,
                "total": 1
              }
            },
            {
              "batter": "JH Kallis",
              "bowler": "KW Richardson",
              "non_striker": "AC Blizzard",
              "runs": {
                "batter": 1,
                "extras": 0,
                "total": 1
              }
            },
            {
              "batter": "AC Blizzard",
              "bowler": "KW Richardson",
              "non_striker": "JH Kallis",
              "runs": {
                "batter": 2,
                "extras": 0,
                "total": 2
              }
            },
            {
              "batter": "AC Blizzard",
              "bowler": "KW Richardson",
              "non_striker": "JH Kallis",
              "runs": {
                "batter": 1,
                "extras": 0,
                "total": 1
              }
            },
            {
              "batter": "JH Kallis",
              "bowler": "KW Richardson",
              "non_striker": "AC Blizzard",
              "runs": {
                "batter": 2,
                "extras": 0,
                "total": 2
              }
            }
          ]
        },
        {
          "over": 2,
          "deliveries": [
            {
              "batter": "AC Blizzard",
              "bowler": "B Stanlake",
              "non_striker": "JH Kallis",
              "runs": {
                "batter": 0,
                "extras": 0,
                "total": 0
              }
            },
            {
              "batter": "AC Blizzard",
              "bowler": "B Stanlake",
              "non_striker": "JH Kallis",
              "runs": {
                "batter": 2,
                "extras": 0,
                "total": 2
              }
            },
            {
              "batter": "AC Blizzard",
              "bowler": "B Stanlake",
              "non_striker": "JH Kallis",
              "runs": {
                "batter": 4,
                "extras": 0,
                "total": 4
              }
            },
            {
              "batter": "AC Blizzard",
              "bowler": "B Stanlake",
              "non_striker": "JH Kallis",
              "runs": {
                "batter": 0,
                "extras": 0,
                "total": 0
              }
            },
            {
              "batter": "AC Blizzard",
              "bowler": "B Stanlake",
              "non_striker": "JH Kallis",
              "runs": {
                "batter": 0,
                "extras": 0,
                "total": 0
              }
            },
            {
              "batter": "AC Blizzard",
              "bowler": "B Stanlake",
              "non_striker": "JH Kallis",
              "runs": {
                "batter": 4,
                "extras": 0,
                "total": 4
              }
            }
          ]
        },
        {
          "over": 3,
          "deliveries": [
            {
              "batter": "JH Kallis",
              "bowler": "MG Neser",
              "non_striker": "AC Blizzard",
              "runs": {
                "batter": 3,
                "extras": 0,
                "total": 3
              }
            },
            {
              "batter": "AC Blizzard",
              "bowler": "MG Neser",
              "non_striker": "JH Kallis",
              "runs": {
                "batter": 1,
                "extras": 0,
                "total": 1
              }
            },
            {
              "batter": "JH Kallis",
              "bowler": "MG Neser",
              "non_striker": "AC Blizzard",
              "runs": {
                "batter": 4,
                "extras": 0,
                "total": 4
              }
            },
            {
              "batter": "JH Kallis",
              "bowler": "MG Neser",
              "non_striker": "AC Blizzard",
              "runs": {
                "batter": 0,
                "extras": 0,
                "total": 0
              }
            },
            {
              "batter": "JH Kallis",
              "bowler": "MG Neser",
              "non_striker": "AC Blizzard",
              "runs": {
                "batter": 0,
                "extras": 0,
                "total": 0
              }
            },
            {
              "batter": "JH Kallis",
              "bowler": "MG Neser",
              "non_striker": "AC Blizzard",
              "runs": {
                "batter": 0,
                "extras": 0,
                "total": 0
              }
            }
          ]
        },
        {
          "over": 4,
          "deliveries": [
            {
              "batter": "AC Blizzard",
              "bowler": "TM Head",
              "non_striker": "JH Kallis",
              "runs": {
                "batter": 0,
                "extras": 0,
                "total": 0
              }
            },
            {
              "batter": "AC Blizzard",
              "bowler": "TM Head",
              "non_striker": "JH Kallis",
              "runs": {
                "batter": 1,
                "extras": 0,
                "total": 1
              }
            },
            {
              "batter": "JH Kallis",
              "bowler": "TM Head",
              "non_striker": "AC Blizzard",
              "runs": {
                "batter": 2,
                "extras": 0,
                "total": 2
              }
            },
            {
              "batter": "JH Kallis",
              "bowler": "TM Head",
              "non_striker": "AC Blizzard",
              "runs": {
                "batter": 0,
                "extras": 0,
                "total": 0
              }
            },
            {
              "batter": "JH Kallis",
              "bowler": "TM Head",
              "non_striker": "AC Blizzard",
              "runs": {
                "batter": 0,
                "extras": 0,
                "total": 0
              }
            },
            {
              "batter": "JH Kallis",
              "bowler": "TM Head",
              "non_striker": "AC Blizzard",
              "runs": {
                "batter": 1,
                "extras": 0,
                "total": 1
              }
            }
          ]
        },
        {
          "over": 5,
          "deliveries": [
            {
              "batter": "JH Kallis",
              "bowler": "KW Richardson",
              "non_striker": "AC Blizzard",
              "runs": {
                "batter": 0,
                "extras": 0,
                "total": 0
              }
            },
            {
              "batter": "JH Kallis",
              "bowler": "KW Richardson",
              "non_striker": "AC Blizzard",
              "runs": {
                "batter": 0,
                "extras": 0,
                "total": 0
              }
            },
            {
              "batter": "JH Kallis",
              "bowler": "KW Richardson",
              "non_striker": "AC Blizzard",
              "runs": {
                "batter": 0,
                "extras": 0,
                "total": 0
              }
            },
            {
              "batter": "JH Kallis",
              "bowler": "KW Richardson",
              "non_striker": "AC Blizzard",
              "runs": {
                "batter": 0,
                "extras": 0,
                "total": 0
              }
            },
            {
              "batter": "JH Kallis",
              "bowler": "KW Richardson",
              "non_striker": "AC Blizzard",
              "runs": {
                "batter": 1,
                "extras": 0,
                "total": 1
              }
            },
            {
              "batter": "AC Blizzard",
              "bowler": "KW Richardson",
              "non_striker": "JH Kallis",
              "runs": {
                "batter": 1,
                "extras": 0,
                "total": 1
              }
            }
          ]
        },
        {
          "over": 6,
          "deliveries": [
            {
              "batter": "AC Blizzard",
              "bowler": "B Laughlin",
              "non_striker": "JH Kallis",
              "runs": {
                "batter": 2,
                "extras": 0,
                "total": 2
              }
            },
            {
              "batter": "AC Blizzard",
              "bowler": "B Laughlin",
              "non_striker": "JH Kallis",
              "runs": {
                "batter": 1,
                "extras": 0,
                "total": 1
              }
            },
            {
              "batter": "JH Kallis",
              "bowler": "B Laughlin",
              "non_striker": "AC Blizzard",
              "runs": {
                "batter": 1,
                "extras": 0,
                "total": 1
              }
            },
            {
              "batter": "AC Blizzard",
              "bowler": "B Laughlin",
              "extras": {
                "legbyes": 2
              },
              "non_striker": "JH Kallis",
              "runs": {
                "batter": 0,
                "extras": 2,
                "total": 2
              }
            },
            {
              "batter": "AC Blizzard",
              "bowler": "B Laughlin",
              "non_striker": "JH Kallis",
              "runs": {
                "batter": 1,
                "extras": 0,
                "total": 1
              }
            },
            {
              "batter": "JH Kallis",
              "bowler": "B Laughlin",
              "non_striker": "AC Blizzard",
              "runs": {
                "batter": 1,
                "extras": 0,
                "total": 1
              }
            }
          ]
        },
        {
          "over": 7,
          "deliveries": [
            {
              "batter": "JH Kallis",
              "bowler": "B Stanlake",
              "non_striker": "AC Blizzard",
              "runs": {
                "batter": 1,
                "extras": 0,
                "total": 1
              }
            },
            {
              "batter": "AC Blizzard",
              "bowler": "B Stanlake",
              "non_striker": "JH Kallis",
              "runs": {
                "batter": 0,
                "extras": 0,
                "total": 0
              }
            },
            {
              "batter": "AC Blizzard",
              "bowler": "B Stanlake",
              "non_striker": "JH Kallis",
              "runs": {
                "batter": 1,
                "extras": 0,
                "total": 1
              }
            },
            {
              "batter": "JH Kallis",
              "bowler": "B Stanlake",
              "extras": {
                "legbyes": 1
              },
              "non_striker": "AC Blizzard",
              "runs": {
                "batter": 0,
                "extras": 1,
                "total": 1
              }
            },
            {
              "batter": "AC Blizzard",
              "bowler": "B Stanlake",
              "non_striker": "JH Kallis",
              "runs": {
                "batter": 4,
                "extras": 0,
                "total": 4
              }
            },
            {
              "batter": "AC Blizzard",
              "bowler": "B Stanlake",
              "non_striker": "JH Kallis",
              "runs": {
                "batter": 1,
                "extras": 0,
                "total": 1
              }
            }
          ]
        },
        {
          "over": 8,
          "deliveries": [
            {
              "batter": "AC Blizzard",
              "bowler": "AU Rashid",
              "non_striker": "JH Kallis",
              "runs": {
                "batter": 2,
                "extras": 0,
                "total": 2
              }
            },
            {
              "batter": "AC Blizzard",
              "bowler": "AU Rashid",
              "non_striker": "JH Kallis",
              "runs": {
                "batter": 0,
                "extras": 0,
                "total": 0
              }
            },
            {
              "batter": "AC Blizzard",
              "bowler": "AU Rashid",
              "non_striker": "JH Kallis",
              "runs": {
                "batter": 1,
                "extras": 0,
                "total": 1
              }
            },
            {
              "batter": "JH Kallis",
              "bowler": "AU Rashid",
              "non_striker": "AC Blizzard",
              "runs": {
                "batter": 0,
                "extras": 0,
                "total": 0
              }
            },
            {
              "batter": "JH Kallis",
              "bowler": "AU Rashid",
              "non_striker": "AC Blizzard",
              "runs": {
                "batter": 1,
                "extras": 0,
                "total": 1
              }
            },
            {
              "batter": "AC Blizzard",
              "bowler": "AU Rashid",
              "non_striker": "JH Kallis",
              "runs": {
                "batter": 0,
                "extras": 0,
                "total": 0
              }
            }
          ]
        },
        {
          "over": 9,
          "deliveries": [
            {
              "batter": "JH Kallis",
              "bowler": "CJ Simmons",
              "non_striker": "AC Blizzard",
              "runs": {
                "batter": 1,
                "extras": 0,
                "total": 1
              }
            },
            {
              "batter": "AC Blizzard",
              "bowler": "CJ Simmons",
              "non_striker": "JH Kallis",
              "runs": {
                "batter": 2,
                "extras": 0,
                "total": 2
              }
            },
            {
              "batter": "AC Blizzard",
              "bowler": "CJ Simmons",
              "non_striker": "JH Kallis",
              "runs": {
                "batter": 1,
                "extras": 0,
                "total": 1
              }
            },
            {
              "batter": "JH Kallis",
              "bowler": "CJ Simmons",
              "non_striker": "AC Blizzard",
              "runs": {
                "batter": 1,
                "extras": 0,
                "total": 1
              }
            },
            {
              "batter": "AC Blizzard",
              "bowler": "CJ Simmons",
              "non_striker": "JH Kallis",
              "runs": {
                "batter": 0,
                "extras": 0,
                "total": 0
              },
              "wickets": [
                {
                  "kind": "caught",
                  "player_out": "AC Blizzard",
                  "fielders": [
                    {
                      "name": "BJ Hodge"
                    }
                  ]
                }
              ]
            },
            {
              "batter": "SR Watson",
              "bowler": "CJ Simmons",
              "non_striker": "JH Kallis",
              "runs": {
                "batter": 0,
                "extras": 0,
                "total": 0
              }
            }
          ]
        },
        {
          "over": 10,
          "deliveries": [
            {
              "batter": "JH Kallis",
              "bowler": "AU Rashid",
              "non_striker": "SR Watson",
              "runs": {
                "batter": 1,
                "extras": 0,
                "total": 1
              }
            },
            {
              "batter": "SR Watson",
              "bowler": "AU Rashid",
              "non_striker": "JH Kallis",
              "runs": {
                "batter": 0,
                "extras": 0,
                "total": 0
              }
            },
            {
              "batter": "SR Watson",
              "bowler": "AU Rashid",
              "non_striker": "JH Kallis",
              "runs": {
                "batter": 3,
                "extras": 0,
                "total": 3
              }
            },
            {
              "batter": "JH Kallis",
              "bowler": "AU Rashid",
              "non_striker": "SR Watson",
              "runs": {
                "batter": 1,
                "extras": 0,
                "total": 1
              }
            },
            {
              "batter": "SR Watson",
              "bowler": "AU Rashid",
              "non_striker": "JH Kallis",
              "runs": {
                "batter": 0,
                "extras": 0,
                "total": 0
              }
            },
            {
              "batter": "SR Watson",
              "bowler": "AU Rashid",
              "non_striker": "JH Kallis",
              "runs": {
                "batter": 0,
                "extras": 0,
                "total": 0
              }
            }
          ]
        },
        {
          "over": 11,
          "deliveries": [
            {
              "batter": "JH Kallis",
              "bowler": "MG Neser",
              "non_striker": "SR Watson",
              "runs": {
                "batter": 1,
                "extras": 0,
                "total": 1
              }
            },
            {
              "batter": "SR Watson",
              "bowler": "MG Neser",
              "non_striker": "JH Kallis",
              "runs": {
                "batter": 1,
                "extras": 0,
                "total": 1
              }
            },
            {
              "batter": "JH Kallis",
              "bowler": "MG Neser",
              "non_striker": "SR Watson",
              "runs": {
                "batter": 0,
                "extras": 0,
                "total": 0
              }
            },
            {
              "batter": "JH Kallis",
              "bowler": "MG Neser",
              "non_striker": "SR Watson",
              "runs": {
                "batter": 1,
                "extras": 0,
                "total": 1
              }
            },
            {
              "batter": "SR Watson",
              "bowler": "MG Neser",
              "non_striker": "JH Kallis",
              "runs": {
                "batter": 0,
                "extras": 0,
                "total": 0
              }
            },
            {
              "batter": "SR Watson",
              "bowler": "MG Neser",
              "non_striker": "JH Kallis",
              "runs": {
                "batter": 0,
                "extras": 0,
                "total": 0
              }
            }
          ]
        },
        {
          "over": 12,
          "deliveries": [
            {
              "batter": "JH Kallis",
              "bowler": "AU Rashid",
              "non_striker": "SR Watson",
              "runs": {
                "batter": 6,
                "extras": 0,
                "total": 6
              }
            },
            {
              "batter": "JH Kallis",
              "bowler": "AU Rashid",
              "non_striker": "SR Watson",
              "runs": {
                "batter": 6,
                "extras": 0,
                "total": 6
              }
            },
            {
              "batter": "JH Kallis",
              "bowler": "AU Rashid",
              "non_striker": "SR Watson",
              "runs": {
                "batter": 1,
                "extras": 0,
                "total": 1
              }
            },
            {
              "batter": "SR Watson",
              "bowler": "AU Rashid",
              "non_striker": "JH Kallis",
              "runs": {
                "batter": 1,
                "extras": 0,
                "total": 1
              }
            },
            {
              "batter": "JH Kallis",
              "bowler": "AU Rashid",
              "non_striker": "SR Watson",
              "runs": {
                "batter": 1,
                "extras": 0,
                "total": 1
              }
            },
            {
              "batter": "SR Watson",
              "bowler": "AU Rashid",
              "non_striker": "JH Kallis",
              "runs": {
                "batter": 4,
                "extras": 0,
                "total": 4
              }
            }
          ]
        },
        {
          "over": 13,
          "deliveries": [
            {
              "batter": "JH Kallis",
              "bowler": "B Stanlake",
              "non_striker": "SR Watson",
              "runs": {
                "batter": 0,
                "extras": 0,
                "total": 0
              }
            },
            {
              "batter": "JH Kallis",
              "bowler": "B Stanlake",
              "non_striker": "SR Watson",
              "runs": {
                "batter": 0,
                "extras": 0,
                "total": 0
              }
            },
            {
              "batter": "JH Kallis",
              "bowler": "B Stanlake",
              "non_striker": "SR Watson",
              "runs": {
                "batter": 0,
                "extras": 0,
                "total": 0
              }
            },
            {
              "batter": "JH Kallis",
              "bowler": "B Stanlake",
              "non_striker": "SR Watson",
              "runs": {
                "batter": 1,
                "extras": 0,
                "total": 1
              }
            },
            {
              "batter": "SR Watson",
              "bowler": "B Stanlake",
              "non_striker": "JH Kallis",
              "runs": {
                "batter": 0,
                "extras": 0,
                "total": 0
              }
            },
            {
              "batter": "SR Watson",
              "bowler": "B Stanlake",
              "non_striker": "JH Kallis",
              "runs": {
                "batter": 0,
                "extras": 0,
                "total": 0
              }
            }
          ]
        },
        {
          "over": 14,
          "deliveries": [
            {
              "batter": "JH Kallis",
              "bowler": "B Laughlin",
              "non_striker": "SR Watson",
              "runs": {
                "batter": 0,
                "extras": 0,
                "total": 0
              }
            },
            {
              "batter": "JH Kallis",
              "bowler": "B Laughlin",
              "non_striker": "SR Watson",
              "runs": {
                "batter": 1,
                "extras": 0,
                "total": 1
              }
            },
            {
              "batter": "SR Watson",
              "bowler": "B Laughlin",
              "non_striker": "JH Kallis",
              "runs": {
                "batter": 0,
                "extras": 0,
                "total": 0
              }
            },
            {
              "batter": "SR Watson",
              "bowler": "B Laughlin",
              "non_striker": "JH Kallis",
              "runs": {
                "batter": 4,
                "extras": 0,
                "total": 4
              }
            },
            {
              "batter": "SR Watson",
              "bowler": "B Laughlin",
              "non_striker": "JH Kallis",
              "runs": {
                "batter": 0,
                "extras": 0,
                "total": 0
              },
              "wickets": [
                {
                  "kind": "bowled",
                  "player_out": "SR Watson"
                }
              ]
            },
            {
              "batter": "AD Russell",
              "bowler": "B Laughlin",
              "non_striker": "JH Kallis",
              "runs": {
                "batter": 1,
                "extras": 0,
                "total": 1
              }
            }
          ]
        },
        {
          "over": 15,
          "deliveries": [
            {
              "batter": "AD Russell",
              "bowler": "AU Rashid",
              "non_striker": "JH Kallis",
              "runs": {
                "batter": 0,
                "extras": 0,
                "total": 0
              }
            },
            {
              "batter": "AD Russell",
              "bowler": "AU Rashid",
              "non_striker": "JH Kallis",
              "runs": {
                "batter": 1,
                "extras": 0,
                "total": 1
              }
            },
            {
              "batter": "JH Kallis",
              "bowler": "AU Rashid",
              "non_striker": "AD Russell",
              "runs": {
                "batter": 0,
                "extras": 0,
                "total": 0
              }
            },
            {
              "batter": "JH Kallis",
              "bowler": "AU Rashid",
              "non_striker": "AD Russell",
              "runs": {
                "batter": 1,
                "extras": 0,
                "total": 1
              }
            },
            {
              "batter": "AD Russell",
              "bowler": "AU Rashid",
              "non_striker": "JH Kallis",
              "runs": {
                "batter": 6,
                "extras": 0,
                "total": 6
              }
            },
            {
              "batter": "AD Russell",
              "bowler": "AU Rashid",
              "non_striker": "JH Kallis",
              "runs": {
                "batter": 3,
                "extras": 0,
                "total": 3
              }
            }
          ]
        },
        {
          "over": 16,
          "deliveries": [
            {
              "batter": "AD Russell",
              "bowler": "B Laughlin",
              "non_striker": "JH Kallis",
              "runs": {
                "batter": 6,
                "extras": 0,
                "total": 6
              }
            },
            {
              "batter": "AD Russell",
              "bowler": "B Laughlin",
              "non_striker": "JH Kallis",
              "runs": {
                "batter": 0,
                "extras": 0,
                "total": 0
              },
              "wickets": [
                {
                  "kind": "caught",
                  "player_out": "AD Russell",
                  "fielders": [
                    {
                      "name": "AI Ross"
                    }
                  ]
                }
              ]
            },
            {
              "batter": "JH Kallis",
              "bowler": "B Laughlin",
              "non_striker": "MEK Hussey",
              "runs": {
                "batter": 4,
                "extras": 0,
                "total": 4
              }
            }
          ]
        }
      ],
      "powerplays": [
        {
          "from": 0.1,
          "to": 5.6,
          "type": "mandatory"
        }
      ],
      "target": {
        "overs": 20,
        "runs": 118
      }
    }
  ]
}